Rk,Player,Nation,Pos,Team,Comp,Age,90s,Min,Ht.,Wt.,Ast,Blocks,Carries,Clr,Cmp%,CS,CS%,Dis,Err,G+A,G-PK,GA,Gls,Int,KP,Mis,npxG,PKA,PKsv,PPA,PrgC,PrgP,PrgR,Recov,Save%,Saves,Tkl,Tkl+Int,TklW,Touches,xAG,xG
1,Martín Zubimendi,ESP,MF,Arsenal,Premier League,26,10.4,937,1.8,77.0,1,13,446,19,88.7,,,3,1,3,2,,2,12,9,11,0.5,,,9,11,65,10,34,,,21,33,11,801,0.8,0.5
2,Igor Zubeldia,ESP,DF,Real Sociedad,La Liga,28,12.0,1080,1.85,78.0,0,10,422,82,86.0,,,1,1,0,0,,0,13,4,4,0.2,,,0,4,42,0,35,,,16,29,7,748,0.3,0.2
3,Yanis Zouaoui,ALG,DF,Le Havre,Ligue 1,31,9.7,873,1.83,72.0,1,5,325,23,70.9,,,9,0,1,0,,0,11,10,12,0.3,,,7,22,36,25,42,,,13,24,9,633,0.6,0.3
4,Nadir Zortea,ITA,DF,Bologna,Serie A,26,4.6,411,1.75,70.0,0,5,150,8,80.4,,,6,0,0,0,,0,4,6,3,0.1,,,6,10,22,14,15,,,6,10,5,293,0.6,0.1
5,Alessio Zerbin,ITA,DFMF,Cremonese,Serie A,26,5.8,520,1.82,80.0,1,5,130,10,72.4,,,5,0,1,0,,0,0,3,11,0.4,,,4,14,18,25,23,,,18,18,8,268,0.7,0.4
6,Aaron Zehnter,GER,DF,Wolfsburg,Bundesliga,20,6.0,539,1.8,69.0,0,7,177,16,78.2,,,0,0,1,1,,1,10,6,3,0.3,,,2,9,9,18,26,,,3,13,2,343,0.4,0.3
7,Bryan Zaragoza,ESP,FWMF,Celta Vigo,La Liga,23,5.7,515,ND,ND,0,2,184,4,67.2,,,3,1,0,0,,0,1,7,16,0.7,,,9,35,14,64,17,,,8,9,5,281,0.8,0.7
8,Davide Zappacosta,ITA,DF,Atalanta,Serie A,33,7.2,648,1.82,70.0,1,5,261,11,83.3,,,4,0,1,0,,0,8,10,4,0.4,,,7,17,31,62,29,,,3,11,2,450,1.0,0.4
9,Gabriele Zappa,ITA,DF,Cagliari,Serie A,25,6.7,603,1.87,77.0,0,7,245,25,83.9,,,1,0,0,0,,0,7,2,7,0.1,,,3,9,33,10,19,,,9,16,6,458,0.2,0.1
10,Alessandro Zanoli,ITA,DF,2 Teams,Serie A,24,5.9,535,1.88,76.0,1,10,139,16,79.3,,,1,0,1,0,,0,0,7,8,0.0,,,6,14,4,30,19,,,11,11,8,291,0.5,0.0
11,Nicolò Zaniolo,ITA,FW,Udinese,Serie A,26,6.1,552,1.9,83.0,0,3,138,0,73.0,,,10,0,3,3,,3,3,8,29,1.9,,,4,12,18,21,21,,,6,9,5,242,0.4,1.9
12,Andre-Frank Zambo Anguissa,CMR,MF,Napoli,Serie A,29,10.4,933,1.84,79.0,1,8,345,12,82.8,,,15,1,5,4,,4,10,10,19,2.3,,,10,10,40,43,53,,,15,25,12,623,1.3,2.3
13,Nicola Zalewski,POL,DF,Atalanta,Serie A,23,4.7,421,1.64,64.0,1,2,146,12,66.4,,,4,0,2,1,,1,3,4,6,0.3,,,5,18,14,23,32,,,9,12,6,281,0.5,0.3
14,Warren Zaïre-Emery,FRA,MFDF,Paris S-G,Ligue 1,19,10.0,898,1.78,68.0,1,13,610,6,94.0,,,12,0,2,1,,1,6,17,13,0.4,,,9,34,78,42,44,,,15,21,10,914,1.6,0.4
15,Mattia Zaccagni,ITA,FW,Lazio,Serie A,30,9.6,860,1.76,63.0,0,10,300,4,79.2,,,15,0,3,3,,3,11,10,22,2.0,,,8,25,24,58,38,,,15,26,2,433,1.1,2.0
16,Illia Zabarnyi,UKR,DF,Paris S-G,Ligue 1,22,10.3,923,1.89,81.0,0,6,673,39,93.6,,,2,1,1,1,,1,8,3,7,0.1,,,1,7,55,9,45,,,13,21,9,988,0.1,0.1
17,Leny Yoro,FRA,DF,Manchester Utd,Premier League,19,7.1,642,1.85,80.0,0,5,244,27,86.4,,,5,1,0,0,,0,11,1,3,0.3,,,2,6,27,3,22,,,11,22,6,440,0.0,0.3
18,Darlin Yongwa,CMR,DF,Lorient,Ligue 1,24,4.8,434,1.77,65.0,0,6,205,11,77.0,,,6,0,0,0,,0,7,4,9,0.2,,,8,18,32,19,18,,,8,15,6,337,0.8,0.2
19,Kenan Yıldız,TUR,MFFW,Juventus,Serie A,20,9.1,823,ND,ND,3,4,316,3,78.1,,,17,1,5,1,,2,3,24,29,1.5,,,16,45,35,68,39,,,7,10,0,495,2.3,2.3
20,Terry Yegbe,GHA,DF,Metz,Ligue 1,24,9.3,841,ND,ND,0,8,384,57,84.3,,,0,3,0,0,,0,11,2,9,0.2,,,0,1,16,1,25,,,9,20,6,640,0.1,0.2
21,Yehor Yarmoliuk,UKR,MF,Brentford,Premier League,21,9.7,869,1.8,72.0,1,23,234,12,80.4,,,5,0,1,0,,0,6,7,11,0.3,,,5,11,32,10,64,,,23,29,16,482,0.3,0.3
22,Lamine Yamal,ESP,FW,Barcelona,La Liga,18,7.0,632,ND,ND,4,2,326,1,76.7,,,9,0,8,3,,4,3,13,17,1.8,,,18,51,32,67,26,,,11,14,8,497,1.8,2.6
23,Granit Xhaka,SUI,MF,Sunderland,Premier League,32,11.0,990,1.85,82.0,3,13,388,42,80.2,,,7,2,4,1,,1,13,16,8,0.4,,,7,7,62,10,50,,,23,36,13,741,1.5,0.4
24,Chris Wood,NZL,FW,Nott'ham Forest,Premier League,33,6.0,540,1.91,82.0,0,1,48,5,66.7,,,2,1,2,2,,2,0,3,11,2.7,,,1,0,7,16,7,,,1,1,1,119,0.2,2.7
25,Nick Woltemade,GER,FW,2 Teams,2 Comps,23,7.8,702,1.87,80.0,0,4,136,9,75.8,,,21,0,4,3,,4,2,5,24,2.2,,,4,5,11,31,14,,,8,10,5,210,0.4,3.0
26,Axel Witsel,BEL,MF,Girona,La Liga,36,8.1,725,1.86,81.0,0,6,282,19,88.5,,,8,0,1,1,,1,6,5,7,0.7,,,1,8,36,10,45,,,12,18,10,454,0.2,0.7
27,Florian Wirtz,GER,MFFW,Liverpool,Premier League,22,7.7,689,1.75,68.0,0,12,250,4,76.5,,,10,1,0,0,,0,3,16,13,1.3,,,13,21,48,53,31,,,11,14,9,444,1.1,1.3
28,Patrick Wimmer,AUT,FW,Wolfsburg,Bundesliga,24,4.9,444,1.82,76.0,1,9,117,8,66.9,,,12,0,1,0,,0,6,3,12,0.6,,,3,7,13,21,17,,,9,15,5,209,0.2,0.6
29,Harry Wilson,WAL,FWMF,Fulham,Premier League,28,7.3,654,1.73,70.0,0,3,171,14,72.6,,,3,0,2,2,,2,3,8,13,1.1,,,4,8,14,50,25,,,12,15,6,288,0.3,1.1
30,Nico Williams,ESP,FW,Athletic Club,La Liga,23,5.9,535,1.8,67.0,1,7,185,2,72.1,,,13,0,3,1,,2,0,9,22,1.0,,,12,29,17,59,26,,,6,6,4,293,1.1,1.8
31,Neco Williams,WAL,DF,Nott'ham Forest,Premier League,24,11.0,990,1.83,76.0,0,15,369,22,77.7,,,9,0,1,1,,1,11,9,17,0.8,,,5,25,49,55,48,,,33,44,22,726,0.6,0.8
32,Iñaki Williams,GHA,FW,Athletic Club,La Liga,31,7.5,672,1.86,77.0,0,4,149,2,63.8,,,7,0,1,0,,1,0,6,27,1.5,,,5,17,12,61,19,,,3,3,2,248,0.5,2.3
33,Mats Wieffer,NED,DF,Brighton,Premier League,25,7.1,641,ND,ND,2,9,204,28,82.5,,,9,0,2,0,,0,5,8,8,0.2,,,4,14,42,23,40,,,30,35,20,478,1.7,0.2
34,Adam Wharton,ENG,MF,Crystal Palace,Premier League,21,7.7,695,ND,ND,0,6,199,10,75.9,,,6,0,0,0,,0,8,14,7,0.3,,,8,9,39,8,36,,,12,20,9,375,2.2,0.3
35,Wesley,BRA,DFMF,Roma,Serie A,21,9.4,848,ND,ND,0,9,339,21,78.7,,,9,0,1,1,,1,4,11,19,0.8,,,9,23,28,79,39,,,19,23,11,610,1.7,0.8
36,Danny Welbeck,ENG,FW,Brighton,Premier League,34,7.9,712,1.85,72.0,0,4,127,8,77.4,,,11,1,6,6,,6,1,8,16,3.4,,,1,5,8,24,15,,,6,7,4,215,0.3,4.2
37,Timothy Weah,USA,DFFW,Marseille,Ligue 1,25,5.8,521,1.85,67.0,1,2,196,8,85.7,,,1,0,1,0,,0,4,8,8,0.3,,,6,17,18,59,14,,,15,19,11,327,0.4,0.3
38,Ollie Watkins,ENG,FW,Aston Villa,Premier League,29,9.6,866,1.8,70.0,0,6,133,5,73.0,,,11,0,1,1,,1,2,6,17,2.3,,,3,17,13,61,18,,,5,7,2,237,0.5,2.3
39,James Ward-Prowse,ENG,MF,West Ham,Premier League,30,4.6,413,1.73,66.0,0,5,100,3,84.9,,,0,0,0,0,,0,5,12,5,0.1,,,5,1,20,8,9,,,4,9,2,246,0.9,0.1
40,Aaron Wan-Bissaka,COD,DF,West Ham,Premier League,27,6.2,561,1.82,72.0,0,8,172,28,79.1,,,4,1,0,0,,0,10,3,7,0.0,,,7,12,19,34,16,,,7,17,5,386,0.2,0.0
41,Sebastian Walukiewicz,POL,DF,Sassuolo,Serie A,25,9.4,844,1.88,82.0,0,5,246,32,83.4,,,7,0,0,0,,0,5,8,14,0.0,,,7,14,28,13,30,,,15,20,10,520,0.5,0.0
42,Kyle Walker-Peters,ENG,DF,West Ham,Premier League,28,5.2,470,1.73,63.0,0,7,156,17,84.5,,,5,0,1,1,,1,0,3,1,1.1,,,3,13,16,21,23,,,10,10,6,302,0.1,1.1
43,Kyle Walker,ENG,DF,Burnley,Premier League,35,11.0,990,1.78,73.0,1,20,304,53,68.8,,,7,0,1,0,,0,14,2,15,0.1,,,3,15,26,16,61,,,20,34,11,682,0.4,0.1
44,Hauke Wahl,GER,DF,St. Pauli,Bundesliga,31,9.0,810,1.89,77.0,0,6,334,35,86.5,,,2,2,1,1,,1,2,3,3,0.2,,,2,11,50,7,31,,,12,14,8,700,0.1,0.2
45,Luka Vušković,CRO,DF,2 Teams,2 Comps,18,8.0,720,ND,ND,0,19,346,78,85.0,,,8,1,1,1,,1,8,6,4,0.8,,,0,5,26,5,35,,,5,13,3,634,0.2,0.8
46,Aster Vranckx,BEL,MF,Sassuolo,Serie A,22,4.9,445,1.83,78.0,0,5,119,7,81.1,,,4,0,0,0,,0,0,1,11,0.0,,,1,3,8,8,10,,,9,9,4,206,0.0,0.0
47,Mërgim Vojvoda,KVX,FWDF,Como,Serie A,30,5.5,498,1.87,71.0,0,5,175,11,78.4,,,2,0,1,1,,1,4,7,7,0.8,,,5,13,21,30,22,,,2,6,2,293,0.8,0.8
48,Nikola Vlašić,CRO,MFFW,Torino,Serie A,27,8.4,753,1.78,76.0,0,12,199,5,83.5,,,18,0,0,0,,0,2,12,11,0.6,,,16,15,41,41,44,,,13,15,6,356,0.7,0.6
49,Dušan Vlahović,SRB,FW,Juventus,Serie A,25,6.3,563,1.9,83.0,0,3,101,3,68.5,,,14,0,3,2,,3,1,4,23,2.7,,,3,7,8,47,8,,,3,4,3,182,0.4,3.5
50,Daniel Vivian,ESP,DF,Athletic Club,La Liga,26,10.7,960,1.83,83.0,0,9,342,61,85.5,,,5,1,0,0,,0,13,3,11,0.6,,,0,5,46,2,40,,,19,32,12,679,0.4,0.6
51,Vitinha,POR,MF,Paris S-G,Ligue 1,25,8.7,787,1.72,64.0,6,5,903,7,93.6,,,5,0,7,1,,1,4,16,6,0.5,,,16,35,128,14,54,,,9,13,8,1264,1.5,0.5
52,Vitinha,POR,MF,Paris S-G,Ligue 1,25,8.7,787,1.78,74.0,6,5,903,7,93.6,,,5,0,7,1,,1,4,16,6,0.5,,,16,35,128,14,54,,,9,13,8,1264,1.5,0.5
53,Federico Viñas,URU,FW,Oviedo,La Liga,27,5.5,498,1.8,80.0,0,2,76,6,72.8,,,5,0,1,0,,1,4,4,19,0.8,,,2,2,8,20,20,,,13,17,10,163,0.5,1.5
54,Nacho Vidal,ESP,DF,Oviedo,La Liga,30,7.9,709,1.8,74.0,0,5,216,39,80.7,,,1,2,0,0,,0,9,0,9,0.5,,,3,9,10,18,25,,,13,22,10,439,0.0,0.5
55,Carlos Vicente,ESP,MFFW,Alavés,La Liga,26,8.3,749,ND,ND,0,12,266,10,71.1,,,3,0,3,0,,3,4,14,19,0.5,,,10,22,17,81,33,,,21,25,14,483,1.6,2.9
56,Unai Vencedor Paris,ESP,MF,2 Teams,La Liga,24,4.8,432,1.76,74.0,0,8,153,6,79.8,,,2,0,0,0,,0,4,6,3,0.0,,,5,1,21,2,26,,,14,18,10,270,0.9,0.0
57,Micky van de Ven,NED,DF,Tottenham,Premier League,24,10.9,979,1.93,81.0,0,9,433,37,91.7,,,1,1,3,3,,3,12,2,5,1.6,,,1,5,32,2,41,,,13,25,7,756,0.1,1.6
58,Renato Veiga,POR,DF,Villarreal,La Liga,22,8.8,795,ND,ND,0,15,362,50,89.8,,,0,0,0,0,,0,4,1,6,0.1,,,1,2,23,2,25,,,3,7,0,569,0.0,0.1
59,Danilo Veiga,POR,DF,Lecce,Serie A,22,8.5,762,1.83,83.0,1,7,199,36,74.3,,,5,3,1,0,,0,9,6,10,0.1,,,9,13,33,30,22,,,23,32,12,480,0.2,0.1
60,Franco Vázquez,ARG,FWMF,Cremonese,Serie A,36,4.5,408,1.87,80.0,0,2,121,2,72.8,,,13,0,1,1,,1,1,7,12,1.4,,,3,4,22,29,17,,,13,14,7,224,0.8,1.4
61,José Luis García Vayá,ESP,MF,Valencia,La Liga,26,7.8,705,1.86,80.0,0,6,265,19,81.4,,,1,0,0,0,,0,9,7,6,0.4,,,5,1,47,7,32,,,26,35,12,540,0.3,0.4
62,Johan Vásquez,MEX,DF,Genoa,Serie A,26,11.0,990,1.82,72.0,0,10,437,52,85.2,,,4,0,0,0,,0,13,2,2,0.4,,,1,11,44,2,35,,,13,26,8,745,0.2,0.5
63,Ruben Vargas,SUI,FWMF,Sevilla,La Liga,26,9.0,810,1.74,68.0,4,2,250,7,66.9,,,9,0,7,2,,3,4,11,26,1.1,,,8,30,29,47,47,,,9,13,8,432,1.4,1.9
64,Jamie Vardy,ENG,FW,Cremonese,Serie A,38,5.7,515,1.78,76.0,0,1,45,5,50.0,,,5,0,2,2,,2,0,3,10,1.4,,,2,10,5,24,6,,,5,5,5,100,0.1,1.4
65,Charles Vanhoutte,BEL,MF,Nice,Ligue 1,26,8.0,716,1.82,76.0,2,13,237,25,80.5,,,2,0,2,0,,0,8,5,10,0.0,,,3,4,36,11,39,,,18,26,11,484,0.3,0.0
66,Jari Vandeputte,BEL,MF,Cremonese,Serie A,29,8.2,734,1.74,69.0,4,10,250,18,72.2,,,10,1,4,0,,0,7,22,8,0.4,,,11,12,44,32,38,,,15,22,10,467,2.4,0.4
67,Vladyslav Vanat,UKR,FW,Girona,La Liga,23,7.0,632,1.82,69.0,0,6,70,9,72.3,,,5,1,2,2,,2,1,5,12,2.1,,,2,5,6,20,9,,,3,4,3,145,0.7,2.1
68,Virgil van Dijk,NED,DF,Liverpool,Premier League,34,11.0,990,1.93,87.0,0,14,550,96,89.8,,,1,1,0,0,,0,10,2,6,0.4,,,2,13,65,8,25,,,7,17,4,965,0.1,0.4
69,Federico Valverde,URU,MFDF,Real Madrid,La Liga,27,11.0,988,1.83,72.0,4,11,427,22,89.7,,,4,1,4,0,,0,11,16,5,1.0,,,13,17,72,37,49,,,20,31,13,827,1.4,1.0
70,Álex Valle,ESP,DF,Como,Serie A,21,8.4,756,ND,ND,1,12,248,23,82.7,,,1,0,1,0,,0,10,3,11,0.5,,,4,7,29,19,23,,,22,32,15,584,0.3,0.5
71,Martin Valjent,SVK,DF,Mallorca,La Liga,29,12.0,1080,1.86,78.0,0,15,365,71,84.6,,,1,1,0,0,,0,6,1,5,0.3,,,1,9,36,8,30,,,19,25,12,659,0.0,0.3
72,Emanuele Valeri,ITA,DF,Parma,Serie A,26,5.5,498,1.8,78.0,1,3,113,11,55.6,,,5,0,1,0,,0,3,13,10,0.1,,,8,13,14,20,16,,,12,15,10,277,0.8,0.1
73,Germán Valera,ESP,FWMF,Elche,La Liga,23,8.6,772,1.7,71.0,1,6,301,14,82.0,,,10,1,2,1,,1,5,11,13,0.7,,,9,26,29,68,42,,,18,23,12,494,0.9,0.7
74,Óscar Valentín,ESP,MF,Rayo Vallecano,La Liga,30,6.4,576,1.77,64.0,0,14,151,22,88.7,,,1,0,0,0,,0,8,0,9,0.1,,,1,3,31,4,27,,,25,33,15,336,0.0,0.1
75,Lautaro Valenti,ARG,DF,Parma,Serie A,26,6.5,588,1.88,80.0,0,8,144,34,72.4,,,3,0,0,0,,0,8,5,5,0.1,,,0,5,13,0,17,,,9,17,6,320,0.6,0.1
76,Josha Vagnoman,GER,DF,Stuttgart,Bundesliga,24,5.9,532,1.87,86.0,1,5,160,22,79.8,,,4,0,2,1,,1,1,8,6,0.7,,,5,9,16,40,17,,,16,17,8,333,0.4,0.7
77,Can Uzun,TUR,MF,Eint Frankfurt,Bundesliga,19,6.5,586,ND,ND,3,4,234,3,81.0,,,9,0,8,5,,5,0,10,14,1.7,,,10,9,43,39,23,,,9,9,5,383,1.8,1.7
78,Dayot Upamecano,FRA,DF,Bayern Munich,Bundesliga,26,7.2,652,1.88,79.0,0,6,521,16,91.9,,,2,1,0,0,,0,6,2,9,0.3,,,1,5,43,0,43,,,13,19,9,719,0.2,0.3
79,Lukas Ullrich,GER,DF,Gladbach,Bundesliga,21,6.9,623,ND,ND,0,7,180,22,76.8,,,5,0,0,0,,0,10,8,13,0.2,,,12,10,18,29,26,,,17,27,7,349,0.4,0.2
80,Lesley Ugochukwu,FRA,MF,Burnley,Premier League,21,6.6,590,1.88,83.0,0,8,146,7,84.4,,,9,0,2,2,,2,5,1,6,0.9,,,2,8,14,15,16,,,18,23,5,258,0.0,0.9
81,Matthieu Udol,FRA,DF,Lens,Ligue 1,29,11.9,1069,1.78,74.0,1,20,313,40,78.5,,,5,0,1,0,,0,19,11,8,1.0,,,18,21,35,34,56,,,21,40,9,691,2.9,1.0
82,Axel Tuanzebe,COD,DF,Burnley,Premier League,27,5.0,450,1.85,78.0,0,5,172,45,86.1,,,0,1,0,0,,0,3,0,1,0.0,,,1,0,8,1,13,,,4,7,1,289,0.0,0.0
83,Heorhii Tsitaishvili,GEO,FWDF,Metz,Ligue 1,24,7.8,699,1.71,72.0,1,7,197,14,70.7,,,2,1,1,0,,0,4,15,8,0.6,,,7,20,3,48,26,,,7,11,5,316,2.3,0.6
84,Adrien Truffert,FRA,DF,Bournemouth,Premier League,23,10.7,962,1.73,61.0,1,16,373,47,78.3,,,8,0,1,0,,0,9,8,5,0.2,,,11,23,48,58,54,,,23,32,14,706,0.7,0.2
85,Leandro Trossard,BEL,FW,Arsenal,Premier League,30,7.1,643,1.72,61.0,2,7,219,2,71.0,,,11,0,4,2,,2,4,9,16,1.8,,,14,20,24,71,21,,,4,8,3,350,0.8,1.8
86,Kieran Trippier,ENG,DF,Newcastle Utd,Premier League,34,7.8,699,1.78,66.0,0,11,328,21,79.4,,,3,0,0,0,,0,4,14,3,0.0,,,12,11,75,40,35,,,10,14,6,640,0.8,0.0
87,Christopher Trimmel,AUT,DF,Union Berlin,Bundesliga,38,6.8,614,1.89,80.0,1,4,139,26,54.2,,,3,0,1,0,,0,3,22,5,0.0,,,4,12,16,11,24,,,6,9,4,344,1.7,0.0
88,Philipp Treu,GER,DFFW,Freiburg,Bundesliga,24,4.9,441,ND,ND,0,6,113,9,81.4,,,1,1,0,0,,0,3,2,6,0.0,,,1,4,14,17,15,,,12,15,8,241,0.1,0.0
89,Omar Traoré,GER,DF,Heidenheim,Bundesliga,27,7.7,689,ND,ND,1,10,171,12,75.1,,,6,0,1,0,,0,7,6,7,0.1,,,8,15,28,25,33,,,9,16,4,388,1.0,0.1
90,Boubacar Traoré,MLI,MF,Metz,Ligue 1,23,7.0,629,1.75,67.0,0,8,199,9,86.3,,,6,2,1,1,,1,3,0,14,0.7,,,1,3,16,5,36,,,22,25,12,380,0.0,0.7
91,Mattéo Tramoni,FRA,MFFW,Pisa,Serie A,25,5.8,525,1.77,72.0,1,6,104,5,64.1,,,3,0,1,0,,0,3,8,10,0.7,,,9,16,22,30,25,,,8,11,4,186,0.7,0.7
92,Idrissa Touré,GER,DF,Pisa,Serie A,27,8.1,730,1.85,77.0,0,5,157,29,62.5,,,9,0,1,1,,1,14,9,19,1.2,,,9,19,15,28,38,,,14,28,6,370,0.7,1.2
93,Bazoumana Touré,CIV,FWMF,Hoffenheim,Bundesliga,19,8.9,804,1.73,70.0,3,12,235,8,68.8,,,13,0,4,1,,1,2,14,31,1.6,,,16,41,28,86,45,,,14,16,8,390,1.9,1.6
94,Alpha Touré,SEN,MFDF,Metz,Ligue 1,19,6.9,622,ND,ND,0,11,235,11,86.8,,,5,1,0,0,,0,4,5,6,0.3,,,1,9,12,14,27,,,20,24,13,388,0.3,0.3
95,Abdoulaye Touré,GUI,MF,Le Havre,Ligue 1,31,7.6,683,1.87,77.0,0,9,245,17,83.4,,,6,0,2,2,,2,9,3,17,0.8,,,3,8,29,25,24,,,11,20,5,386,0.1,1.6
96,Lucas Torró,ESP,MF,Osasuna,La Liga,31,8.8,795,1.88,77.0,0,4,195,18,76.0,,,3,1,0,0,,0,12,2,12,0.5,,,1,2,26,8,48,,,16,28,8,443,0.1,0.5
97,Pau Torres,ESP,DF,Aston Villa,Premier League,28,6.7,599,1.91,85.0,0,7,271,26,88.8,,,1,0,0,0,,0,4,0,4,0.1,,,0,7,25,3,30,,,7,11,5,451,0.0,0.1
98,Ferrán Torres,ESP,FW,Barcelona,La Liga,25,7.7,695,1.84,77.0,1,5,134,2,75.3,,,8,0,6,5,,5,3,11,21,5.4,,,4,4,12,53,18,,,4,7,4,252,1.1,5.4
99,Pablo Torre,ESP,MFFW,Mallorca,La Liga,22,6.0,541,1.73,63.0,1,9,209,8,78.1,,,8,0,1,0,,0,3,13,9,0.1,,,7,8,38,21,20,,,2,5,2,351,1.1,0.1
100,Sandro Tonali,ITA,MF,Newcastle Utd,Premier League,25,9.7,870,1.81,78.0,1,15,391,12,82.1,,,4,1,1,0,,0,12,14,10,0.4,,,9,19,76,22,44,,,12,24,8,700,1.6,0.4
101,Fikayo Tomori,ENG,DF,Milan,Serie A,27,7.6,684,1.85,75.0,0,8,326,30,88.1,,,0,0,0,0,,0,7,1,3,0.3,,,4,3,32,8,22,,,14,21,9,554,0.1,0.3
102,Tiago Tomás,POR,FWMF,Stuttgart,Bundesliga,23,5.1,455,1.8,76.0,0,6,131,5,79.9,,,6,0,3,3,,3,0,7,14,2.6,,,0,8,15,43,16,,,6,6,2,228,0.7,2.6
103,Jeremy Toljan,GER,DF,Levante,La Liga,30,11.3,1020,1.82,71.0,2,21,242,34,69.7,,,5,0,3,1,,1,13,11,12,0.8,,,8,5,22,34,24,,,24,37,12,565,1.6,0.8
104,Corentin Tolisso,FRA,MF,Lyon,Ligue 1,30,10.5,947,1.81,78.0,0,13,353,13,83.6,,,14,0,3,3,,3,8,11,12,2.7,,,5,6,58,38,44,,,15,23,8,632,1.2,3.5
105,Jean-Clair Todibo,FRA,DF,West Ham,Premier League,25,5.4,486,1.9,81.0,0,4,187,32,86.8,,,0,0,0,0,,0,3,1,3,0.0,,,1,5,19,1,18,,,11,14,7,326,0.0,0.0
106,Jurriën Timber,NED,DF,Arsenal,Premier League,24,9.8,882,1.79,78.0,1,9,316,26,83.9,,,11,0,3,2,,2,6,11,15,2.0,,,14,16,59,47,33,,,34,40,18,617,0.6,2.0
107,Malik Tillman,USA,MF,Leverkusen,Bundesliga,23,4.7,420,1.86,77.0,0,12,148,5,81.9,,,7,0,2,2,,2,7,5,11,1.0,,,1,11,10,22,15,,,13,20,11,291,0.4,1.0
108,Cheikh Tidiane Sabaly,SEN,MFFW,Metz,Ligue 1,26,8.7,785,1.68,56.0,2,9,191,5,76.6,,,14,0,2,0,,0,4,9,22,1.5,,,10,25,26,34,28,,,18,22,13,301,1.5,1.5
109,Khéphren Thuram,FRA,MF,Juventus,Serie A,24,7.6,688,1.91,82.0,1,5,327,10,87.0,,,5,0,2,1,,1,4,7,11,0.8,,,7,19,32,15,27,,,17,21,9,518,0.4,0.8
110,Kristian Thorstvedt,NOR,MF,Sassuolo,Serie A,26,5.6,500,1.71,78.0,1,4,151,12,74.5,,,2,0,1,0,,0,7,8,11,1.4,,,4,13,23,20,21,,,8,15,1,285,0.6,1.4
111,Adrien Thomasson,FRA,MF,Lens,Ligue 1,31,11.9,1073,1.82,75.0,4,23,300,21,78.0,,,14,0,5,1,,1,9,37,16,2.3,,,10,8,46,39,79,,,35,44,17,743,3.0,2.3
112,Jan Thielmann,GER,FWMF,Köln,Bundesliga,23,4.9,444,1.78,66.0,1,4,84,4,69.6,,,8,0,3,2,,2,3,5,3,1.4,,,1,6,8,19,11,,,4,7,3,135,0.5,1.4
113,Malick Thiaw,GER,DF,Newcastle Utd,Premier League,23,7.0,633,1.85,80.0,0,12,254,39,86.1,,,1,0,0,0,,0,11,1,2,0.7,,,2,10,38,11,31,,,9,20,6,431,0.3,0.7
114,Thiago,BRA,FW,Brentford,Premier League,24,10.2,922,1.88,85.0,0,8,112,20,70.2,,,9,0,8,5,,8,2,5,30,3.3,,,5,5,10,30,18,,,15,17,9,304,1.1,5.6
115,Arthur Theate,BEL,DF,Eint Frankfurt,Bundesliga,25,10.0,900,1.91,81.0,0,4,558,66,88.0,,,0,2,0,0,,0,10,5,8,0.0,,,5,19,83,10,30,,,11,21,7,919,0.2,0.0
116,Florian Thauvin,FRA,MF,Lens,Ligue 1,32,10.2,914,1.79,70.0,2,7,342,6,70.6,,,23,2,4,1,,2,2,26,29,2.8,,,21,42,60,85,40,,,13,15,10,595,2.7,4.4
117,Jordan Teze,NED,MFDF,Monaco,Ligue 1,25,9.6,863,1.76,82.0,0,17,290,19,80.0,,,7,0,0,0,,0,9,14,11,0.2,,,11,17,56,30,43,,,28,37,22,632,1.6,0.2
118,Kenny Tete,NED,DF,Fulham,Premier League,29,8.0,719,1.8,70.0,0,6,237,27,80.9,,,6,0,0,0,,0,9,4,6,0.2,,,4,9,36,11,32,,,26,35,18,512,0.2,0.2
119,Tanner Tessmann,USA,MF,Lyon,Ligue 1,23,9.5,859,1.88,82.0,0,17,337,27,85.5,,,8,1,1,1,,1,8,8,14,0.7,,,3,6,42,15,44,,,15,23,10,580,1.5,0.7
120,Filippo Terracciano,ITA,DF,Cremonese,Serie A,22,9.9,889,1.81,68.0,0,16,348,40,82.1,,,0,3,2,2,,2,15,2,10,0.8,,,1,7,33,6,37,,,5,20,5,678,0.1,0.8
121,Nahuel Tenaglia,ARG,DF,Alavés,La Liga,29,11.0,990,1.82,71.0,0,15,309,63,84.1,,,1,0,1,1,,1,10,1,5,0.6,,,0,5,26,2,23,,,13,23,10,547,0.0,0.6
122,Aurélien Tchouaméni,FRA,MF,Real Madrid,La Liga,25,9.7,874,1.85,75.0,0,10,369,19,91.6,,,0,1,0,0,,0,14,3,3,1.1,,,4,10,57,9,41,,,18,32,8,652,0.5,1.1
123,Jackson Tchatchoua,CMR,DFMF,Wolves,Premier League,23,5.8,522,1.78,79.0,0,9,127,24,71.0,,,2,1,0,0,,0,5,5,9,0.3,,,6,11,7,36,26,,,11,16,5,311,0.2,0.3
124,Loum Tchaouna,FRA,MFFW,Burnley,Premier League,21,4.9,440,ND,ND,0,3,79,7,65.8,,,6,1,1,1,,1,1,1,10,0.4,,,8,6,12,18,12,,,7,8,5,172,0.1,0.4
125,Marcus Tavernier,ENG,MFFW,Bournemouth,Premier League,26,9.5,856,1.76,69.0,1,9,286,16,78.4,,,19,0,3,2,,2,6,15,19,1.3,,,10,27,40,59,42,,,13,19,4,478,1.6,1.3
126,Nuno Tavares,POR,DF,Lazio,Serie A,25,5.1,461,1.84,79.0,0,8,216,8,81.6,,,4,1,0,0,,0,5,7,11,0.2,,,2,23,26,17,25,,,6,11,5,403,0.3,0.2
127,Tylel Tati,FRA,DF,Nantes,Ligue 1,17,10.7,965,ND,ND,0,12,409,48,87.8,,,2,3,0,0,,0,12,1,4,0.0,,,1,5,13,0,31,,,9,21,5,614,0.0,0.0
128,César Tárrega,ESP,DF,Valencia,La Liga,23,12.0,1080,1.93,77.0,0,20,400,83,85.3,,,1,1,0,0,,0,13,2,5,0.2,,,1,6,22,1,41,,,19,32,11,788,0.1,0.2
129,James Tarkowski,ENG,DF,Everton,Premier League,32,11.0,990,1.85,81.0,0,21,320,74,80.8,,,0,3,0,0,,0,10,5,6,0.6,,,2,6,33,4,26,,,15,25,10,627,0.4,0.6
130,Edmond Tapsoba,BFA,DF,Leverkusen,Bundesliga,26,9.6,865,1.9,80.0,2,13,630,40,90.7,,,0,0,4,2,,2,6,5,4,0.8,,,1,3,39,5,48,,,15,21,9,952,0.4,0.8
131,Adrien Tameze,CMR,DFMF,Torino,Serie A,31,5.0,451,1.8,78.0,0,3,118,17,79.2,,,1,1,0,0,,0,10,2,3,0.0,,,2,4,19,6,22,,,5,15,4,257,0.1,0.0
132,Montassar Talbi,TUN,DF,Lorient,Ligue 1,27,12.0,1080,1.9,84.0,0,15,436,59,88.8,,,1,0,0,0,,0,10,3,5,0.2,,,1,10,26,6,30,,,11,21,7,685,0.1,0.2
133,Chemsdine Talbi,MAR,FWMF,Sunderland,Premier League,20,6.6,591,ND,ND,1,4,140,9,75.0,,,3,0,2,1,,1,0,5,11,1.0,,,4,11,5,37,20,,,5,5,2,222,0.3,1.0
134,Jonathan Tah,GER,DF,Bayern Munich,Bundesliga,29,8.7,787,1.93,98.0,0,10,514,44,95.6,,,2,0,1,1,,1,9,2,5,0.2,,,2,5,38,1,31,,,9,18,4,746,0.1,0.2
135,Nicolás Tagliafico,ARG,DF,Lyon,Ligue 1,32,7.1,640,1.72,65.0,1,8,208,20,82.6,,,0,0,1,0,,0,13,3,3,1.1,,,4,10,23,15,26,,,14,27,8,432,0.4,1.1
136,Haris Tabakovic,BIH,FW,Gladbach,Bundesliga,31,6.3,571,1.94,90.0,3,2,87,21,69.0,,,7,0,9,6,,6,0,5,21,4.6,,,1,2,5,18,6,,,1,1,0,183,0.6,5.3
137,Musa Al-Taamari,JOR,DFFW,Rennes,Ligue 1,28,6.4,572,1.78,75.0,2,7,152,2,73.0,,,8,0,3,1,,1,5,13,14,1.4,,,8,30,9,55,28,,,7,12,5,266,1.6,1.4
138,Dominik Szoboszlai,HUN,MFDF,Liverpool,Premier League,24,11.0,990,1.86,74.0,1,10,499,27,83.1,,,7,1,2,1,,1,7,16,8,1.4,,,13,32,86,51,67,,,23,30,17,863,1.5,1.4
139,Daniel Svensson,SWE,DFMF,Dortmund,Bundesliga,23,9.3,833,ND,ND,0,11,237,31,80.8,,,6,1,1,1,,1,4,11,6,0.7,,,11,17,33,66,29,,,13,17,7,518,1.0,0.7
140,Mattias Svanberg,SWE,MFFW,Wolfsburg,Bundesliga,26,4.9,441,1.85,75.0,1,5,99,10,72.4,,,2,0,3,2,,2,4,4,12,1.5,,,4,6,23,14,13,,,3,7,2,187,0.9,1.5
141,Crysencio Summerville,NED,FWMF,West Ham,Premier League,23,7.1,640,1.74,61.0,1,4,169,14,83.8,,,9,0,1,0,,0,4,4,20,1.0,,,4,16,20,43,30,,,10,14,5,290,0.3,1.0
142,Kamaldeen Sulemana,GHA,MF,Atalanta,Serie A,23,5.4,486,1.75,70.0,1,2,156,4,83.4,,,8,0,3,2,,2,0,4,12,0.9,,,8,19,24,45,25,,,5,5,3,218,0.9,0.9
143,Pavel Šulc,CZE,FWMF,Lyon,Ligue 1,24,5.5,494,ND,ND,1,5,99,3,78.1,,,6,0,6,5,,5,3,6,20,3.7,,,3,11,12,19,12,,,9,12,3,197,1.3,3.7
144,Yukinari Sugawara,JPN,DF,Werder Bremen,Bundesliga,25,8.8,791,1.79,67.0,3,10,298,45,76.9,,,2,1,3,0,,0,4,10,11,1.1,,,11,20,44,54,33,,,11,15,7,589,0.7,1.1
145,Petar Sucic,CRO,MF,Inter,Serie A,21,6.0,539,ND,ND,2,9,193,8,86.3,,,6,0,3,1,,1,2,10,6,0.4,,,11,16,47,37,20,,,14,16,6,335,0.8,0.4
146,Gabriel Suazo,CHI,DFMF,Sevilla,La Liga,27,9.3,840,1.8,70.0,1,10,268,22,78.9,,,10,2,1,0,,0,12,19,13,0.0,,,16,13,37,50,47,,,41,53,32,636,0.8,0.0
147,Denis Suárez,ESP,MF,2 Teams,La Liga,31,4.6,414,1.81,72.0,0,3,199,4,87.1,,,7,0,1,1,,1,2,4,7,0.7,,,4,10,25,7,30,,,9,11,4,342,0.4,0.7
148,Nikola Štulić,SRB,FW,Lecce,Serie A,23,7.2,648,ND,ND,0,3,85,5,64.9,,,5,0,0,0,,0,0,9,18,0.5,,,1,3,9,33,16,,,8,8,4,201,0.5,0.5
149,Pascal Struijk,NED,DF,Leeds United,Premier League,25,8.1,729,1.9,78.0,0,5,352,53,92.4,,,5,0,0,0,,0,2,2,3,0.8,,,1,2,26,3,21,,,6,8,4,608,0.1,0.8
150,Jørgen Strand Larsen,NOR,FW,Wolves,Premier League,25,7.9,707,1.93,87.0,0,4,109,10,67.6,,,6,0,1,0,,1,1,4,22,0.8,,,0,4,6,29,9,,,1,2,1,205,0.4,1.6
151,Kevin Stöger,AUT,MF,Gladbach,Bundesliga,31,4.5,401,1.75,70.0,0,4,108,2,76.5,,,4,0,0,0,,0,4,10,3,0.9,,,4,6,20,28,17,,,11,15,6,264,1.1,1.7
152,Angelo Stiller,GER,MF,Stuttgart,Bundesliga,24,8.6,777,1.83,77.0,3,9,395,12,85.8,,,3,0,4,1,,1,8,17,6,0.8,,,20,19,65,20,47,,,10,18,5,751,1.7,1.6
153,Benjamin Stambouli,FRA,MF,Metz,Ligue 1,34,5.9,535,1.8,75.0,0,6,193,15,79.0,,,4,2,0,0,,0,3,6,8,0.2,,,3,2,17,2,28,,,11,14,6,325,0.9,0.2
154,Jens Stage,DEN,MF,Werder Bremen,Bundesliga,28,7.2,650,1.87,81.0,0,8,178,14,74.1,,,3,0,4,4,,4,7,2,4,2.1,,,3,2,25,11,23,,,16,23,11,364,0.3,2.1
155,Anton Stach,GER,MF,Leeds United,Premier League,26,8.9,799,1.93,86.0,1,10,234,20,76.2,,,6,1,2,1,,1,5,15,7,0.9,,,6,14,45,23,33,,,15,20,9,489,1.1,0.9
156,Leonardo Spinazzola,ITA,DFMF,Napoli,Serie A,32,5.9,535,1.86,75.0,2,5,219,8,76.2,,,4,1,3,1,,1,4,13,13,0.2,,,11,24,24,27,25,,,4,8,1,376,1.2,0.2
157,Djed Spence,ENG,DF,Tottenham,Premier League,24,8.4,758,1.83,77.0,0,7,295,25,79.3,,,12,0,0,0,,0,2,2,10,0.2,,,4,30,34,38,29,,,13,15,8,509,0.1,0.2
158,Alexander Sørloth,NOR,FW,Atlético Madrid,La Liga,29,5.5,491,1.94,90.0,0,1,74,2,55.3,,,10,0,2,2,,2,0,4,15,1.8,,,2,12,5,35,8,,,2,2,2,170,0.4,1.8
159,Djibril Sow,SUI,MF,Sevilla,La Liga,28,6.1,552,1.84,77.0,0,2,179,1,85.4,,,4,1,1,1,,1,7,4,8,0.2,,,2,10,31,10,23,,,8,15,6,287,0.4,0.2
160,Vinicius Souza,BRA,MF,Wolfsburg,Bundesliga,26,8.7,787,1.87,80.0,0,13,181,44,84.6,,,3,0,0,0,,0,12,3,10,0.1,,,2,3,34,7,28,,,24,36,15,421,0.1,0.1
161,Issa Soumaré,SEN,FWMF,Le Havre,Ligue 1,24,12.0,1080,1.82,75.0,2,9,248,17,67.0,,,19,0,5,2,,3,3,15,42,5.4,,,11,26,28,78,40,,,14,17,7,430,2.1,6.2
162,Matìas Soulé,ARG,MFFW,Roma,Serie A,22,8.7,784,1.76,55.0,2,11,318,4,79.0,,,15,0,5,3,,3,4,18,18,1.6,,,9,37,43,71,48,,,4,8,3,486,1.4,1.6
163,Tomáš Souček,CZE,MFFW,West Ham,Premier League,30,4.7,425,1.9,84.0,0,4,88,23,72.0,,,0,0,2,2,,2,3,1,10,2.3,,,1,1,11,8,12,,,5,8,3,231,0.0,2.3
164,Hugo Sotelo,ESP,MF,Celta Vigo,La Liga,21,7.9,711,1.89,74.0,1,12,331,10,87.4,,,5,1,1,0,,0,10,16,6,0.1,,,5,12,54,6,45,,,16,26,8,614,1.2,0.1
165,Oumar Solet,FRA,DF,Udinese,Serie A,25,10.7,959,1.92,81.0,1,14,475,46,88.1,,,4,1,1,0,,0,13,6,8,0.7,,,7,15,51,5,55,,,25,38,17,793,0.4,0.7
166,Carlos Soler,ESP,MF,Real Sociedad,La Liga,28,5.0,452,1.83,72.0,0,3,166,0,82.1,,,7,0,1,1,,1,3,7,3,0.6,,,5,12,30,11,11,,,4,7,3,269,0.5,0.6
167,Simon Sohm,SUI,MF,Fiorentina,Serie A,24,4.7,423,1.88,78.0,1,2,151,3,86.9,,,4,0,1,0,,0,3,6,7,0.2,,,4,12,17,14,19,,,6,9,3,238,1.5,0.2
168,Ivan Smolčić,CRO,DF,Como,Serie A,24,6.6,595,ND,ND,0,14,197,25,84.2,,,1,1,0,0,,0,10,6,2,0.1,,,4,3,25,18,23,,,19,29,13,437,1.0,0.1
169,Eric Smith,SWE,DF,St. Pauli,Bundesliga,28,10.0,900,1.9,81.0,0,13,379,37,86.0,,,1,1,1,1,,1,8,2,8,0.2,,,4,5,36,6,56,,,10,18,4,773,0.0,0.2
170,Leo Skiri Østigård,NOR,DF,Genoa,Serie A,25,8.5,765,1.74,81.0,1,6,321,59,87.8,,,1,0,3,2,,2,6,3,2,1.5,,,0,0,17,1,29,,,7,13,3,599,0.7,1.5
171,Ellyes Skhiri,TUN,MF,Eint Frankfurt,Bundesliga,30,4.6,418,1.84,68.0,0,4,149,7,87.3,,,2,0,0,0,,0,10,2,4,0.1,,,4,1,18,3,24,,,2,12,0,316,0.0,0.1
172,Lassine Sinayoko,MLI,FWMF,Auxerre,Ligue 1,25,11.1,995,1.86,81.0,1,7,222,3,72.5,,,21,0,4,2,,3,7,12,25,2.0,,,5,16,26,74,21,,,10,17,6,365,1.5,2.8
173,Danel Sinani,LUX,MFFW,St. Pauli,Bundesliga,28,8.4,756,1.85,77.0,1,4,258,2,68.8,,,13,0,3,1,,2,4,18,18,0.7,,,16,13,55,49,41,,,9,13,5,578,1.4,1.4
174,Xavi Simons,NED,MFFW,2 Teams,2 Comps,22,6.9,622,1.68,61.0,1,9,211,7,80.0,,,12,0,1,0,,0,4,7,25,0.3,,,10,26,44,29,39,,,13,17,8,384,0.6,0.3
175,Moses Simon,NGA,FWMF,Paris FC,Ligue 1,30,10.1,905,1.68,66.0,2,5,217,1,67.9,,,25,0,5,3,,3,6,11,18,2.2,,,14,44,17,99,29,,,5,11,3,335,1.9,2.2
176,Giuliano Simeone,ARG,MFFW,Atlético Madrid,La Liga,22,9.9,893,1.84,72.0,4,8,339,6,79.9,,,9,0,6,2,,2,10,12,28,2.6,,,9,34,26,99,53,,,20,30,11,552,2.6,2.6
177,Giovanni Simeone,ARG,FW,Torino,Serie A,30,8.3,751,1.81,81.0,0,2,166,9,73.7,,,20,0,4,4,,4,0,8,31,3.1,,,3,11,12,49,27,,,4,4,3,266,1.6,3.1
178,Caio Henrique Oliveira Silva,BRA,DF,Monaco,Ligue 1,28,7.6,685,1.78,70.0,0,7,277,18,77.1,,,3,0,0,0,,0,4,9,3,0.1,,,14,9,46,30,29,,,9,13,4,548,0.7,0.1
179,Bernardo Silva,POR,MF,Manchester City,Premier League,30,7.2,644,1.73,65.0,2,5,292,11,86.8,,,10,0,2,0,,0,5,11,11,0.1,,,6,10,26,29,36,,,9,14,5,464,1.9,0.1
180,André Silva,POR,FW,Elche,La Liga,29,6.9,618,1.85,75.0,0,3,155,5,81.1,,,10,0,4,4,,4,0,11,27,3.9,,,8,14,22,40,14,,,4,4,1,253,0.7,3.9
181,Tim Siersleben,GER,DF,Heidenheim,Bundesliga,25,7.0,627,1.87,81.0,0,7,176,47,75.1,,,3,0,0,0,,0,14,2,7,0.2,,,0,7,26,7,21,,,14,28,10,381,0.5,0.2
182,Francisco Sierralta,CHI,DF,Auxerre,Ligue 1,28,9.6,861,1.9,83.0,0,9,277,58,89.4,,,0,0,1,1,,1,8,2,3,1.0,,,0,1,16,2,27,,,14,22,6,511,0.1,1.0
183,Djibril Sidibé,FRA,DFMF,Toulouse,Ligue 1,33,8.1,727,1.82,80.0,0,6,211,18,71.2,,,1,1,2,1,,2,6,3,10,0.4,,,10,10,31,44,31,,,15,21,10,413,0.2,1.2
184,Luke Shaw,ENG,DF,Manchester Utd,Premier League,30,10.4,933,1.85,75.0,1,13,354,23,84.1,,,3,0,1,0,,0,8,2,3,0.1,,,2,10,41,8,36,,,21,29,10,663,0.1,0.1
185,Ryan Sessegnon,ENG,DF,Fulham,Premier League,25,9.3,836,1.7,70.0,0,12,259,38,72.5,,,7,0,2,2,,2,10,5,18,0.7,,,4,21,31,44,30,,,20,30,9,565,0.8,0.7
186,Benjamin Šeško,SVN,FW,Manchester Utd,Premier League,22,6.9,621,1.94,77.0,1,5,85,8,63.6,,,8,0,3,2,,2,2,7,11,2.1,,,2,4,10,25,13,,,3,5,1,192,0.3,2.1
187,Suat Serdar,GER,MF,Hellas Verona,Serie A,28,8.4,757,1.83,75.0,0,12,196,8,70.1,,,6,0,2,2,,2,7,11,11,2.1,,,8,15,51,8,37,,,24,31,15,354,0.8,2.1
188,Marcos Senesi,ARG,DF,Bournemouth,Premier League,28,10.9,977,1.84,79.0,2,19,496,94,78.1,,,4,0,2,0,,0,18,5,7,0.2,,,15,5,55,3,46,,,17,35,12,844,0.3,0.2
189,Marvin Senaya,TOG,DF,Auxerre,Ligue 1,24,11.5,1037,1.79,69.0,0,8,321,43,71.9,,,3,0,0,0,,0,19,4,11,0.7,,,7,17,29,23,36,,,31,50,15,628,0.2,0.7
190,Antoine Semenyo,GHA,FWMF,Bournemouth,Premier League,25,11.0,989,1.8,70.0,3,22,275,6,69.4,,,19,1,9,5,,6,2,11,31,3.0,,,16,35,39,62,58,,,18,20,11,486,0.5,4.6
191,Ayumu Seko,JPN,MF,Le Havre,Ligue 1,25,11.2,1005,1.83,72.0,0,12,237,35,80.0,,,1,0,0,0,,0,12,7,7,0.5,,,2,2,32,9,34,,,18,30,11,484,0.3,0.5
192,Nicolas Seiwald,AUT,MF,RB Leipzig,Bundesliga,24,9.1,815,1.79,70.0,0,12,225,23,86.0,,,3,0,0,0,,0,28,4,7,0.4,,,3,3,17,7,29,,,24,52,13,441,0.2,0.4
193,Alidu Seidu,GHA,DF,Rennes,Ligue 1,25,4.8,435,1.73,68.0,1,2,259,10,88.1,,,7,1,1,0,,0,11,4,6,0.0,,,3,11,31,16,37,,,17,28,10,396,0.9,0.0
194,Jenson Seelt,NED,DF,2 Teams,2 Comps,22,4.6,410,ND,ND,0,9,187,37,86.3,,,2,0,0,0,,0,2,0,3,0.0,,,0,3,23,0,16,,,9,11,4,306,0.0,0.0
195,Sebastian Sebulonsen,NOR,DF,Köln,Bundesliga,25,8.1,730,1.87,78.0,0,7,130,27,63.8,,,2,0,0,0,,0,5,9,13,0.7,,,9,9,10,38,31,,,12,17,6,353,1.6,0.7
196,Alex Scott,ENG,MF,Bournemouth,Premier League,21,8.1,728,ND,ND,0,6,256,18,79.8,,,7,0,1,1,,1,10,6,12,0.6,,,5,15,22,17,35,,,20,30,14,486,0.5,0.6
197,Jan Schöppner,GER,MF,Heidenheim,Bundesliga,26,7.9,714,1.85,78.0,0,7,139,24,67.6,,,6,2,0,0,,0,12,1,8,0.3,,,3,8,23,24,28,,,12,24,7,316,0.5,0.3
198,Joël Schmied,SUI,DF,Köln,Bundesliga,26,8.1,733,ND,ND,0,17,200,33,87.2,,,0,0,0,0,,0,9,2,6,0.1,,,2,3,17,10,16,,,9,18,8,409,0.1,0.1
199,Romano Schmid,AUT,MFFW,Werder Bremen,Bundesliga,25,9.6,864,1.74,65.0,2,12,310,2,72.7,,,18,0,4,0,,2,4,27,18,0.5,,,35,22,68,62,39,,,9,13,3,545,3.6,2.9
200,Nico Schlotterbeck,GER,DF,Dortmund,Bundesliga,25,6.0,540,1.91,85.0,1,5,304,34,86.8,,,2,0,1,0,,0,8,2,2,0.2,,,2,6,40,2,34,,,13,21,8,514,0.1,0.2
201,Keven Schlotterbeck,GER,DF,Augsburg,Bundesliga,28,5.5,495,1.89,84.0,0,5,155,24,77.8,,,2,1,0,0,,0,5,1,4,0.3,,,4,1,20,14,17,,,9,14,8,340,0.1,0.3
202,Patrik Schick,CZE,FW,Leverkusen,Bundesliga,29,6.1,548,1.86,73.0,1,2,59,8,82.1,,,3,0,6,3,,5,1,3,19,2.8,,,1,2,5,22,5,,,2,3,1,176,0.4,4.4
203,Fabian Schär,SUI,DF,Newcastle Utd,Premier League,33,4.7,425,1.86,85.0,0,7,234,25,83.5,,,0,2,0,0,,0,12,2,3,0.1,,,1,5,24,1,19,,,5,17,4,365,0.1,0.1
204,Kevin Schade,GER,FW,Brentford,Premier League,23,10.2,920,1.83,72.0,1,6,138,7,64.5,,,17,0,4,3,,3,5,12,30,2.3,,,4,20,10,33,36,,,17,22,9,309,1.1,3.1
205,Joe Scally,USA,DF,Gladbach,Bundesliga,22,8.0,716,1.79,75.0,2,13,190,30,82.1,,,7,1,2,0,,0,5,5,12,0.4,,,4,13,27,42,33,,,10,15,5,402,0.8,0.4
206,Nicolò Savona,ITA,DFMF,Nott'ham Forest,Premier League,22,4.8,431,ND,ND,0,4,137,13,72.5,,,1,0,1,1,,1,2,3,6,0.8,,,2,6,15,25,15,,,13,15,10,263,0.1,0.8
207,Mario Sauer,SVK,MF,Toulouse,Ligue 1,21,5.2,470,ND,ND,0,7,98,8,79.3,,,1,0,0,0,,0,8,2,8,0.3,,,1,7,20,12,34,,,9,17,6,220,0.1,0.3
208,Mamadou Sarr,SEN,DF,Strasbourg,Ligue 1,19,9.0,810,1.96,89.0,0,6,437,39,94.5,,,4,0,0,0,,0,5,1,6,0.0,,,0,6,20,2,46,,,15,20,12,667,0.1,0.0
209,Malang Sarr,FRA,DF,Lens,Ligue 1,26,11.0,990,1.82,73.0,0,14,315,56,87.8,,,1,1,0,0,,0,20,0,4,0.5,,,0,3,38,1,43,,,21,41,11,668,0.0,0.5
210,Ismaila Sarr,SEN,MFFW,Crystal Palace,Premier League,27,8.8,791,1.8,70.0,1,8,144,16,68.1,,,19,0,4,3,,3,6,8,19,3.7,,,7,24,28,42,29,,,8,14,3,265,0.6,3.7
211,Baptiste Santamaria,FRA,MF,Valencia,La Liga,30,7.1,641,1.83,73.0,1,7,238,18,82.2,,,5,1,2,1,,1,4,4,12,0.4,,,3,8,34,5,36,,,10,14,4,427,1.0,0.4
212,Kaishu Sano,JPN,MF,Mainz 05,Bundesliga,24,10.0,900,1.76,67.0,1,9,238,19,80.3,,,7,0,2,1,,1,21,5,21,0.5,,,10,13,69,25,53,,,13,34,11,517,1.1,0.5
213,Mamadou Sangare,MLI,MF,Lens,Ligue 1,23,9.6,867,ND,ND,1,18,257,12,82.9,,,12,1,2,1,,1,11,9,19,1.3,,,3,9,48,21,77,,,32,43,16,592,0.8,1.3
214,Ibrahim Sangaré,CIV,MF,Nott'ham Forest,Premier League,27,5.6,501,1.91,77.0,0,7,174,13,89.2,,,3,2,1,1,,1,7,2,6,0.6,,,2,5,37,3,20,,,13,20,7,365,0.1,0.6
215,Arouna Sangante,SEN,DF,Le Havre,Ligue 1,23,10.7,961,1.79,76.0,0,11,508,57,88.5,,,3,1,1,1,,1,14,3,3,0.2,,,1,9,43,1,28,,,13,27,6,779,0.1,0.2
216,James Sands,USA,MF,St. Pauli,Bundesliga,25,8.1,727,1.8,79.0,0,9,158,8,77.5,,,6,0,0,0,,0,11,3,10,0.2,,,7,4,32,21,24,,,24,35,11,441,0.3,0.2
217,Philipp Sander,GER,MFDF,Gladbach,Bundesliga,27,7.4,662,1.85,76.0,0,11,261,30,85.4,,,4,0,1,1,,1,11,1,5,0.5,,,3,7,32,13,43,,,20,31,13,492,0.1,0.7
218,Manu Sánchez,ESP,DF,Levante,La Liga,24,10.5,941,1.79,71.0,1,15,211,40,73.4,,,7,1,2,1,,1,10,8,18,0.5,,,8,19,29,44,32,,,35,45,20,503,1.0,0.5
219,Juanlu Sánchez,ESP,DFFW,Sevilla,La Liga,21,7.4,665,1.86,68.0,1,9,214,17,76.5,,,7,0,1,0,,0,3,5,11,0.5,,,8,21,21,41,40,,,17,20,12,399,0.5,0.5
220,Oihan Sancet,ESP,MF,Athletic Club,La Liga,25,6.9,617,1.88,79.0,0,5,149,5,80.7,,,15,1,1,0,,1,2,10,20,1.3,,,6,12,25,43,18,,,6,8,4,274,0.6,2.1
221,Albert Sambi Lokonga,BEL,MF,Hamburger SV,Bundesliga,25,4.6,410,1.83,79.0,0,5,124,2,86.1,,,6,1,2,2,,2,3,7,5,0.7,,,4,6,25,22,16,,,9,12,4,222,0.5,0.7
222,Mama Samba Baldé,GNB,FW,Brest,Ligue 1,29,5.2,465,1.76,70.0,1,1,108,4,70.5,,,9,0,2,1,,1,3,4,11,2.3,,,2,15,6,31,20,,,8,11,5,174,0.5,2.3
223,Mbwana Samatta,TAN,FW,Le Havre,Ligue 1,32,5.7,513,1.79,70.0,0,3,82,0,70.2,,,10,0,0,0,,0,1,6,21,1.2,,,2,6,9,30,11,,,2,3,1,156,0.3,1.2
224,Lazar Samardzic,SRB,MF,Atalanta,Serie A,23,5.1,458,1.84,79.0,1,5,203,4,76.3,,,8,0,2,1,,1,2,13,12,0.7,,,10,18,44,41,23,,,3,5,2,320,1.3,0.7
225,Mohammed Salisu,GHA,DF,Monaco,Ligue 1,26,7.0,630,1.91,82.0,0,15,404,53,89.3,,,2,0,1,1,,1,13,1,3,0.5,,,0,2,22,0,30,,,17,30,6,648,0.1,0.5
226,William Saliba,FRA,DF,Arsenal,Premier League,24,8.0,724,1.93,76.0,0,4,481,39,94.1,,,1,0,0,0,,0,3,1,4,0.3,,,1,4,36,3,32,,,10,13,4,779,0.1,0.3
227,Manolis Saliakas,GRE,DF,St. Pauli,Bundesliga,28,5.0,451,1.78,74.0,1,4,193,8,75.1,,,1,0,1,0,,0,2,4,8,0.2,,,8,9,27,22,19,,,13,15,9,412,0.2,0.2
228,Mohamed Salah,EGY,FW,Liverpool,Premier League,33,10.9,983,1.75,71.0,2,5,294,3,68.7,,,25,0,6,3,,4,2,20,30,2.8,,,24,40,40,122,31,,,2,4,2,450,1.8,3.6
229,Bukayo Saka,ENG,FW,Arsenal,Premier League,23,7.6,681,1.78,65.0,0,10,226,5,72.4,,,11,1,3,2,,3,1,17,17,1.6,,,15,32,17,98,41,,,12,13,5,393,2.0,2.4
230,Wesley Saïd,FRA,MF,Lens,Ligue 1,30,8.7,783,1.71,65.0,2,9,173,10,79.1,,,7,0,7,4,,5,6,9,13,3.0,,,11,14,35,35,23,,,5,11,4,325,2.2,3.8
231,Alexis Saelemaekers,BEL,DFFW,Milan,Serie A,26,10.5,948,1.8,72.0,1,10,381,7,81.4,,,6,0,3,2,,2,7,14,14,1.6,,,14,35,34,76,46,,,29,36,18,639,0.9,1.6
232,Noah Sadiki,COD,MF,Sunderland,Premier League,20,10.9,981,ND,ND,0,17,316,19,84.9,,,8,0,0,0,,0,16,7,14,0.1,,,11,21,34,30,37,,,17,33,10,499,0.4,0.1
233,Marcel Sabitzer,AUT,MF,Dortmund,Bundesliga,31,6.0,543,1.76,70.0,1,6,135,12,84.2,,,2,0,1,0,,0,8,4,5,0.4,,,6,6,42,7,22,,,8,16,4,307,0.2,0.4
234,Elias Saad,TUN,MFFW,Augsburg,Bundesliga,25,5.2,470,ND,ND,0,11,131,2,74.7,,,10,0,0,0,,0,1,12,29,0.5,,,2,15,12,40,26,,,14,15,9,261,0.7,0.5
235,Julian Ryerson,NOR,DF,Dortmund,Bundesliga,27,5.8,518,1.83,84.0,3,4,274,11,78.6,,,8,1,3,0,,0,3,15,16,0.1,,,13,23,35,62,29,,,14,17,8,461,2.5,0.1
236,Georginio Rutter,FRA,MFFW,Brighton,Premier League,23,7.5,678,1.82,63.0,2,8,165,12,69.5,,,22,0,2,0,,0,2,8,39,0.4,,,7,15,33,30,20,,,8,10,3,282,1.8,0.4
237,Fabián Ruiz Peña,ESP,MF,Paris S-G,Ligue 1,29,5.0,449,1.89,70.0,1,7,329,4,91.0,,,2,0,2,1,,1,4,6,12,0.6,,,11,10,49,22,14,,,4,8,4,549,0.5,0.6
238,Matteo Ruggeri,ITA,DF,Atlético Madrid,La Liga,23,5.0,452,1.79,70.0,0,7,181,19,83.1,,,1,0,0,0,,0,5,1,2,0.0,,,6,10,27,34,30,,,14,19,10,377,0.1,0.0
239,Anthony Rouault,FRA,DF,Rennes,Ligue 1,24,8.0,720,1.86,76.0,0,12,291,42,89.5,,,3,0,1,1,,1,10,3,2,0.6,,,1,5,51,0,25,,,13,23,5,599,0.1,0.6
240,Tom Rothe,GER,DF,Union Berlin,Bundesliga,20,4.8,433,1.92,82.0,0,5,106,21,67.1,,,4,1,1,1,,1,8,3,5,0.6,,,2,4,14,11,21,,,7,15,4,272,0.2,0.6
241,Valentin Rosier,FRA,DFMF,Osasuna,La Liga,28,6.8,611,1.75,70.0,1,8,211,33,75.2,,,8,0,1,0,,0,10,4,9,0.1,,,5,12,15,35,40,,,11,21,7,404,0.6,0.1
242,Marten de Roon,NED,MF,Atalanta,Serie A,34,6.0,544,1.85,76.0,0,4,279,17,88.2,,,1,0,0,0,,0,1,3,1,0.4,,,8,5,37,7,17,,,14,15,10,459,0.2,0.4
243,Valentin Rongier,FRA,MF,Rennes,Ligue 1,30,10.5,945,1.72,66.0,2,14,323,18,88.0,,,6,1,2,0,,0,8,16,13,0.4,,,6,9,67,14,58,,,18,26,12,751,1.7,0.4
244,Salomón Rondón,VEN,FW,Oviedo,La Liga,35,8.1,730,1.89,86.0,0,8,110,9,66.7,,,16,1,2,2,,2,1,5,21,1.9,,,1,3,13,27,20,,,2,3,0,247,0.2,2.7
245,Rômulo,BRA,FW,RB Leipzig,Bundesliga,23,8.9,805,ND,ND,3,7,181,13,68.3,,,14,0,7,4,,4,3,10,23,4.7,,,6,7,22,37,24,,,10,13,6,317,1.4,4.7
246,Iván Romero,ESP,FW,Levante,La Liga,24,7.7,696,1.72,71.0,0,5,150,4,64.8,,,14,0,4,4,,4,2,8,29,3.5,,,4,11,13,36,19,,,6,8,3,265,0.9,3.5
247,Isaac Romero,ESP,FW,Sevilla,La Liga,25,7.0,627,ND,ND,0,9,125,7,73.9,,,13,0,3,3,,3,0,4,33,2.4,,,1,5,9,25,22,,,8,8,3,252,0.4,2.4
248,Cristian Romero,ARG,DF,Tottenham,Premier League,27,8.3,748,1.85,82.0,1,12,342,27,89.2,,,2,1,1,0,,0,11,2,7,0.4,,,3,2,41,0,35,,,23,34,9,592,0.2,0.4
249,Carlos Romero,ESP,DF,Espanyol,La Liga,23,10.7,965,ND,ND,2,9,272,19,78.7,,,7,2,4,2,,2,12,11,24,1.3,,,12,33,30,49,55,,,25,37,15,532,1.5,1.3
250,Alessio Romagnoli,ITA,DF,Lazio,Serie A,30,8.3,749,1.88,78.0,0,7,281,37,92.2,,,0,1,0,0,,0,10,1,1,0.0,,,0,0,17,0,23,,,12,22,6,519,0.0,0.0
251,Morgan Rogers,ENG,MFFW,Aston Villa,Premier League,23,10.8,976,1.89,76.0,2,7,258,9,70.6,,,23,0,3,1,,1,4,9,37,0.7,,,10,16,30,59,39,,,12,16,6,401,1.1,0.7
252,Ricardo Rodríguez,SUI,DF,Betis,La Liga,32,5.5,493,1.8,78.0,1,5,192,26,83.8,,,3,0,1,0,,0,4,4,2,0.1,,,5,12,19,4,17,,,7,11,3,332,0.4,0.1
253,Jesus Rodríguez,ESP,FW,Como,Serie A,19,5.3,480,ND,ND,2,1,140,3,74.2,,,18,0,2,0,,0,1,10,16,0.9,,,5,31,16,39,22,,,6,7,4,226,1.1,0.9
254,Javi Rodríguez,ESP,DF,Celta Vigo,La Liga,22,7.8,699,ND,ND,0,5,390,27,92.2,,,3,2,0,0,,0,6,4,6,0.2,,,5,7,51,16,27,,,16,22,11,658,0.1,0.2
255,Álvaro Rodríguez,URU,FW,Elche,La Liga,21,6.1,548,ND,ND,2,4,126,8,69.6,,,12,0,3,1,,1,0,8,17,1.7,,,3,7,8,37,11,,,1,1,1,214,1.0,1.7
256,Joe Rodon,WAL,DF,Leeds United,Premier League,27,11.0,990,1.79,72.0,0,9,434,70,89.7,,,1,0,2,2,,2,10,2,2,0.7,,,0,9,49,0,31,,,10,20,6,755,0.1,0.7
257,Joel Roca,ESP,MFFW,Girona,La Liga,20,6.6,592,ND,ND,0,3,191,7,77.8,,,15,1,1,1,,1,1,6,22,0.9,,,8,26,15,53,26,,,9,10,6,272,0.5,0.9
258,Luis Rioja,ESP,MFFW,Valencia,La Liga,31,9.5,851,1.73,65.0,3,5,258,10,72.0,,,11,0,4,1,,1,8,12,11,0.7,,,13,27,30,71,31,,,13,21,9,417,1.5,0.7
259,Hugo Rincón,ESP,DFMF,Girona,La Liga,22,6.2,559,ND,ND,0,8,175,15,82.4,,,4,1,0,0,,0,4,5,6,0.4,,,5,14,16,43,17,,,9,13,6,336,0.7,0.4
260,Fabian Rieder,SUI,MF,2 Teams,2 Comps,23,8.9,804,1.81,74.0,2,8,185,5,68.3,,,19,0,5,2,,3,5,16,27,1.6,,,11,14,36,55,34,,,15,20,7,399,1.8,2.4
261,Clemens Riedel,GER,DF,Espanyol,La Liga,22,5.5,495,1.83,71.0,1,5,196,38,90.8,,,2,0,1,0,,0,3,1,2,0.1,,,3,1,14,2,22,,,12,15,7,348,0.0,0.1
262,Diego Rico,ESP,DF,Getafe,La Liga,32,10.9,977,1.81,75.0,0,9,215,27,66.8,,,2,1,0,0,,0,17,5,15,0.1,,,7,8,43,24,36,,,27,44,16,584,0.5,0.1
263,Richarlison,BRA,FW,Tottenham,Premier League,28,7.1,635,1.79,71.0,2,3,109,18,60.4,,,6,1,6,4,,4,2,6,19,2.1,,,2,8,13,27,18,,,6,8,4,205,1.3,2.1
264,Chris Richards,USA,DF,Crystal Palace,Premier League,25,11.0,990,1.88,81.0,0,17,260,71,78.5,,,1,1,0,0,,0,16,3,2,0.4,,,3,2,18,2,14,,,26,42,17,578,0.3,0.4
265,Declan Rice,ENG,MF,Arsenal,Premier League,26,9.9,894,1.85,77.0,2,8,481,19,84.8,,,8,0,4,2,,2,9,17,16,1.0,,,12,28,75,25,46,,,18,27,11,812,1.7,1.0
266,Samuele Ricci,ITA,MF,Milan,Serie A,23,5.5,493,1.86,59.0,1,5,174,13,91.3,,,2,1,2,1,,1,2,5,10,1.0,,,5,10,22,15,23,,,6,8,6,302,0.3,1.0
267,Oriol Rey,ESP,MF,Levante,La Liga,27,6.4,580,1.77,69.0,0,10,161,16,81.7,,,0,0,0,0,,0,3,2,6,0.0,,,3,5,15,5,31,,,14,17,8,288,0.1,0.0
268,Elvis Rexhbeçaj,KVX,MFDF,Augsburg,Bundesliga,27,5.6,504,1.82,73.0,0,9,126,8,73.9,,,9,0,0,0,,0,3,4,11,0.2,,,2,6,21,11,28,,,10,13,5,289,0.1,0.2
269,Nicolai Remberg,GER,MF,Hamburger SV,Bundesliga,25,10.0,900,ND,ND,1,13,297,30,88.9,,,2,1,1,0,,0,9,3,5,0.7,,,3,8,27,0,49,,,21,30,12,521,1.0,0.7
270,Rocco Reitz,GER,MF,Gladbach,Bundesliga,23,9.1,822,1.65,64.0,0,15,296,18,73.8,,,11,0,0,0,,0,15,10,17,0.8,,,10,22,45,31,43,,,26,41,16,533,0.7,1.0
271,Vitor Reis,BRA,DF,Girona,La Liga,19,9.9,888,1.86,77.0,0,19,412,67,90.8,,,2,1,0,0,,0,9,2,2,0.1,,,0,4,44,0,30,,,12,21,7,667,0.8,0.1
272,Alberto Reina,ESP,MF,Oviedo,La Liga,27,6.9,621,ND,ND,0,4,212,8,81.6,,,5,3,1,1,,1,5,5,7,0.4,,,3,6,35,14,23,,,12,17,5,363,0.5,0.4
273,Tijjani Reijnders,NED,MF,Manchester City,Premier League,27,8.4,758,1.85,80.0,2,1,356,14,87.6,,,12,1,3,1,,1,2,9,12,1.5,,,6,22,39,28,26,,,6,8,3,527,1.4,1.5
274,Abde Rebbach,ALG,MFFW,Alavés,La Liga,26,5.0,451,ND,ND,0,5,154,4,70.4,,,8,0,0,0,,0,7,10,12,0.7,,,5,22,21,37,28,,,14,21,5,287,1.0,0.7
275,David Raum,GER,DF,RB Leipzig,Bundesliga,27,10.0,900,1.8,75.0,1,14,414,47,71.3,,,2,1,2,1,,1,14,30,8,0.8,,,5,22,40,17,53,,,18,32,12,844,2.4,0.8
276,Raúl,ESP,FW,Osasuna,La Liga,24,5.0,451,ND,ND,0,2,98,5,69.9,,,10,0,1,1,,1,4,4,15,2.4,,,4,10,7,26,13,,,7,11,6,177,0.2,2.4
277,Andrei Ratiu,ROU,DFMF,Rayo Vallecano,La Liga,27,12.0,1080,1.83,76.0,1,9,401,32,81.8,,,14,0,1,0,,0,14,10,26,1.2,,,13,42,53,69,57,,,27,41,15,802,1.6,1.2
278,Marcus Rashford,ENG,FW,Barcelona,La Liga,27,8.9,804,1.8,70.0,6,4,284,7,78.8,,,12,0,8,2,,2,1,23,24,2.8,,,16,39,27,101,19,,,4,5,4,514,2.9,2.8
279,Lilian Raolisoa,FRA,FWDF,Angers,Ligue 1,25,7.2,649,ND,ND,1,0,188,5,66.3,,,9,0,1,0,,0,4,9,24,0.2,,,6,26,20,40,28,,,19,23,11,342,1.7,0.2
280,Luca Ranieri,ITA,DF,Fiorentina,Serie A,26,9.0,810,1.87,73.0,0,8,273,38,82.1,,,1,0,1,1,,1,6,3,7,1.0,,,4,10,38,10,28,,,18,24,14,564,0.1,1.0
281,Gonçalo Ramos,POR,FW,Paris S-G,Ligue 1,24,7.0,632,1.84,79.0,0,4,108,3,77.6,,,4,0,2,1,,2,2,6,16,2.8,,,0,5,3,23,13,,,5,7,5,201,0.3,3.5
282,Jacobo Ramón,ESP,DF,Como,Serie A,20,8.0,717,ND,ND,0,9,349,43,90.7,,,2,2,0,0,,0,10,3,3,0.4,,,0,2,35,7,30,,,19,29,9,628,0.1,0.4
283,Ylber Ramadani,ALB,MF,Lecce,Serie A,29,10.7,962,1.83,67.0,0,13,268,19,80.7,,,4,0,0,0,,0,15,3,14,0.3,,,3,2,41,4,46,,,27,42,16,598,0.1,0.3
284,Antonio Raillo,ESP,DF,Mallorca,La Liga,33,12.0,1080,1.86,75.0,0,24,399,64,86.5,,,1,0,0,0,,0,12,1,6,0.3,,,0,11,35,2,40,,,13,25,6,722,0.0,0.3
285,Adrien Rabiot,FRA,MF,2 Teams,2 Comps,30,5.0,450,1.88,71.0,1,4,158,9,86.3,,,3,0,1,0,,0,1,7,5,0.3,,,3,12,27,28,17,,,7,8,4,288,0.4,0.3
286,Leopold Querfeld,AUT,DF,Union Berlin,Bundesliga,21,10.0,900,ND,ND,0,11,197,73,83.8,,,2,0,0,0,,0,12,8,3,0.4,,,6,0,23,3,22,,,16,28,10,435,0.9,0.4
287,Jarell Quansah,ENG,DF,Leverkusen,Bundesliga,22,7.8,706,1.97,80.0,0,3,387,37,88.4,,,4,0,1,1,,1,7,3,5,0.6,,,0,10,30,7,34,,,10,17,8,620,0.1,0.6
288,Arkadiusz Pyrka,POL,DFMF,St. Pauli,Bundesliga,22,4.9,438,ND,ND,0,5,114,9,80.1,,,4,0,0,0,,0,5,4,5,0.2,,,10,11,20,30,35,,,6,11,4,328,0.2,0.2
289,Cameron Puertas,SUI,MFFW,Werder Bremen,Bundesliga,26,4.8,434,1.78,74.0,0,9,146,8,75.0,,,11,0,0,0,,0,3,2,17,0.5,,,2,4,16,23,19,,,13,16,6,278,0.5,0.5
290,Javi Puado,ESP,FWMF,Espanyol,La Liga,27,7.3,661,1.77,69.0,0,5,173,3,78.8,,,5,0,2,1,,2,3,10,12,1.9,,,7,24,29,41,33,,,4,7,2,288,0.8,3.5
291,Matteo Prati,ITA,MF,Cagliari,Serie A,21,9.1,820,ND,ND,0,7,186,28,78.4,,,0,1,0,0,,0,11,6,6,0.5,,,2,2,18,6,22,,,10,21,7,416,1.2,0.5
292,Portu,ESP,FWMF,Girona,La Liga,33,5.3,474,1.78,70.0,0,4,69,0,62.6,,,6,0,0,0,,0,2,3,11,1.3,,,0,3,6,32,11,,,4,6,1,141,0.3,1.3
293,Pedro Porro,ESP,DF,Tottenham,Premier League,25,9.6,865,1.76,69.0,1,10,363,47,67.6,,,2,4,1,0,,0,5,13,9,0.1,,,12,21,49,26,39,,,16,21,10,719,1.2,0.1
294,Marin Pongračić,CRO,DF,Fiorentina,Serie A,27,10.0,899,1.9,85.0,0,12,352,25,88.0,,,2,0,0,0,,0,15,4,4,0.2,,,2,9,29,3,53,,,8,23,5,627,0.7,0.2
295,Matteo Politano,ITA,MFFW,Napoli,Serie A,31,8.4,758,1.7,65.0,1,7,301,8,71.7,,,6,0,1,0,,0,3,15,18,1.1,,,13,50,20,76,37,,,9,12,7,469,1.8,1.1
296,Ernest Poku,NED,MF,Leverkusen,Bundesliga,21,5.3,477,ND,ND,2,3,151,3,82.8,,,10,0,6,4,,4,3,10,13,1.3,,,4,33,9,34,12,,,2,5,0,225,0.9,1.3
297,Jakub Piotrowski,POL,MF,Udinese,Serie A,27,4.6,417,1.84,78.0,0,3,101,8,82.1,,,2,0,0,0,,0,3,4,7,0.4,,,2,7,15,14,20,,,13,16,5,204,0.2,0.4
298,Yeremi Pino,ESP,MF,2 Teams,2 Comps,22,7.7,690,1.72,63.0,1,9,217,6,69.4,,,9,0,1,0,,0,3,14,21,1.5,,,15,17,53,61,30,,,11,14,6,408,2.2,1.5
299,Andrea Pinamonti,ITA,FW,Sassuolo,Serie A,26,10.2,917,1.85,80.0,0,10,119,5,65.3,,,10,1,4,4,,4,0,6,13,1.9,,,3,5,5,45,17,,,5,5,2,244,0.6,2.9
300,Santiago Pierotti,ARG,FWMF,Lecce,Serie A,24,6.7,600,ND,ND,0,12,141,5,70.0,,,19,0,0,0,,0,1,6,24,0.4,,,3,18,18,33,34,,,15,16,7,253,0.5,0.4
301,Rayan Philippe,FRA,FWMF,Hamburger SV,Bundesliga,24,7.1,643,ND,ND,0,1,130,6,70.6,,,6,0,3,3,,3,2,10,26,2.2,,,8,15,13,33,34,,,12,14,8,229,1.0,2.2
302,Giuseppe Pezzella,ITA,DF,Cremonese,Serie A,27,7.0,630,1.85,81.0,1,12,128,27,68.7,,,2,0,1,0,,0,0,3,11,0.1,,,5,4,16,30,18,,,12,12,6,295,0.2,0.1
303,Prosper Peter,NGA,FW,Angers,Ligue 1,17,6.1,550,ND,ND,0,6,69,3,75.7,,,4,0,3,3,,3,1,6,24,3.3,,,2,6,10,25,13,,,3,4,1,149,0.4,3.3
304,Máximo Perrone,ARG,MF,Como,Serie A,22,8.6,778,1.78,64.0,1,9,357,7,91.0,,,1,0,2,1,,1,9,5,10,0.3,,,3,4,36,9,34,,,17,26,12,651,0.2,0.3
305,Romain Perraud,FRA,DF,Lille,Ligue 1,27,8.8,793,1.73,68.0,1,12,361,16,82.6,,,4,0,3,2,,2,8,19,13,0.7,,,9,25,70,57,37,,,15,23,9,641,1.8,0.7
306,Mathias Pereira Lage,POR,FWMF,St. Pauli,Bundesliga,28,8.3,745,1.8,67.0,1,5,132,4,64.3,,,10,0,1,0,,0,5,16,21,2.0,,,5,13,16,49,23,,,17,22,9,321,1.0,2.0
307,Kojo Peprah Oppong,GHA,DF,Nice,Ligue 1,21,11.6,1042,1.85,78.0,0,12,439,58,90.0,,,6,0,1,1,,1,13,6,4,0.7,,,3,14,44,5,31,,,22,35,14,704,0.3,0.7
308,Nicolas Pépé,CIV,FWMF,Villarreal,La Liga,30,8.3,750,1.78,68.0,1,2,296,5,79.6,,,15,0,3,2,,2,7,25,17,4.5,,,20,46,43,77,32,,,10,17,7,424,2.2,4.5
309,Mateo Pellegrino,ARG,FW,Parma,Serie A,24,10.2,920,ND,ND,0,9,126,12,56.1,,,29,0,2,1,,2,1,9,33,1.1,,,2,5,14,29,25,,,5,6,4,261,0.5,1.8
310,Adrià Pedrosa,ESP,DF,2 Teams,La Liga,27,4.7,422,1.72,69.0,0,7,126,20,79.6,,,1,1,1,1,,1,6,10,7,0.3,,,3,6,15,25,15,,,14,20,5,302,0.7,0.3
311,Pedri,ESP,MF,Barcelona,La Liga,22,9.4,844,1.74,64.0,1,24,688,10,90.7,,,15,0,3,2,,2,6,25,16,0.9,,,27,44,107,40,64,,,18,24,12,1018,2.0,0.9
312,Alfonso Pedraza,ESP,DFMF,Villarreal,La Liga,29,5.0,452,1.82,75.0,1,5,148,8,74.7,,,5,0,1,0,,0,4,8,7,0.3,,,7,24,8,50,16,,,15,19,12,284,1.2,0.3
313,Marcus Pedersen,NOR,DF,Torino,Serie A,25,7.0,628,1.78,76.0,0,3,163,11,68.3,,,7,1,0,0,,0,2,7,13,0.9,,,7,24,7,37,16,,,7,9,4,317,0.8,0.9
314,Nicolás Paz,ARG,MF,Como,Serie A,20,10.9,977,ND,ND,4,15,387,7,77.1,,,18,0,8,4,,4,9,27,30,2.0,,,12,24,68,52,46,,,34,43,19,682,3.0,2.0
315,Martín Payero,ARG,MF,Cremonese,Serie A,26,5.6,501,ND,ND,0,7,143,6,73.4,,,7,0,0,0,,0,3,3,18,0.1,,,4,11,19,21,19,,,8,11,3,253,0.2,0.1
316,Strahinja Pavlović,SRB,DF,Milan,Serie A,24,10.2,922,1.94,87.0,1,9,454,44,89.2,,,3,1,3,2,,2,5,6,8,1.6,,,3,20,44,15,28,,,14,19,10,730,0.4,1.6
317,Benjamin Pavard,FRA,DF,2 Teams,2 Comps,29,8.1,728,1.82,65.0,1,8,473,26,93.5,,,0,1,2,1,,1,7,5,0,0.6,,,4,7,62,10,30,,,12,19,3,679,1.1,0.6
318,Mario Pašalić,CRO,MF,Atalanta,Serie A,30,10.0,896,1.88,82.0,2,9,494,13,88.6,,,5,2,3,1,,1,5,19,15,0.8,,,13,10,70,16,44,,,16,21,11,740,2.1,0.8
319,Thomas Partey,GHA,MF,Villarreal,La Liga,32,6.3,568,1.85,78.0,0,10,229,10,85.5,,,8,0,0,0,,0,9,3,9,0.4,,,1,13,25,11,25,,,10,19,2,387,0.1,0.4
320,Aitor Paredes,ESP,DF,Athletic Club,La Liga,25,6.1,550,1.86,76.0,0,4,235,21,88.3,,,0,0,1,1,,1,7,0,6,0.6,,,1,6,36,0,32,,,10,17,6,427,0.0,0.6
321,Victor Parada,ESP,DF,Alavés,La Liga,23,5.5,498,ND,ND,0,6,137,25,78.4,,,1,0,0,0,,0,4,4,6,0.3,,,3,6,11,12,20,,,5,9,1,284,0.2,0.3
322,Lucas Paquetá,BRA,MFFW,West Ham,Premier League,27,10.6,958,1.8,72.0,0,17,348,14,75.1,,,15,1,3,2,,3,4,14,21,1.1,,,14,6,71,40,53,,,26,30,17,717,1.1,1.9
323,Joaquín Panichelli,ARG,FW,Strasbourg,Ligue 1,22,10.6,955,ND,ND,0,16,176,14,70.2,,,12,0,9,7,,9,7,13,34,6.8,,,2,6,8,58,34,,,13,20,3,354,1.4,8.4
324,Emerson Palmieri,ITA,DF,Marseille,Ligue 1,30,7.4,667,1.76,63.0,1,6,407,16,87.6,,,4,1,1,0,,0,12,11,6,0.2,,,4,14,44,22,22,,,16,28,11,612,1.4,0.2
325,João Palhinha,POR,MF,Tottenham,Premier League,30,9.6,861,1.9,77.0,1,10,233,19,81.8,,,11,0,3,2,,2,9,2,7,0.7,,,1,3,29,10,34,,,49,58,31,546,0.1,0.7
326,Marco Palestra,ITA,DFFW,Cagliari,Serie A,20,9.0,813,ND,ND,1,5,217,19,76.7,,,2,1,1,0,,0,7,8,12,0.1,,,5,34,15,39,32,,,18,25,13,376,1.1,0.1
327,Isaac Palazón Camacho,ESP,FWMF,Rayo Vallecano,La Liga,30,9.2,832,1.69,71.0,2,18,225,4,73.1,,,16,1,3,0,,1,0,14,23,0.9,,,9,11,47,51,36,,,3,3,1,459,1.7,1.7
328,Igor Paixão,BRA,FWMF,Marseille,Ligue 1,25,6.4,579,ND,ND,1,8,258,4,82.6,,,7,0,2,1,,1,2,5,16,1.0,,,8,21,16,73,29,,,7,9,3,341,0.3,1.0
329,Pablo Pagis,FRA,MFFW,Lorient,Ligue 1,22,5.3,474,1.81,70.0,0,8,158,4,68.9,,,6,0,4,3,,4,8,6,13,1.2,,,2,12,14,34,25,,,3,11,1,260,0.4,2.0
330,Willian Pacho,ECU,DF,Paris S-G,Ligue 1,23,6.3,564,1.86,81.0,0,10,418,20,96.1,,,2,0,0,0,,0,4,2,1,0.1,,,2,2,18,0,44,,,11,15,9,597,0.1,0.1
331,Jon Pacheco,ESP,DF,2 Teams,La Liga,24,4.7,421,1.84,79.0,0,2,156,24,84.0,,,1,0,0,0,,0,2,1,2,0.0,,,2,4,16,1,15,,,11,13,6,281,0.0,0.0
332,Mikel Oyarzabal,ESP,FW,Real Sociedad,La Liga,28,11.6,1048,1.81,77.0,2,7,230,7,72.7,,,14,0,7,2,,5,0,20,28,3.3,,,15,21,37,65,30,,,6,6,5,378,2.9,5.6
333,Elisha Owusu,GHA,MF,Auxerre,Ligue 1,27,10.1,909,1.79,62.0,0,17,204,19,81.3,,,8,0,0,0,,0,12,5,13,0.0,,,6,4,39,5,62,,,28,40,18,445,0.4,0.0
334,Azzedine Ounahi,MAR,MFFW,Girona,La Liga,25,5.9,527,1.82,72.0,0,7,233,5,80.9,,,11,0,2,2,,2,9,6,21,0.6,,,11,21,38,31,24,,,6,15,1,323,0.8,0.6
335,Assan Ouedraogo,GER,MF,RB Leipzig,Bundesliga,19,5.1,461,ND,ND,3,4,110,9,80.9,,,8,0,5,2,,2,3,7,14,1.7,,,3,14,15,23,30,,,6,9,6,202,1.7,1.7
336,Kassoum Ouattara,FRA,DFFW,Monaco,Ligue 1,20,6.7,599,ND,ND,3,9,186,9,70.1,,,10,2,3,0,,0,7,11,18,0.6,,,8,18,15,61,28,,,13,20,8,401,2.0,0.6
337,Dango Ouattara,BFA,FW,Brentford,Premier League,23,7.1,641,1.72,71.0,0,14,126,15,49.7,,,7,0,2,2,,2,6,4,17,2.5,,,1,19,9,49,26,,,5,11,2,279,0.7,2.5
338,Abdoul Ouattara,FRA,DFMF,Strasbourg,Ligue 1,19,9.2,832,ND,ND,0,7,265,14,86.8,,,4,0,2,2,,2,8,3,14,1.5,,,7,16,31,55,38,,,12,20,6,447,1.4,1.5
339,Ibrahim Osman,GHA,MFFW,Auxerre,Ligue 1,20,5.7,513,ND,ND,2,4,155,1,73.5,,,12,0,2,0,,0,3,7,21,1.6,,,3,20,12,42,18,,,9,12,7,226,1.0,1.6
340,Riccardo Orsolini,ITA,FW,Bologna,Serie A,28,8.2,742,1.83,73.0,0,4,195,5,59.7,,,9,0,5,3,,5,5,7,15,1.7,,,11,22,22,63,20,,,8,13,6,289,0.5,3.3
341,Willi Orban,HUN,DF,RB Leipzig,Bundesliga,32,9.8,879,1.85,83.0,0,30,370,85,90.4,,,1,1,0,0,,0,9,3,3,0.8,,,1,1,19,3,17,,,11,20,9,684,0.3,0.8
342,Gift Orban,NGA,FW,Hellas Verona,Serie A,23,8.2,738,ND,ND,1,3,107,1,58.4,,,11,0,3,1,,2,2,9,19,4.5,,,2,9,13,48,24,,,1,3,1,211,0.6,5.3
343,Louis Oppie,GER,DFMF,St. Pauli,Bundesliga,23,10.0,900,ND,ND,0,9,214,18,80.6,,,6,1,1,1,,1,7,5,8,0.7,,,6,13,33,43,37,,,17,24,13,575,0.6,0.7
344,Amadou Onana,BEL,MF,Aston Villa,Premier League,23,5.4,485,1.87,76.0,0,9,162,17,86.8,,,3,0,1,1,,1,7,1,5,0.3,,,3,3,22,2,19,,,15,22,9,302,0.0,0.3
345,Warmed Omari,COM,DF,Hamburger SV,Bundesliga,25,4.8,435,1.8,59.0,0,6,187,27,86.4,,,1,1,0,0,,0,4,3,3,0.0,,,2,5,13,4,10,,,2,6,1,283,0.1,0.0
346,Tani Oluwaseyi,CAN,FW,Villarreal,La Liga,25,4.5,407,ND,ND,1,5,51,2,64.6,,,11,1,2,1,,1,0,3,15,2.3,,,1,8,3,14,5,,,4,4,3,104,1.0,2.3
347,Dani Olmo,ESP,MF,Barcelona,La Liga,27,6.7,599,1.76,68.0,2,4,262,4,82.9,,,6,0,3,1,,1,4,15,12,1.6,,,19,11,38,42,29,,,9,13,5,475,1.7,1.6
348,Michael Olise,FRA,FW,Bayern Munich,Bundesliga,23,8.5,768,1.78,68.0,3,9,488,2,80.1,,,10,0,7,4,,4,4,18,22,4.7,,,25,43,50,100,37,,,7,11,5,684,2.8,4.7
349,Noah Okafor,SUI,FWMF,Leeds United,Premier League,25,5.7,517,1.85,85.0,0,3,131,3,66.1,,,12,0,2,2,,2,4,5,22,1.4,,,6,18,13,41,23,,,10,14,7,206,0.6,1.4
350,Jens Odgaard,DEN,MF,Bologna,Serie A,26,5.5,493,1.88,82.0,1,7,93,5,74.5,,,13,0,3,2,,2,1,4,11,1.0,,,3,8,15,24,18,,,7,8,3,161,0.7,1.0
351,Adam Obert,SVK,DF,Cagliari,Serie A,22,9.4,849,ND,ND,1,12,268,38,81.1,,,2,0,1,0,,0,16,5,5,0.0,,,3,5,37,5,35,,,23,39,11,560,0.8,0.0
352,Nico O’Reilly,ENG,DF,Manchester City,Premier League,20,7.6,686,ND,ND,2,9,262,25,82.7,,,10,1,3,1,,1,7,8,11,1.0,,,4,25,14,39,27,,,27,34,10,529,0.8,1.0
353,Matt O'Riley,DEN,MF,2 Teams,2 Comps,24,8.6,775,1.72,70.0,2,9,324,9,87.9,,,5,0,4,1,,2,5,14,13,0.6,,,6,6,46,37,37,,,14,19,4,524,3.2,1.4
354,Jake O'Brien,IRL,DF,Everton,Premier League,24,9.7,869,ND,ND,0,7,227,41,66.6,,,10,2,0,0,,0,4,3,9,0.4,,,3,9,24,20,28,,,17,21,11,530,0.1,0.4
355,M'Bala Nzola,ANG,FW,Pisa,Serie A,28,7.9,709,1.85,80.0,0,2,140,3,78.4,,,16,0,2,1,,2,1,12,31,1.4,,,6,18,18,60,24,,,3,4,1,220,0.7,2.2
356,Antonio Nusa,NOR,FW,RB Leipzig,Bundesliga,20,6.8,614,ND,ND,1,3,192,5,79.1,,,8,0,2,1,,1,3,8,22,1.7,,,9,34,17,44,24,,,10,13,4,295,1.3,1.7
357,Unai Núñez,ESP,DF,Hellas Verona,Serie A,28,7.1,638,1.86,84.0,0,11,169,30,76.6,,,0,0,0,0,,0,11,2,4,0.4,,,2,5,30,6,25,,,13,24,8,390,0.1,0.4
358,Álvaro Núñez,ESP,DF,Elche,La Liga,25,11.9,1071,1.74,60.0,2,8,424,20,88.2,,,5,0,2,0,,0,12,11,12,0.0,,,13,5,62,40,50,,,13,25,9,820,0.9,0.0
359,Matheus Nunes,POR,DF,Manchester City,Premier League,26,7.7,694,1.83,78.0,1,8,443,33,87.2,,,2,1,2,1,,1,9,4,9,0.2,,,3,19,35,23,43,,,11,20,8,690,0.2,0.2
360,Brooke Norton-Cuffy,ENG,DFFW,Genoa,Serie A,21,11.0,990,ND,ND,1,11,298,22,78.4,,,6,0,1,0,,0,8,8,15,0.3,,,10,33,28,28,39,,,20,28,14,604,0.6,0.3
361,Felix Nmecha,GER,MF,Dortmund,Bundesliga,24,6.9,619,1.85,75.0,1,11,224,9,82.9,,,3,1,2,1,,1,7,4,13,0.9,,,4,9,31,18,36,,,9,16,4,393,0.4,0.9
362,Justin Njinmah,GER,FW,Werder Bremen,Bundesliga,24,5.3,481,1.82,75.0,0,5,111,3,67.2,,,2,0,2,2,,2,2,2,12,1.1,,,2,18,3,49,13,,,6,8,4,181,0.2,1.1
363,Hans Nicolussi Caviglia,ITA,MF,Fiorentina,Serie A,25,6.3,569,1.8,69.0,1,2,207,7,76.4,,,13,0,1,0,,0,2,9,6,0.2,,,2,3,24,6,32,,,12,14,7,369,1.0,0.2
364,Rasmus Nicolaisen,DEN,DF,Toulouse,Ligue 1,28,9.6,863,1.9,81.0,0,8,232,54,83.4,,,0,1,0,0,,0,12,1,4,0.2,,,2,0,34,4,27,,,11,23,7,488,0.1,0.2
365,Abdoulaye Niakhate Ndiaye,SEN,DF,Parma,Serie A,23,5.5,496,1.85,77.0,0,9,199,30,82.2,,,1,1,0,0,,0,10,1,4,0.3,,,0,2,15,1,18,,,13,23,8,373,0.0,0.3
366,Moussa Niakhate,SEN,DF,Lyon,Ligue 1,29,11.2,1004,1.9,82.0,2,18,586,66,88.9,,,1,2,2,0,,0,9,7,8,0.1,,,3,13,45,3,40,,,13,22,7,896,0.3,0.1
367,Nathan Ngoy,BEL,DF,Lille,Ligue 1,22,9.3,833,ND,ND,1,4,457,38,89.6,,,0,4,1,0,,0,14,3,4,0.7,,,2,4,29,2,37,,,18,32,10,682,0.9,0.7
368,Cyril Ngonge,BEL,FW,Torino,Serie A,25,7.1,638,1.79,73.0,1,3,161,5,68.9,,,11,1,2,1,,1,2,8,27,1.1,,,7,18,26,60,24,,,5,7,1,270,0.3,1.1
369,Pedro Neto,POR,FW,Chelsea,Premier League,25,9.2,829,1.73,62.0,2,3,296,2,73.4,,,9,0,5,3,,3,4,17,24,2.1,,,16,44,31,83,29,,,6,10,4,443,1.8,2.1
370,Martim Neto,POR,MF,Elche,La Liga,22,5.1,457,ND,ND,2,4,186,5,86.3,,,6,0,2,0,,0,0,6,13,0.2,,,4,14,24,15,23,,,4,4,1,287,1.3,0.2
371,David Neres,BRA,FWMF,Napoli,Serie A,28,4.8,428,1.75,74.0,2,5,154,2,73.5,,,6,0,2,0,,0,0,8,18,0.4,,,6,22,16,51,12,,,8,8,4,248,0.8,0.4
372,Victor Nelsson,DEN,DF,Hellas Verona,Serie A,26,11.0,990,1.85,75.0,0,13,198,83,85.9,,,0,0,0,0,,0,14,0,3,0.0,,,0,2,13,0,30,,,11,25,7,453,0.0,0.0
373,Loïc Nego,HUN,DF,Le Havre,Ligue 1,34,10.0,901,1.81,64.0,0,5,341,43,77.9,,,4,1,0,0,,0,15,5,5,0.3,,,10,26,47,31,47,,,16,31,8,652,1.0,0.3
374,Paul Nebel,GER,MF,Mainz 05,Bundesliga,22,7.6,687,1.69,63.0,0,6,212,4,74.0,,,7,0,1,1,,1,5,11,23,1.4,,,12,8,23,64,37,,,10,15,5,431,0.7,1.4
375,Dan Ndoye,SUI,FW,Nott'ham Forest,Premier League,24,8.4,754,1.84,76.0,1,8,195,3,70.0,,,11,0,2,1,,1,9,7,25,0.3,,,9,34,19,74,35,,,14,23,7,309,0.9,0.3
376,Rassoul Ndiaye,SEN,MF,Le Havre,Ligue 1,23,8.3,748,1.79,70.0,0,8,187,8,80.9,,,3,0,3,3,,3,2,3,10,1.6,,,4,14,31,39,37,,,15,17,8,325,0.1,1.6
377,Iliman Ndiaye,SEN,FW,Everton,Premier League,25,10.1,912,1.8,75.0,1,7,280,5,78.1,,,22,1,5,3,,4,4,14,35,1.9,,,11,37,19,61,65,,,28,32,18,443,2.2,2.7
378,Michel Ndary Adopo,FRA,MF,Cagliari,Serie A,25,9.4,844,1.87,76.0,1,4,193,13,81.1,,,12,2,1,0,,0,8,9,8,0.4,,,5,10,30,21,45,,,10,18,6,352,0.8,0.4
379,Roberto Navarro,ESP,FWMF,Athletic Club,La Liga,23,4.8,432,1.78,60.0,0,5,145,5,75.5,,,14,0,2,2,,2,2,7,16,1.2,,,7,19,11,35,16,,,3,5,2,229,0.4,1.2
380,Natan,BRA,DF,Betis,La Liga,24,12.0,1080,1.88,77.0,0,7,435,97,87.8,,,3,1,0,0,,0,7,4,6,0.3,,,0,5,22,1,45,,,6,13,3,751,0.2,0.3
381,Obite N'Dicka,CIV,DF,Roma,Serie A,25,10.4,934,1.9,88.0,0,7,376,43,90.8,,,4,5,0,0,,0,14,2,10,0.9,,,1,2,32,4,52,,,7,21,3,717,0.1,0.9
382,Vitaliy Mykolenko,UKR,DF,Everton,Premier League,26,7.9,715,1.8,74.0,0,13,253,38,72.0,,,5,1,0,0,,0,8,3,7,0.0,,,9,9,43,30,28,,,7,15,4,464,0.4,0.0
383,Phillipp Mwene,AUT,DF,Mainz 05,Bundesliga,31,8.8,792,1.7,68.0,0,12,163,18,69.6,,,5,0,0,0,,0,3,9,6,0.4,,,10,7,27,47,32,,,7,10,6,402,0.7,0.4
384,Junior Mwanga,FRA,DFMF,2 Teams,Ligue 1,22,10.8,976,1.84,72.0,0,11,322,16,85.5,,,7,0,1,1,,1,8,9,12,0.5,,,5,18,57,12,41,,,25,33,12,557,0.3,0.5
385,Joel Mvuka,NOR,DFMF,Lorient,Ligue 1,22,4.8,431,1.73,64.0,0,0,107,10,71.5,,,4,1,0,0,,0,6,1,3,0.3,,,2,12,8,32,19,,,19,25,9,182,0.1,0.3
386,Jacob Murphy,ENG,FWMF,Newcastle Utd,Premier League,30,6.3,568,1.76,70.0,1,11,188,6,61.0,,,5,0,3,2,,2,1,6,11,2.3,,,12,15,18,79,11,,,3,4,3,277,1.2,2.3
387,Vedat Muriqi,KVX,FW,Mallorca,La Liga,31,9.9,891,1.94,76.0,0,3,155,19,66.7,,,13,0,6,5,,6,1,4,31,2.8,,,4,3,10,40,22,,,1,2,1,310,0.1,3.6
388,Murillo,BRA,DF,Nott'ham Forest,Premier League,23,7.2,649,ND,ND,0,11,263,30,82.6,,,2,0,0,0,,0,16,0,2,0.1,,,0,3,37,0,37,,,11,27,4,484,0.0,0.1
389,Víctor Muñoz,ESP,FWMF,Osasuna,La Liga,22,9.3,838,ND,ND,1,8,239,10,74.0,,,20,0,2,1,,1,2,7,28,1.2,,,6,34,6,63,29,,,5,7,3,344,0.7,1.2
390,Daniel Muñoz,COL,DFMF,Crystal Palace,Premier League,29,11.0,989,1.83,80.0,2,13,219,43,73.1,,,2,0,3,1,,1,14,6,15,0.9,,,12,13,24,63,41,,,29,43,17,518,2.4,0.9
391,Marshall Munetsi,ZIM,MFFW,Wolves,Premier League,29,8.9,804,1.87,82.0,1,11,95,29,57.5,,,8,0,2,1,,1,6,3,20,1.4,,,2,9,14,31,17,,,20,26,12,277,0.5,1.4
392,Nordi Mukiele,FRA,DF,Sunderland,Premier League,27,9.0,810,1.85,74.0,1,6,258,62,71.0,,,2,1,2,1,,1,9,6,7,0.6,,,2,6,26,17,32,,,23,32,16,558,0.5,0.6
393,Miro Muheim,SUI,MFDF,Hamburger SV,Bundesliga,27,9.9,891,1.82,77.0,2,12,349,25,74.0,,,5,1,2,0,,0,9,16,9,0.4,,,9,26,68,26,50,,,22,31,9,674,1.8,0.5
394,Tarik Muharemovic,BIH,DF,Sassuolo,Serie A,22,8.0,720,ND,ND,1,13,272,46,83.5,,,0,1,1,0,,0,11,2,1,0.1,,,2,3,28,1,24,,,17,28,5,513,0.7,0.1
395,Louis Mouton,FRA,MF,Angers,Ligue 1,23,7.5,671,ND,ND,0,7,164,5,71.1,,,13,0,0,0,,0,3,8,15,1.2,,,8,7,24,22,22,,,9,12,6,326,1.4,1.2
396,Santiago Mouriño,URU,DF,Villarreal,La Liga,23,8.8,796,ND,ND,1,11,320,36,89.0,,,1,1,1,0,,0,11,3,8,0.3,,,3,10,27,2,53,,,40,51,28,612,0.1,0.3
397,Samir El Mourabet,MAR,MF,Strasbourg,Ligue 1,19,6.6,596,ND,ND,0,14,297,3,88.7,,,6,1,0,0,,0,4,7,8,0.2,,,5,4,29,8,41,,,19,23,6,463,0.8,0.2
398,Tyler Morton,ENG,MF,Lyon,Ligue 1,22,10.7,960,1.78,67.0,1,7,359,17,81.1,,,5,0,2,1,,1,6,13,15,0.7,,,11,19,48,6,46,,,21,27,13,669,0.9,0.7
399,Nikola Moro,CRO,MF,Bologna,Serie A,27,4.8,432,1.83,77.0,0,2,204,11,85.3,,,1,0,1,1,,1,3,6,2,0.2,,,6,3,43,8,13,,,11,14,2,385,0.3,0.2
400,Manu Morlanes,ESP,MF,Mallorca,La Liga,26,7.7,689,1.78,75.0,0,8,232,13,86.8,,,5,0,0,0,,0,8,6,8,0.2,,,9,9,44,11,50,,,23,31,11,429,0.2,0.2
401,Ilaix Moriba,GUI,MF,Celta Vigo,La Liga,22,8.9,801,1.85,73.0,1,11,260,12,85.1,,,8,3,1,0,,0,9,10,14,0.6,,,8,8,43,28,32,,,40,49,18,484,1.3,0.6
402,Mateu Morey,ESP,DF,Mallorca,La Liga,25,4.9,437,1.73,67.0,0,6,110,12,76.6,,,2,1,1,1,,1,6,3,7,0.3,,,4,4,17,17,17,,,11,17,6,224,0.2,0.3
403,Stefano Moreo,ITA,FWMF,Pisa,Serie A,32,5.4,489,1.91,75.0,0,5,88,11,57.6,,,0,0,2,1,,2,3,4,17,0.9,,,1,8,10,20,16,,,4,7,3,179,0.3,1.7
404,Tete Morente,ESP,FW,Lecce,Serie A,28,7.7,694,1.75,71.0,0,15,178,12,69.6,,,12,0,0,0,,0,3,8,15,0.7,,,8,20,30,54,32,,,10,13,7,347,0.3,0.7
405,Matias Moreno,ARG,DF,Levante,La Liga,21,7.7,692,ND,ND,0,13,191,46,84.8,,,1,0,0,0,,0,12,2,2,0.4,,,0,9,18,1,14,,,7,19,5,373,0.1,0.4
406,Álex Moreno,ESP,DFMF,Girona,La Liga,32,10.5,945,1.79,68.0,0,8,285,41,76.6,,,3,1,0,0,,0,13,5,16,0.7,,,9,37,42,54,28,,,12,25,6,556,0.5,0.7
407,Diego Moreira,BEL,DFFW,Strasbourg,Ligue 1,20,9.3,834,ND,ND,2,10,315,20,77.6,,,8,0,3,1,,1,7,18,16,0.7,,,22,27,43,80,38,,,21,28,11,537,3.8,0.7
408,Morato,BRA,DF,Nott'ham Forest,Premier League,24,4.9,439,1.9,87.0,0,7,193,26,88.3,,,0,2,0,0,,0,3,0,4,0.0,,,1,1,15,0,22,,,10,13,6,350,0.0,0.0
409,Álvaro Morata,ESP,FW,Como,Serie A,32,5.9,530,1.89,85.0,1,5,104,3,73.5,,,8,0,1,0,,0,1,6,8,2.2,,,5,5,13,36,13,,,11,12,7,211,0.2,3.0
410,Jon Moncayola,ESP,MFDF,Osasuna,La Liga,27,11.8,1059,1.82,77.0,1,19,378,19,73.9,,,5,0,1,0,,0,7,15,15,0.3,,,15,11,65,32,54,,,22,29,12,758,2.0,0.3
411,Alberto Moleiro,ESP,MFFW,Villarreal,La Liga,21,7.5,673,ND,ND,2,10,190,3,74.4,,,9,1,6,4,,4,2,10,18,2.8,,,2,29,24,45,33,,,7,9,6,292,1.7,2.8
412,Johan Mojica,COL,DF,Mallorca,La Liga,32,9.6,860,1.82,66.0,3,11,343,32,75.8,,,10,1,3,0,,0,7,15,18,0.2,,,17,22,40,45,68,,,22,29,9,677,1.8,0.2
413,Mostafa Mohamed,EGY,FW,Nantes,Ligue 1,27,6.9,624,1.85,78.0,0,6,81,7,59.8,,,11,0,2,2,,2,6,4,19,1.4,,,2,5,7,12,15,,,7,13,5,169,0.1,1.4
414,Luka Modrić,CRO,MF,Milan,Serie A,39,10.7,963,1.74,65.0,2,8,549,13,87.0,,,5,1,3,1,,1,16,23,5,0.4,,,14,16,99,11,67,,,20,36,12,900,1.8,0.4
415,Henrikh Mkhitaryan,ARM,MF,Inter,Serie A,36,5.4,482,1.78,72.0,0,8,167,3,83.2,,,5,0,0,0,,0,8,3,10,1.1,,,8,15,41,30,29,,,9,17,8,345,0.2,1.1
416,Maximilian Mittelstädt,GER,DF,Stuttgart,Bundesliga,28,7.4,665,1.78,69.0,1,19,330,25,84.0,,,4,0,3,1,,2,13,9,5,0.5,,,10,10,51,27,40,,,17,30,14,605,0.6,1.3
417,Kaoru Mitoma,JPN,FW,Brighton,Premier League,28,5.6,508,1.78,71.0,1,5,123,4,77.4,,,10,0,2,1,,1,2,7,12,0.8,,,7,13,13,37,13,,,3,5,3,198,1.1,0.8
418,Tyrick Mitchell,ENG,DF,Crystal Palace,Premier League,25,11.0,989,1.75,66.0,0,18,276,36,72.6,,,11,1,1,1,,1,15,10,17,0.4,,,10,25,17,67,61,,,40,55,25,627,0.7,0.4
419,Juan Miranda,ESP,DF,Bologna,Serie A,25,7.1,637,1.85,79.0,0,5,234,19,74.1,,,2,0,1,1,,1,7,11,7,0.1,,,2,12,31,38,27,,,9,16,5,506,0.9,0.1
420,Rafa Mir,ESP,FWMF,Elche,La Liga,28,9.5,856,1.89,75.0,0,6,198,9,79.6,,,15,1,4,4,,4,3,4,18,2.8,,,5,13,29,53,20,,,4,7,2,320,0.3,3.6
421,Yankuba Minteh,GAM,FW,Brighton,Premier League,21,10.5,947,ND,ND,3,13,275,5,54.0,,,15,0,4,1,,1,7,17,30,2.1,,,11,53,14,106,40,,,22,29,16,428,2.7,2.1
422,Óscar Mingueza,ESP,MFDF,Celta Vigo,La Liga,26,7.4,670,1.84,80.0,2,9,318,14,79.6,,,4,1,3,1,,1,2,15,8,0.5,,,21,10,43,45,30,,,11,13,4,598,2.0,0.5
423,Tyrone Mings,ENG,DF,Aston Villa,Premier League,32,5.5,498,1.95,77.0,0,6,250,31,89.4,,,1,0,0,0,,0,4,3,1,0.3,,,1,1,27,3,16,,,2,6,1,403,0.1,0.3
424,Takumi Minamino,JPN,MFFW,Monaco,Ligue 1,30,7.4,668,1.74,67.0,2,7,174,5,72.0,,,6,0,4,2,,2,1,5,13,1.9,,,10,16,29,37,26,,,2,3,2,299,2.1,1.9
425,Yerry Mina,COL,DF,Cagliari,Serie A,30,8.0,716,1.95,75.0,0,9,290,44,89.0,,,1,1,1,1,,1,7,1,4,0.6,,,0,6,13,0,33,,,11,18,5,464,0.1,0.6
426,Pere Milla,ESP,MFFW,Espanyol,La Liga,32,7.5,679,1.79,70.0,0,10,146,3,70.5,,,11,0,4,4,,4,9,15,17,3.6,,,6,15,24,36,25,,,16,25,10,314,1.3,3.6
427,Luis Milla,ESP,MF,Getafe,La Liga,30,12.0,1078,1.75,74.0,6,17,251,16,72.2,,,11,1,6,0,,0,11,24,8,0.3,,,9,13,53,21,75,,,17,28,10,679,1.9,0.3
428,Éder Militão,BRA,DF,Real Madrid,La Liga,27,9.0,810,1.86,79.0,1,16,352,35,90.0,,,1,1,2,1,,1,6,5,5,0.7,,,0,3,33,1,40,,,18,24,13,633,0.9,0.7
429,Nikola Milenković,SRB,DF,Nott'ham Forest,Premier League,27,11.0,990,1.95,92.0,0,9,368,58,88.9,,,1,0,0,0,,0,9,1,4,0.6,,,4,5,32,0,32,,,5,14,3,657,0.3,0.6
430,Georges Mikautadze,GEO,FW,2 Teams,2 Comps,24,6.8,608,1.76,71.0,2,3,108,2,70.9,,,10,0,5,3,,3,1,5,17,2.7,,,2,16,13,37,15,,,1,2,0,179,0.9,2.7
431,Thomas Meunier,BEL,DF,Lille,Ligue 1,33,7.8,699,1.9,88.0,0,2,294,20,79.5,,,5,0,0,0,,0,8,8,8,0.5,,,10,16,41,40,37,,,12,20,6,514,1.6,0.5
432,Dayann Methalie,FRA,DFMF,Toulouse,Ligue 1,19,9.6,860,ND,ND,0,9,212,21,72.0,,,12,0,0,0,,0,11,6,28,0.5,,,7,23,17,54,48,,,27,38,16,421,1.1,0.5
433,Quentin Merlin,FRA,DF,Rennes,Ligue 1,23,9.9,892,1.73,68.0,2,22,336,28,73.8,,,12,1,2,0,,0,9,14,10,0.7,,,11,24,46,76,48,,,10,19,6,690,2.0,0.7
434,Mikel Merino,ESP,MFFW,Arsenal,Premier League,29,4.6,418,1.88,78.0,1,6,114,7,76.8,,,8,0,2,1,,1,3,4,9,0.7,,,7,6,18,18,26,,,7,10,2,209,0.4,0.7
435,Gideon Mensah,GHA,DF,Auxerre,Ligue 1,27,9.6,862,1.78,73.0,0,12,327,26,81.3,,,7,1,0,0,,0,11,6,9,0.0,,,6,13,38,21,48,,,17,28,12,602,0.2,0.0
436,Batista Mendy,FRA,MF,Sevilla,La Liga,25,6.5,587,1.9,81.0,0,8,138,11,79.9,,,10,0,0,0,,0,4,2,8,0.1,,,0,7,11,5,24,,,16,20,11,268,0.1,0.1
437,Antoine Mendy,SEN,DF,Nice,Ligue 1,21,9.7,871,1.77,62.0,0,23,326,76,81.8,,,4,3,0,0,,0,6,0,5,0.4,,,0,7,33,5,44,,,27,33,20,642,0.0,0.4
438,Rodrigo Mendoza,ESP,MFFW,Elche,La Liga,20,6.0,544,1.82,72.0,0,4,227,1,82.7,,,11,0,1,1,,1,2,8,16,0.7,,,9,16,23,38,30,,,7,9,4,361,0.3,0.7
439,Brais Méndez,ESP,MF,Real Sociedad,La Liga,28,7.3,658,1.84,76.0,2,6,222,2,74.5,,,6,0,4,2,,2,3,12,20,1.7,,,9,15,39,32,33,,,8,11,5,409,1.0,1.7
440,Nuno Mendes,POR,DF,Paris S-G,Ligue 1,23,5.4,490,1.76,70.0,1,9,292,6,87.7,,,7,0,3,2,,2,4,10,16,1.2,,,8,23,31,48,32,,,8,12,7,512,1.1,1.2
441,Bamo Meïté,CIV,DF,Lorient,Ligue 1,23,5.5,495,1.83,75.0,0,6,212,21,86.8,,,1,0,0,0,,0,3,0,8,0.1,,,0,8,23,4,14,,,4,7,3,371,0.0,0.1
442,Henrik Meister,DEN,FW,Pisa,Serie A,21,5.5,492,ND,ND,0,4,52,3,47.8,,,8,0,0,0,,0,0,0,18,0.5,,,0,6,5,21,9,,,1,1,1,95,0.0,0.5
443,Scott McTominay,SCO,MF,Napoli,Serie A,28,9.0,811,1.92,85.0,1,5,209,8,81.8,,,22,1,3,2,,2,6,6,15,2.0,,,3,9,21,50,30,,,9,15,5,356,0.4,2.0
444,Mark McKenzie,USA,DF,Toulouse,Ligue 1,26,10.2,916,1.83,80.0,0,14,260,43,81.7,,,0,0,0,0,,0,8,4,3,0.0,,,1,7,33,11,29,,,16,24,11,587,0.3,0.0
445,Weston McKennie,USA,MFDF,Juventus,Serie A,26,6.2,559,1.85,79.0,0,4,135,9,80.5,,,5,1,0,0,,0,4,9,7,1.3,,,6,13,34,33,16,,,10,14,7,329,0.6,1.3
446,John McGinn,SCO,MFFW,Aston Villa,Premier League,30,9.3,837,1.78,70.0,0,10,232,5,77.6,,,13,0,1,1,,1,8,12,18,1.0,,,15,11,38,26,35,,,15,23,8,428,1.0,1.0
447,Moustapha Mbow,SEN,DF,Paris FC,Ligue 1,25,11.0,990,1.87,74.0,0,14,429,49,91.9,,,2,0,0,0,,0,16,2,4,0.5,,,0,1,36,1,47,,,21,37,9,743,0.1,0.5
448,Pathé Mboup,SEN,FW,Brest,Ligue 1,21,4.7,422,ND,ND,0,4,111,3,69.0,,,10,0,0,0,,0,7,3,24,1.5,,,4,10,13,25,31,,,9,16,8,158,0.6,1.5
449,Bryan Mbeumo,CMR,MF,Manchester Utd,Premier League,25,10.6,955,1.71,65.0,1,9,270,3,74.1,,,15,0,6,5,,5,3,19,35,3.2,,,18,29,29,97,34,,,3,6,1,495,2.5,3.2
450,Chancel Mbemba,COD,DF,Lille,Ligue 1,30,4.5,406,1.82,80.0,0,5,186,26,91.5,,,3,2,0,0,,0,4,2,3,0.2,,,0,3,21,1,17,,,14,18,9,330,0.2,0.2
451,Ibrahim Mbaye,SEN,FW,Paris S-G,Ligue 1,17,5.0,453,ND,ND,0,3,261,1,85.1,,,5,0,0,0,,0,3,9,23,0.4,,,8,28,17,74,19,,,7,10,5,368,0.8,0.4
452,Kylian Mbappé,FRA,FW,Real Madrid,La Liga,26,11.6,1043,1.78,73.0,2,3,379,0,88.7,,,12,0,15,10,,13,0,32,21,7.7,,,18,46,51,110,23,,,0,0,0,586,2.6,10.8
453,Samuel Mbangula,BEL,FW,Werder Bremen,Bundesliga,21,6.5,583,ND,ND,1,4,178,2,83.0,,,12,0,4,3,,3,4,6,14,0.5,,,3,15,22,25,32,,,11,15,6,297,0.5,0.5
454,Joakim Mæhle,DEN,DFFW,Wolfsburg,Bundesliga,28,4.7,424,1.85,76.0,1,10,158,12,82.1,,,4,1,1,0,,0,11,6,12,0.4,,,2,7,15,23,30,,,12,23,7,299,1.0,0.4
455,Senny Mayulu,FRA,MFFW,Paris S-G,Ligue 1,19,6.3,564,ND,ND,1,6,223,1,85.4,,,7,0,2,1,,1,1,10,16,1.7,,,6,13,13,39,28,,,23,24,12,352,1.0,1.7
456,Borja Mayoral,ESP,FW,Getafe,La Liga,28,7.2,646,1.81,68.0,1,4,114,3,75.8,,,13,0,5,4,,4,3,4,15,1.8,,,2,0,17,22,21,,,4,7,3,215,0.2,1.8
457,Christian Mawissa,FRA,DF,Monaco,Ligue 1,20,5.8,518,ND,ND,0,5,294,31,93.2,,,2,0,0,0,,0,11,0,4,0.0,,,0,4,19,2,30,,,10,21,8,499,0.0,0.0
458,Konstantinos Mavropanos,GRE,DF,West Ham,Premier League,27,5.5,495,1.91,78.0,0,7,178,45,87.4,,,0,0,0,0,,0,7,0,3,0.4,,,1,2,17,0,20,,,2,9,1,329,0.0,0.4
459,Jean Mattéo Bahoya,FRA,FW,Eint Frankfurt,Bundesliga,20,4.9,438,1.8,75.0,1,13,149,7,75.3,,,8,0,3,2,,2,4,10,17,1.4,,,6,24,9,46,23,,,14,18,3,240,1.5,1.4
460,Chrislain Matsima,FRA,DF,Augsburg,Bundesliga,23,10.0,900,1.9,83.0,1,19,289,58,84.6,,,2,1,2,1,,1,25,3,7,0.3,,,2,2,30,3,52,,,11,36,6,633,0.5,0.3
461,Nemanja Matić,SRB,MF,Sassuolo,Serie A,36,9.9,891,1.94,85.0,0,7,351,21,81.6,,,11,0,0,0,,0,8,7,13,0.0,,,4,9,47,14,61,,,18,26,12,638,0.3,0.0
462,Jean-Philippe Mateta,FRA,FW,Crystal Palace,Premier League,28,10.7,959,1.92,82.0,0,6,119,18,63.0,,,13,1,6,4,,6,5,3,23,6.5,,,5,6,10,47,24,,,5,10,3,257,0.3,8.1
463,Pape Matar Sarr,SEN,MF,Tottenham,Premier League,22,6.4,573,1.8,68.0,2,5,176,15,82.1,,,7,1,4,2,,2,6,4,8,0.7,,,2,11,21,23,31,,,10,16,6,330,0.6,0.7
464,Clinton Mata,ANG,DF,Lyon,Ligue 1,32,11.8,1061,1.85,72.0,0,19,512,54,89.7,,,2,0,0,0,,0,10,1,9,0.1,,,2,3,30,3,41,,,14,24,4,840,0.1,0.1
465,Franco Mastantuono,ARG,FWDF,Real Madrid,La Liga,17,6.1,546,ND,ND,0,8,265,1,85.9,,,13,1,1,1,,1,0,7,24,2.0,,,10,7,18,69,22,,,12,12,8,416,0.7,2.0
466,Han-Noah Massengo,FRA,MF,Augsburg,Bundesliga,24,9.5,857,1.75,64.0,1,9,278,17,85.4,,,8,0,2,1,,1,13,7,13,0.4,,,2,16,42,8,52,,,16,29,8,520,0.8,0.4
467,Patrizio Masini,ITA,MF,Genoa,Serie A,24,9.3,835,ND,ND,0,19,223,28,73.8,,,10,0,0,0,,0,14,4,15,1.2,,,4,11,40,12,60,,,44,58,26,533,0.2,1.2
468,Adam Marušić,MNE,DF,Lazio,Serie A,32,8.6,771,1.85,76.0,1,6,281,18,87.1,,,2,0,1,0,,0,7,1,4,0.0,,,1,9,30,29,27,,,16,23,6,562,0.4,0.0
469,Toni Martínez,ESP,FW,Alavés,La Liga,28,8.8,795,1.77,77.0,1,5,135,11,54.3,,,10,0,3,2,,2,3,3,17,1.8,,,2,6,8,36,25,,,7,10,3,283,0.2,1.8
470,Pablo Martínez,ESP,MF,Levante,La Liga,27,5.8,526,ND,ND,1,10,124,14,71.9,,,8,0,1,0,,0,6,7,3,0.7,,,5,8,20,12,24,,,8,14,4,261,0.8,0.7
471,Lautaro Martínez,ARG,FW,Inter,Serie A,27,9.1,818,1.74,72.0,2,4,162,5,74.3,,,9,1,6,4,,4,1,13,15,4.2,,,13,11,27,66,19,,,7,8,3,318,1.6,4.2
472,Arnau Martinez,ESP,DFMF,Girona,La Liga,22,7.6,682,1.81,75.0,1,7,274,29,80.8,,,7,0,2,1,,1,11,1,7,0.4,,,3,14,28,25,21,,,18,29,10,520,0.1,0.4
473,Mario Martín,ESP,MFFW,Getafe,La Liga,21,8.2,739,ND,ND,0,15,150,9,74.9,,,8,0,2,2,,2,3,2,16,0.7,,,1,14,17,20,25,,,20,23,15,318,0.1,0.7
474,Iván Martín,ESP,MF,Girona,La Liga,26,8.8,795,1.78,70.0,1,4,356,11,85.9,,,13,1,1,0,,0,6,6,8,0.1,,,3,14,35,17,49,,,20,26,13,552,0.2,0.1
475,Gerard Martín,ESP,DF,Barcelona,La Liga,23,4.4,400,ND,ND,0,5,197,15,85.3,,,1,0,0,0,,0,5,6,3,0.0,,,4,6,28,34,16,,,11,16,7,386,0.4,0.0
476,Aarón Martín,ESP,DF,Genoa,Serie A,28,7.4,670,1.8,72.0,2,6,225,14,69.2,,,7,0,2,0,,0,4,23,9,0.2,,,8,8,29,28,27,,,13,17,10,454,3.5,0.2
477,Eric Martel,GER,MFDF,Köln,Bundesliga,23,9.6,868,1.87,81.0,2,21,302,57,85.5,,,7,0,2,0,,0,14,6,3,0.1,,,5,2,36,9,36,,,9,23,6,604,0.9,0.1
478,Guillermo Maripán,CHI,DF,Torino,Serie A,31,9.2,831,1.93,83.0,0,18,197,65,86.2,,,5,1,1,1,,1,15,2,2,0.8,,,2,3,24,4,27,,,15,30,6,498,0.1,0.8
479,Pablo Marín,ESP,MF,Real Sociedad,La Liga,22,6.0,541,1.8,73.0,0,1,148,6,78.2,,,5,0,0,0,,0,1,2,14,0.5,,,2,13,12,21,22,,,5,6,4,237,0.1,0.5
480,Marius Marin,ROU,MF,Pisa,Serie A,26,6.2,556,ND,ND,0,4,84,10,69.2,,,4,1,0,0,,0,5,0,4,0.0,,,3,2,16,9,22,,,18,23,13,231,0.0,0.0
481,Rafa Marín,ESP,DF,Villarreal,La Liga,23,9.0,810,1.91,73.0,0,10,372,55,92.0,,,0,2,1,1,,1,6,1,2,0.3,,,1,2,30,0,30,,,17,23,10,614,0.0,0.3
482,Pablo Marí,ESP,DF,Fiorentina,Serie A,31,6.1,553,1.91,77.0,0,7,185,31,90.6,,,0,0,0,0,,0,17,1,0,0.0,,,0,0,9,1,18,,,9,26,5,368,0.0,0.0
483,Marcão,BRA,DF,Sevilla,La Liga,29,8.2,736,1.85,77.0,0,10,248,44,86.8,,,0,2,0,0,,0,4,0,6,0.4,,,2,7,21,0,25,,,11,15,4,434,0.0,0.4
484,Johan Manzambi,SUI,MF,Freiburg,Bundesliga,19,7.0,630,ND,ND,1,10,265,15,86.2,,,8,1,1,0,,0,8,6,25,0.9,,,6,19,39,30,38,,,7,15,3,439,1.1,0.9
485,Rolando Mandragora,ITA,MF,Fiorentina,Serie A,28,8.6,775,1.83,76.0,0,8,168,14,73.7,,,6,0,2,2,,2,6,10,8,1.0,,,6,4,30,16,21,,,21,27,10,416,1.1,1.0
486,Aïssa Mandi,ALG,DF,Lille,Ligue 1,33,8.8,793,1.86,78.0,0,6,406,26,89.3,,,0,0,0,0,,0,13,6,3,0.1,,,2,12,58,3,38,,,15,28,10,674,0.5,0.1
487,Reinildo Mandava,MOZ,DFMF,Sunderland,Premier League,31,7.4,662,1.8,74.0,0,3,237,34,83.1,,,4,0,0,0,,0,9,0,9,0.1,,,2,15,32,14,22,,,16,25,8,431,0.0,0.1
488,Gianluca Mancini,ITA,DF,Roma,Serie A,29,10.9,984,1.9,85.0,1,14,360,44,86.1,,,2,2,1,0,,0,24,5,6,0.4,,,2,9,29,11,34,,,23,47,9,694,0.5,0.4
489,Ruslan Malinovskyi,UKR,MF,Genoa,Serie A,32,6.7,606,1.81,79.0,1,4,231,4,80.1,,,10,0,2,1,,1,6,12,12,0.5,,,8,9,42,16,32,,,6,12,5,397,1.4,0.5
490,Jordy Makengo,FRA,DF,Freiburg,Bundesliga,23,6.3,567,ND,ND,0,8,169,21,78.7,,,3,2,0,0,,0,4,3,9,0.0,,,5,15,20,16,24,,,12,16,6,353,0.3,0.0
491,Ainsley Maitland-Niles,ENG,DFFW,Lyon,Ligue 1,27,11.8,1066,1.8,67.0,2,14,360,32,83.4,,,9,0,3,1,,1,14,8,13,0.8,,,11,14,37,51,44,,,27,41,17,676,2.0,1.6
492,Patrick Mainka,GER,DF,Heidenheim,Bundesliga,30,10.0,900,1.92,90.0,1,24,225,74,88.3,,,0,1,1,0,,0,12,3,2,0.7,,,0,2,23,4,38,,,11,23,6,534,0.6,0.7
493,Frank Magri,CMR,FWMF,Toulouse,Ligue 1,25,10.5,946,1.78,75.0,0,7,155,10,70.3,,,17,0,4,4,,4,3,10,27,2.6,,,5,11,20,46,20,,,5,8,2,289,1.2,3.3
494,Hugo Magnetti,FRA,MF,Brest,Ligue 1,27,9.7,870,1.8,75.0,0,7,255,13,84.1,,,5,1,0,0,,0,11,5,8,0.3,,,4,1,35,6,47,,,21,32,13,451,0.6,0.3
495,Gabriel Magalhães,BRA,DF,Arsenal,Premier League,27,11.0,990,1.9,78.0,2,17,484,65,89.5,,,0,2,3,1,,1,10,4,5,0.8,,,1,6,39,1,15,,,12,22,6,831,1.4,0.8
496,Pablo Maffeo,ESP,DF,Mallorca,La Liga,28,7.3,660,1.73,68.0,0,16,200,38,72.2,,,5,0,1,1,,1,14,4,6,0.2,,,6,7,26,28,33,,,23,37,9,437,0.1,0.2
497,Alexis Mac Allister,ARG,MF,Liverpool,Premier League,26,7.1,638,1.74,72.0,2,10,270,12,85.2,,,6,0,2,0,,0,6,9,9,0.7,,,5,13,26,18,29,,,10,16,4,432,1.3,0.7
498,Senne Lynen,BEL,MF,Werder Bremen,Bundesliga,26,8.8,791,ND,ND,0,21,254,26,86.2,,,2,1,0,0,,0,17,5,10,0.2,,,4,2,35,5,45,,,18,35,4,536,0.2,0.2
499,Sebastiano Luperto,ITA,DF,Cagliari,Serie A,28,8.0,720,1.91,75.0,0,4,231,32,89.4,,,0,0,1,1,,1,8,0,1,0.3,,,1,4,13,0,17,,,3,11,3,399,0.0,0.3
500,Kristoffer Lund,USA,DF,Köln,Bundesliga,23,7.0,630,1.84,80.0,0,4,159,35,72.4,,,3,0,0,0,,0,6,4,12,0.2,,,6,10,14,19,21,,,8,14,6,375,0.2,0.2
501,Saša Lukić,SRB,MF,Fulham,Premier League,28,7.5,676,1.83,73.0,1,12,181,13,81.1,,,4,2,2,1,,1,6,13,5,1.5,,,5,14,23,21,24,,,17,23,9,358,1.1,1.5
502,Castello Lukeba,FRA,DF,RB Leipzig,Bundesliga,22,9.0,810,1.84,73.0,0,21,414,57,88.5,,,1,2,1,1,,1,15,1,5,1.0,,,0,6,26,3,49,,,12,27,6,711,0.0,1.0
503,José Luis Gayà,ESP,DF,Valencia,La Liga,30,8.2,741,1.72,64.0,0,8,202,29,76.3,,,3,1,0,0,,0,7,9,4,0.0,,,8,18,25,38,31,,,20,27,8,412,1.0,0.0
504,Florentino Luís,POR,MF,Burnley,Premier League,25,7.3,657,1.83,80.0,1,17,216,16,88.6,,,4,0,1,0,,0,10,5,4,0.4,,,1,2,28,6,31,,,35,45,21,407,0.2,0.4
505,Jhon Lucumí,COL,DF,Bologna,Serie A,27,8.6,771,1.85,83.0,0,5,384,36,89.4,,,3,2,1,1,,1,9,3,5,0.7,,,2,6,32,2,46,,,13,22,7,635,0.1,0.7
506,Pol Lozano,ESP,MF,Espanyol,La Liga,25,10.1,906,1.76,68.0,0,3,266,10,86.5,,,6,0,1,1,,1,10,7,6,0.2,,,5,5,52,3,32,,,14,24,6,469,0.5,0.2
507,Tom Louchet,FRA,DFMF,Nice,Ligue 1,22,5.3,477,1.76,65.0,2,10,123,19,71.8,,,4,0,2,0,,0,7,10,7,0.1,,,4,4,15,22,21,,,15,22,6,265,1.7,0.1
508,Unai López,ESP,MF,Rayo Vallecano,La Liga,29,7.2,652,1.69,64.0,2,4,253,7,84.6,,,5,2,2,0,,0,9,14,9,0.3,,,4,6,43,12,41,,,15,24,7,537,0.8,0.3
509,Maxime Lopez,FRA,MF,Paris FC,Ligue 1,27,12.0,1080,1.67,58.0,3,5,629,5,86.8,,,9,1,3,0,,0,5,31,12,0.3,,,21,37,119,39,62,,,14,19,11,1112,3.5,0.3
510,Fermin López,ESP,MFFW,Barcelona,La Liga,22,5.4,485,ND,ND,2,2,169,1,81.2,,,7,1,5,3,,3,1,9,12,1.5,,,4,14,22,38,16,,,12,13,7,301,2.7,1.5
511,Diego López,ESP,MFFW,Valencia,La Liga,23,9.6,866,1.72,63.0,0,4,186,7,67.9,,,9,1,2,2,,2,4,7,19,1.6,,,5,23,26,47,27,,,8,12,5,321,0.6,1.6
512,Ademola Lookman,NGA,FWMF,Atalanta,Serie A,27,5.0,446,1.74,70.0,0,2,138,0,76.6,,,8,0,1,1,,1,2,9,11,1.5,,,11,26,18,40,14,,,4,6,3,196,0.5,1.5
513,Sean Longstaff,ENG,MF,Leeds United,Premier League,27,8.8,788,1.81,77.0,2,15,211,7,81.8,,,9,0,3,1,,1,8,18,7,0.7,,,3,2,25,14,32,,,32,40,21,485,1.8,0.7
514,Bradley Locko,FRA,DF,Brest,Ligue 1,23,10.3,927,1.8,65.0,1,6,265,21,76.3,,,8,0,1,0,,0,8,7,17,0.1,,,8,12,35,37,42,,,35,43,17,552,1.0,0.1
515,Manuel Locatelli,ITA,MF,Juventus,Serie A,27,8.4,756,1.86,75.0,0,9,411,18,87.0,,,5,3,0,0,,0,16,12,9,0.6,,,12,9,79,5,43,,,25,41,18,756,0.4,0.6
516,Stanislav Lobotka,SVK,MF,Napoli,Serie A,30,5.8,519,1.7,72.0,1,3,278,4,93.6,,,2,0,1,0,,0,1,6,3,0.0,,,6,7,38,3,26,,,8,9,6,426,0.3,0.0
517,Danny Loader,CMR,MFFW,Auxerre,Ligue 1,24,9.1,822,1.8,70.0,0,6,215,8,78.6,,,23,0,2,2,,2,3,12,25,2.2,,,7,17,19,40,43,,,9,12,5,360,0.9,2.2
518,Giovani Lo Celso,ARG,MF,Betis,La Liga,29,8.7,779,1.75,68.0,2,5,374,4,84.0,,,12,0,3,1,,1,3,20,20,1.5,,,23,13,72,33,40,,,10,13,7,636,1.7,1.5
519,Gautier Lloris,FRA,DF,Le Havre,Ligue 1,30,10.4,933,1.91,83.0,1,6,513,58,93.3,,,1,0,2,1,,1,17,3,2,0.5,,,2,9,41,1,33,,,13,30,6,781,1.0,0.5
520,Marcos Llorente,ESP,DF,Atlético Madrid,La Liga,30,12.0,1080,1.82,71.0,3,8,559,29,87.2,,,2,0,3,0,,0,5,10,9,1.2,,,18,38,59,72,64,,,25,30,17,951,1.4,1.2
521,Valentino Livramento,ENG,DF,Newcastle Utd,Premier League,22,5.8,526,1.73,63.0,1,1,189,11,81.3,,,5,0,1,0,,0,2,3,7,0.0,,,5,14,24,38,28,,,6,8,4,333,0.2,0.0
522,Adrián Liso,ESP,FWMF,Getafe,La Liga,20,8.4,759,ND,ND,0,11,118,0,63.9,,,13,0,3,3,,3,1,0,27,1.1,,,1,10,9,46,27,,,10,11,8,242,0.0,1.1
523,Matthijs de Ligt,NED,DF,Manchester Utd,Premier League,25,11.0,990,1.89,89.0,0,11,317,60,86.5,,,1,1,1,1,,1,13,2,5,1.0,,,5,3,16,7,35,,,18,31,13,633,0.5,1.0
524,Philipp Lienhart,AUT,DF,Freiburg,Bundesliga,29,7.8,702,1.85,78.0,0,9,372,34,82.4,,,1,0,0,0,,0,6,3,4,0.3,,,5,14,39,7,26,,,10,16,6,662,0.1,0.3
525,Keane Lewis-Potter,ENG,DFFW,Brentford,Premier League,24,5.0,450,1.81,66.0,1,1,95,14,72.9,,,6,0,1,0,,0,2,5,4,0.2,,,4,10,9,20,19,,,7,9,5,182,0.6,0.2
526,Jamie Leweling,GER,FWMF,Stuttgart,Bundesliga,24,7.1,643,1.84,86.0,3,6,215,8,73.7,,,11,0,3,0,,0,6,12,16,0.9,,,12,36,16,75,20,,,1,7,1,321,1.5,0.9
527,Robert Lewandowski,POL,FW,Barcelona,La Liga,36,5.0,454,1.85,79.0,0,1,85,3,74.4,,,11,0,7,6,,7,0,3,15,4.2,,,1,4,4,32,5,,,1,1,1,147,0.3,5.8
528,Louis Leroux,FRA,DFMF,Nantes,Ligue 1,19,10.3,926,ND,ND,1,16,249,30,72.2,,,6,1,2,1,,1,3,10,10,0.3,,,7,8,28,27,36,,,19,22,11,491,0.4,0.3
529,Mehdi Léris,ALG,DF,Pisa,Serie A,27,5.3,473,1.86,79.0,1,7,115,14,68.0,,,4,0,1,0,,0,7,9,12,0.5,,,8,10,13,30,31,,,18,25,12,249,0.5,0.5
530,Johann Lepenant,FRA,MF,Nantes,Ligue 1,22,5.9,527,1.83,68.0,1,9,142,8,79.7,,,5,0,1,0,,0,6,8,8,0.2,,,4,4,27,8,35,,,22,28,16,282,0.6,0.2
531,Esteban Lepaul,FRA,FW,2 Teams,Ligue 1,25,11.0,990,1.77,72.0,3,0,113,7,71.9,,,5,0,11,8,,8,0,8,18,5.6,,,4,5,16,44,21,,,4,4,2,272,1.6,5.6
532,Tim Lemperle,GER,FW,Hoffenheim,Bundesliga,23,7.1,639,1.87,78.0,1,12,113,12,70.2,,,6,0,5,3,,4,2,9,20,2.5,,,7,16,14,53,15,,,7,9,6,260,1.0,3.3
533,Félix Lemaréchal,FRA,MFFW,Strasbourg,Ligue 1,21,5.4,484,1.81,75.0,2,8,161,7,76.4,,,9,1,2,0,,0,2,7,20,0.8,,,1,11,19,39,19,,,16,18,5,304,1.1,0.8
534,Youssef Lekhedim,ESP,DF,Alavés,La Liga,19,6.4,576,ND,ND,0,4,180,19,73.7,,,5,0,0,0,,0,5,5,10,0.3,,,9,10,17,34,28,,,10,15,5,384,0.3,0.3
535,Florian Lejeune,FRA,DF,Rayo Vallecano,La Liga,34,11.9,1070,1.88,81.0,0,14,454,60,88.5,,,1,0,0,0,,0,11,6,4,0.7,,,0,2,28,1,55,,,25,36,11,811,0.2,0.7
536,Diogo Leite,POR,DF,Union Berlin,Bundesliga,26,6.6,598,1.84,82.0,0,9,110,48,71.3,,,2,0,0,0,,0,9,2,6,0.0,,,0,1,23,2,22,,,8,17,4,286,0.2,0.0
537,Jordan Lefort,FRA,DF,Angers,Ligue 1,31,12.0,1080,1.83,80.0,1,11,372,71,87.4,,,2,1,1,0,,0,16,4,4,0.2,,,3,4,18,0,46,,,16,32,11,757,0.7,0.2
538,Pierre Lees-Melou,FRA,MF,2 Teams,Ligue 1,32,11.0,993,1.85,67.0,1,19,351,16,83.3,,,5,1,2,1,,1,9,8,10,0.8,,,10,10,65,17,65,,,30,39,19,687,0.7,0.8
539,Rafael Leão,POR,FW,Milan,Serie A,26,5.0,453,1.89,79.0,1,1,134,2,75.9,,,5,0,5,2,,4,1,5,19,1.6,,,6,16,16,35,12,,,1,2,1,209,2.0,3.2
540,Robin Le Normand,ESP,DF,Atlético Madrid,La Liga,28,9.8,886,1.87,84.0,0,9,387,48,91.2,,,0,1,1,1,,1,5,0,7,0.4,,,0,3,32,0,23,,,16,21,9,634,0.0,0.4
541,Enzo Le Fée,FRA,FWMF,Sunderland,Premier League,25,7.7,693,1.7,65.0,1,17,223,13,79.1,,,9,2,2,0,,1,4,9,19,0.2,,,7,13,20,39,38,,,23,27,13,395,0.7,1.0
542,Théo Le Bris,FRA,DF,Lorient,Ligue 1,22,6.4,579,1.65,52.0,1,6,182,9,82.2,,,1,0,3,2,,2,2,6,5,1.0,,,11,18,20,45,20,,,14,16,9,308,0.6,1.0
543,Valentino Lazaro,AUT,DFMF,Torino,Serie A,29,7.9,708,1.8,73.0,1,8,173,23,77.9,,,2,0,1,0,,0,4,9,8,0.1,,,12,12,28,24,37,,,16,20,8,423,0.5,0.1
544,Armand Lauriente,FRA,FW,Sassuolo,Serie A,26,7.0,626,1.71,59.0,1,11,159,8,78.0,,,15,0,3,2,,2,1,7,27,0.6,,,5,21,19,55,17,,,7,8,3,280,0.5,0.6
545,Josh Laurent,ENG,DFMF,Burnley,Premier League,30,6.2,561,1.88,70.0,0,11,136,15,75.1,,,1,0,0,0,,0,14,1,3,0.2,,,1,7,12,11,15,,,4,18,2,244,0.2,0.2
546,Hugo Larsson,SWE,MF,Eint Frankfurt,Bundesliga,21,5.7,515,ND,ND,2,6,155,5,80.1,,,2,0,2,0,,0,9,7,5,0.1,,,3,1,24,16,29,,,7,16,4,347,0.3,0.1
547,Aymeric Laporte,ESP,DF,Athletic Club,La Liga,31,7.2,647,1.89,85.0,1,6,268,51,91.0,,,1,0,1,0,,0,8,1,5,0.1,,,0,7,32,0,29,,,4,12,3,513,0.1,0.1
548,Kenny Lala,MAD,DF,Brest,Ligue 1,33,11.9,1067,1.78,79.0,1,12,397,32,75.5,,,4,0,1,0,,0,6,11,9,0.1,,,25,17,42,33,52,,,15,21,8,728,1.7,0.1
549,Konrad Laimer,AUT,DF,Bayern Munich,Bundesliga,28,8.7,786,1.79,68.0,3,10,428,13,86.7,,,5,1,4,1,,1,5,18,15,1.0,,,14,37,64,63,42,,,16,21,9,692,2.5,1.0
550,Maxence Lacroix,FRA,DF,Crystal Palace,Premier League,25,11.0,990,1.9,89.0,1,13,327,76,85.3,,,3,1,1,0,,0,17,2,6,0.5,,,1,0,17,3,27,,,20,37,13,609,0.6,0.5
551,Adrián de la Fuente,ESP,DF,Levante,La Liga,26,8.6,772,1.8,71.0,0,12,241,55,75.1,,,0,0,0,0,,0,10,2,6,0.2,,,5,4,19,8,28,,,9,19,5,458,0.0,0.2
552,Khvicha Kvaratskhelia,GEO,FW,Paris S-G,Ligue 1,24,5.5,497,1.83,74.0,2,7,276,2,86.2,,,10,0,3,1,,1,4,10,16,1.2,,,13,29,22,85,12,,,11,15,4,423,1.6,1.2
553,Mohammed Kudus,GHA,FWMF,Tottenham,Premier League,24,9.7,875,1.77,75.0,4,6,250,1,72.3,,,30,0,5,1,,1,0,14,37,1.5,,,12,32,22,79,47,,,19,19,12,437,2.0,1.5
554,Takefusa Kubo,JPN,MFFW,Real Sociedad,La Liga,24,6.2,562,1.7,63.0,0,5,190,2,71.1,,,7,0,1,1,,1,1,10,17,1.0,,,7,25,17,62,20,,,10,11,6,289,1.0,1.0
555,Lukas Kübler,GER,DF,Freiburg,Bundesliga,32,6.3,564,1.83,72.0,1,3,143,27,81.9,,,2,0,2,1,,1,12,4,2,1.4,,,4,6,17,15,19,,,14,26,10,349,0.3,1.4
556,Nikola Krstović,MNE,FW,Atalanta,Serie A,25,5.4,490,1.85,80.0,3,1,122,2,77.5,,,3,0,5,2,,2,1,9,19,3.4,,,2,9,15,36,19,,,2,3,1,208,0.5,3.4
557,Thomas Kristensen,DEN,DF,Udinese,Serie A,23,5.0,450,ND,ND,0,6,191,45,87.8,,,0,0,1,1,,1,5,2,1,0.3,,,1,6,10,2,10,,,4,9,3,324,0.0,0.3
558,Rasmus Kristensen,DEN,DF,Eint Frankfurt,Bundesliga,28,5.9,528,1.76,70.0,0,8,259,28,82.5,,,3,0,1,1,,1,6,4,3,0.2,,,6,11,46,26,33,,,21,27,15,526,0.7,0.2
559,Ladislav Krejčí,CZE,DFMF,2 Teams,2 Comps,26,10.0,900,1.8,69.0,1,17,415,34,85.8,,,3,0,2,1,,1,8,5,4,1.1,,,5,7,45,6,32,,,12,20,4,664,0.7,1.1
560,Jean-Philippe Krasso,CIV,FW,Paris FC,Ligue 1,28,5.8,526,1.87,82.0,1,7,96,2,67.5,,,6,0,3,1,,2,1,11,31,1.3,,,2,3,7,34,6,,,3,4,3,219,1.4,2.1
561,Andrej Kramarić,CRO,MFFW,Hoffenheim,Bundesliga,34,6.7,599,1.8,75.0,3,2,180,5,78.0,,,6,0,6,2,,3,5,14,8,1.3,,,13,18,31,46,29,,,1,6,0,386,1.5,2.1
562,Jules Koundé,FRA,DF,Barcelona,La Liga,26,8.4,758,1.78,70.0,0,7,405,19,86.9,,,7,2,1,1,,1,9,5,12,0.4,,,4,18,37,39,26,,,16,25,8,684,0.2,0.4
563,Konstantinos Koulierakis,GRE,DF,Wolfsburg,Bundesliga,21,9.0,810,ND,ND,0,10,315,55,84.1,,,2,1,0,0,,0,16,3,2,1.3,,,1,6,27,3,26,,,11,27,7,619,0.2,1.3
564,Arsène Kouassi,BFA,DFMF,Lorient,Ligue 1,20,11.1,1002,ND,ND,2,6,327,23,79.7,,,4,0,3,1,,1,10,14,10,0.1,,,8,45,30,64,47,,,9,19,7,551,1.5,0.1
565,Koffi Kouao,CIV,DF,Metz,Ligue 1,27,11.6,1042,ND,ND,0,11,412,33,84.5,,,7,0,0,0,,0,9,6,16,0.6,,,6,21,43,41,51,,,31,40,21,670,0.4,0.6
566,Odilon Kossounou,CIV,DF,Atalanta,Serie A,24,5.5,492,1.88,72.0,0,5,221,18,93.7,,,2,1,0,0,,0,3,1,10,0.0,,,0,4,26,5,21,,,10,13,7,369,0.0,0.0
567,Teun Koopmeiners,NED,MFDF,Juventus,Serie A,27,6.6,593,1.86,80.0,0,9,253,13,84.5,,,1,0,0,0,,0,6,9,3,0.5,,,4,18,43,15,25,,,13,19,3,457,0.4,0.5
568,Ezri Konsa,ENG,DF,Aston Villa,Premier League,27,9.7,875,1.83,77.0,0,15,433,38,93.9,,,1,1,0,0,,0,6,1,8,0.0,,,1,5,28,3,30,,,4,10,2,703,0.0,0.0
569,Ransford Königsdörffer,GHA,FW,Hamburger SV,Bundesliga,23,7.5,679,1.79,72.0,1,3,117,3,69.6,,,8,0,2,1,,1,1,5,14,2.7,,,2,12,10,40,12,,,0,1,0,200,0.4,3.5
570,Manu Koné,FRA,MF,Roma,Serie A,24,11.0,990,1.81,72.0,0,8,393,11,91.9,,,14,1,0,0,,0,4,11,27,0.9,,,12,16,68,15,51,,,18,22,10,635,0.9,0.9
571,Ismaël Koné,CAN,MF,Sassuolo,Serie A,23,7.9,710,1.88,76.0,0,7,202,8,89.6,,,3,0,1,1,,1,4,9,17,0.4,,,5,12,30,15,25,,,7,11,3,322,0.5,0.4
572,Ibrahima Konaté,FRA,DF,Liverpool,Premier League,26,10.2,922,1.93,84.0,0,10,467,69,90.2,,,4,3,0,0,,0,6,5,1,0.8,,,2,12,41,0,28,,,17,23,10,800,0.5,0.8
573,Mert Kömür,GER,FWMF,Augsburg,Bundesliga,20,7.0,630,ND,ND,2,8,176,16,73.1,,,10,0,4,2,,2,3,12,19,1.5,,,7,19,20,35,21,,,4,7,2,322,1.2,1.5
574,Koke,ESP,MF,Atlético Madrid,La Liga,33,8.5,763,1.7,74.0,2,5,463,10,92.4,,,7,0,2,0,,0,5,12,5,0.1,,,10,2,58,8,35,,,15,20,8,723,1.0,0.1
575,Dominik Kohr,GER,DF,Mainz 05,Bundesliga,31,8.0,718,1.93,75.0,0,9,217,31,80.9,,,0,2,1,1,,1,14,5,7,0.8,,,5,6,48,10,33,,,14,28,9,455,0.5,0.8
576,Derrick Köhn,GHA,DF,Union Berlin,Bundesliga,26,5.9,527,1.8,74.0,0,10,111,12,68.5,,,10,1,0,0,,0,2,1,15,0.3,,,3,6,8,25,22,,,10,12,7,260,0.1,0.3
577,Robin Koch,GER,DF,Eint Frankfurt,Bundesliga,29,10.0,900,1.92,82.0,0,8,550,74,91.4,,,1,3,2,2,,2,10,5,7,0.9,,,3,3,55,5,33,,,9,19,3,911,0.1,0.9
578,Ansgar Knauff,GER,FWMF,Eint Frankfurt,Bundesliga,23,4.8,433,1.8,70.0,0,1,121,4,69.5,,,7,0,2,2,,2,4,9,13,1.2,,,9,18,9,58,21,,,5,9,5,201,1.2,1.2
579,Joshua King,ENG,MF,Fulham,Premier League,18,7.3,661,ND,ND,0,11,161,4,77.2,,,11,1,0,0,,0,1,6,23,0.8,,,6,19,23,41,25,,,16,17,7,246,0.2,0.8
580,Joshua Kimmich,GER,MF,Bayern Munich,Bundesliga,30,8.7,779,1.76,70.0,2,3,663,6,90.0,,,2,1,3,1,,1,8,17,8,0.9,,,22,11,78,19,35,,,8,16,6,972,1.3,0.9
581,Max Kilman,ENG,DF,West Ham,Premier League,28,11.0,990,1.92,78.0,0,16,318,71,88.9,,,2,0,0,0,,0,6,3,1,0.5,,,1,4,24,1,31,,,10,16,7,590,0.2,0.5
582,Kiké,ESP,FW,Espanyol,La Liga,35,5.0,447,1.86,79.0,0,2,83,1,62.2,,,10,0,2,1,,2,2,9,15,2.8,,,3,6,11,38,10,,,3,5,2,169,0.7,3.5
583,Kialonda,ANG,DF,Lecce,Serie A,27,11.0,990,1.93,83.0,0,13,266,58,84.9,,,0,2,0,0,,0,4,0,5,0.7,,,0,1,23,3,20,,,13,17,5,564,0.0,0.7
584,Rani Khedira,GER,MF,Union Berlin,Bundesliga,31,9.8,882,1.85,78.0,0,8,125,30,64.7,,,3,1,1,1,,1,15,6,7,0.2,,,5,7,21,11,37,,,27,42,17,332,0.4,0.2
585,Bilal El Khannouss,MAR,MFFW,Stuttgart,Bundesliga,21,6.9,620,1.8,70.0,2,8,223,2,77.1,,,7,0,4,2,,2,1,19,17,1.0,,,15,22,45,47,16,,,8,9,6,424,1.6,1.0
586,Milos Kerkez,HUN,DF,Liverpool,Premier League,21,7.7,695,ND,ND,0,5,248,36,80.9,,,1,2,1,1,,1,4,5,10,0.8,,,7,12,35,40,27,,,12,16,7,493,0.6,0.8
587,Marc-Oliver Kempf,GER,DF,Como,Serie A,30,6.7,607,1.85,88.0,0,11,264,37,88.8,,,0,0,2,2,,2,1,0,4,1.0,,,0,5,9,1,24,,,4,5,2,483,0.0,1.0
588,Lloyd Kelly,ENG,DF,Juventus,Serie A,26,9.0,810,1.81,69.0,0,7,360,34,87.8,,,4,0,1,1,,1,4,3,11,0.4,,,0,10,47,11,45,,,13,17,9,638,0.2,0.4
589,Mandela Keita,BEL,MF,Parma,Serie A,23,8.9,803,1.8,78.0,0,9,221,7,86.2,,,8,1,0,0,,0,10,3,9,0.1,,,0,8,13,6,48,,,21,31,15,366,0.0,0.1
590,Thilo Kehrer,GER,DF,Monaco,Ligue 1,28,7.4,667,1.86,72.0,0,18,372,30,84.8,,,0,2,0,0,,0,9,0,4,1.2,,,1,9,46,1,34,,,19,28,9,653,0.0,1.2
591,Yassine Kechta,MAR,MF,Le Havre,Ligue 1,23,7.9,709,ND,ND,1,10,172,9,75.4,,,11,1,2,1,,1,7,8,25,0.5,,,9,13,23,32,37,,,14,21,6,325,0.9,0.5
592,Ilan Kebbal,ALG,FWMF,Paris FC,Ligue 1,27,11.6,1046,1.66,51.0,4,6,539,3,81.4,,,21,0,9,4,,5,2,29,19,2.5,,,18,43,82,89,53,,,14,16,8,848,1.9,3.3
593,Michael Keane,ENG,DF,Everton,Premier League,32,10.7,964,1.91,72.0,0,15,292,79,84.8,,,1,0,2,2,,2,8,1,3,0.9,,,1,2,24,2,30,,,9,17,5,539,0.1,0.9
594,Moise Kean,ITA,FW,Fiorentina,Serie A,25,9.8,886,1.82,77.0,0,2,127,4,72.0,,,15,0,2,1,,2,2,0,27,4.9,,,1,15,5,43,12,,,3,5,2,197,0.0,5.6
595,Michael Kayode,ITA,DF,Brentford,Premier League,21,10.6,952,ND,ND,0,9,243,31,74.1,,,10,0,0,0,,0,11,15,10,0.1,,,9,19,21,41,51,,,19,30,10,574,1.5,0.1
596,Jesper Karlström,SWE,MF,Udinese,Serie A,30,10.8,971,1.79,81.0,0,11,255,28,79.1,,,6,3,1,1,,1,13,7,9,0.3,,,2,13,43,10,51,,,20,33,11,549,0.6,0.3
597,Dermane Karim,TOG,MFFW,Lorient,Ligue 1,21,7.2,646,ND,ND,1,6,226,3,79.3,,,16,0,1,0,,0,5,6,17,0.6,,,2,24,30,43,33,,,13,18,9,311,1.3,0.6
598,Atakan Karazor,TUR,MF,Stuttgart,Bundesliga,28,6.1,545,1.9,79.0,0,8,174,25,85.7,,,3,1,0,0,,0,5,1,10,0.2,,,1,3,19,13,18,,,11,16,9,380,0.0,0.2
599,Adam Karabec,CZE,FW,Lyon,Ligue 1,22,7.2,650,ND,ND,0,6,156,1,68.1,,,3,1,1,1,,1,1,10,17,1.4,,,10,16,19,51,13,,,3,4,2,278,0.5,1.4
600,Lee Kang-in,KOR,MFFW,Paris S-G,Ligue 1,24,6.6,593,1.73,63.0,1,5,375,2,88.7,,,6,2,1,0,,0,1,18,10,1.0,,,13,13,56,46,30,,,5,6,3,543,1.5,1.0
601,Harry Kane,ENG,FWMF,Bayern Munich,Bundesliga,32,8.8,791,1.88,73.0,3,9,234,18,81.7,,,11,1,16,9,,13,4,16,14,4.0,,,9,10,36,38,22,,,7,11,3,373,3.0,7.1
602,Jakub Kamiński,POL,MFDF,Köln,Bundesliga,23,10.0,900,1.79,71.0,1,10,194,14,75.5,,,12,0,5,4,,4,6,19,16,2.7,,,5,22,26,51,39,,,13,19,9,402,2.4,2.7
603,Hassane Kamara,CIV,DF,Udinese,Serie A,31,6.9,617,1.66,62.0,1,6,183,22,76.4,,,3,1,1,0,,0,8,7,6,0.3,,,6,18,27,36,23,,,15,23,8,392,0.7,0.3
604,Boubacar Kamara,FRA,MF,Aston Villa,Premier League,25,7.2,645,1.78,68.0,2,9,257,12,89.7,,,7,1,2,0,,0,6,7,10,0.1,,,6,7,39,2,31,,,17,23,9,443,0.4,0.1
605,Daichi Kamada,JPN,MF,Crystal Palace,Premier League,28,8.4,757,1.8,72.0,0,8,211,9,78.1,,,7,2,0,0,,0,4,6,14,0.6,,,8,13,35,24,44,,,27,31,13,399,0.9,0.6
606,Pierre Kalulu,FRA,DF,Juventus,Serie A,25,11.0,990,1.79,69.0,0,6,501,24,85.9,,,2,0,0,0,,0,5,11,7,0.4,,,16,24,63,40,40,,,13,18,7,811,1.3,0.4
607,Ferdi Kadioglu,TUR,DFFW,Brighton,Premier League,25,8.2,737,1.73,64.0,0,6,230,20,79.5,,,5,0,0,0,,0,2,2,9,0.3,,,9,24,35,35,34,,,17,19,14,412,0.4,0.3
608,Christian Kabasele,BEL,DF,Udinese,Serie A,34,5.3,478,1.87,82.0,0,7,127,36,89.6,,,1,0,1,1,,1,5,0,2,0.3,,,1,1,4,1,10,,,1,6,0,219,0.0,0.3
609,Martijn Kaars,NED,FWMF,St. Pauli,Bundesliga,26,4.9,443,ND,ND,0,1,88,3,74.6,,,6,0,0,0,,0,0,4,13,1.2,,,3,11,8,36,12,,,1,1,1,169,0.1,1.2
610,Ferran Jutglà,ESP,FWMF,Celta Vigo,La Liga,26,6.4,576,1.75,77.0,1,4,145,5,76.8,,,7,0,3,2,,2,1,8,10,2.1,,,4,16,10,57,13,,,3,4,2,224,0.7,2.1
611,Vinicius Júnior,BRA,FWMF,Real Madrid,La Liga,25,9.6,864,1.77,62.0,4,3,421,1,80.3,,,15,0,9,4,,5,1,28,24,3.0,,,21,86,48,155,30,,,15,16,8,593,2.6,4.5
612,Abdulai Juma Bah,SLE,DF,Nice,Ligue 1,19,8.5,765,ND,ND,0,15,347,62,94.0,,,2,0,0,0,,0,6,2,3,0.3,,,0,2,16,1,34,,,9,15,4,556,0.3,0.3
613,Mateo Joseph,ESP,FWMF,Mallorca,La Liga,21,7.3,661,1.8,75.0,1,9,132,5,81.0,,,12,0,3,2,,2,5,4,26,3.4,,,2,12,6,35,20,,,11,16,7,231,0.3,3.4
614,Frenkie de Jong,NED,MF,Barcelona,La Liga,28,9.1,820,1.8,68.0,2,2,500,5,93.6,,,7,0,2,0,,0,13,14,5,0.2,,,11,28,80,14,39,,,27,40,11,820,1.0,0.2
615,Brennan Johnson,WAL,FW,Tottenham,Premier League,24,5.2,471,1.78,73.0,0,3,93,14,64.8,,,3,1,2,2,,2,2,4,12,1.0,,,3,10,7,31,10,,,11,13,7,187,0.3,1.0
616,Ísak Jóhannesson,ISL,MF,Köln,Bundesliga,22,8.5,766,1.8,72.0,0,5,249,9,79.0,,,5,0,1,1,,1,2,13,9,0.6,,,13,5,44,25,31,,,11,13,6,453,1.0,0.6
617,Joelinton,BRA,MF,Newcastle Utd,Premier League,28,7.2,647,1.9,76.0,0,9,173,12,81.9,,,5,1,0,0,,0,11,5,9,0.7,,,2,12,36,31,30,,,13,24,5,332,0.9,0.7
618,João Pedro,BRA,FWMF,Chelsea,Premier League,23,10.3,930,1.82,70.0,3,8,248,9,78.5,,,22,0,7,4,,4,3,14,27,3.8,,,9,25,33,65,27,,,9,12,7,406,2.4,3.8
619,Raúl Jiménez,MEX,FW,Fulham,Premier League,34,5.0,452,1.88,80.0,1,2,75,7,67.3,,,5,0,2,1,,1,1,3,17,1.5,,,2,2,9,22,12,,,8,9,6,163,0.4,1.5
620,Álex Jiménez,ESP,DF,2 Teams,2 Comps,20,5.1,457,ND,ND,0,6,171,9,80.6,,,4,0,0,0,,0,4,4,8,0.1,,,6,20,25,8,17,,,11,15,8,301,0.3,0.1
621,Juan Jesus,BRA,DF,Napoli,Serie A,34,6.7,603,1.85,84.0,0,5,386,25,93.0,,,0,0,0,0,,0,10,1,2,0.1,,,1,7,30,0,24,,,14,24,9,585,0.0,0.1
622,Moritz Jenz,GER,DF,Wolfsburg,Bundesliga,26,8.0,720,1.89,79.0,0,7,256,62,89.9,,,0,1,0,0,,0,8,2,2,0.2,,,2,0,12,0,24,,,13,21,10,460,0.1,0.2
623,Oliver Jensen,DEN,MF,Parma,Serie A,23,7.1,642,ND,ND,0,8,132,14,79.1,,,8,0,0,0,,0,5,3,8,0.5,,,4,6,18,19,25,,,5,10,2,272,0.1,0.5
624,Finn Jeltsch,GER,DF,Stuttgart,Bundesliga,19,5.0,450,ND,ND,0,5,237,22,91.2,,,1,1,0,0,,0,6,2,3,0.2,,,0,6,18,3,21,,,8,14,4,379,0.0,0.2
625,Mikel Jauregizar,ESP,MF,Athletic Club,La Liga,21,11.9,1070,ND,ND,0,10,302,11,79.2,,,8,2,1,1,,1,19,8,12,0.8,,,12,9,69,14,62,,,21,40,14,671,0.5,0.8
626,Luca Jaquez,SUI,DF,Stuttgart,Bundesliga,22,4.6,410,ND,ND,1,6,255,17,90.7,,,0,0,1,0,,0,5,4,0,0.1,,,0,4,30,3,27,,,5,10,5,411,0.8,0.1
627,Reece James,ENG,DF,Chelsea,Premier League,25,7.9,709,1.72,64.0,2,6,405,15,84.9,,,7,2,3,1,,1,15,13,8,0.5,,,8,9,52,22,40,,,17,32,12,692,1.8,0.5
628,Kristijan Jakić,CRO,MFDF,Augsburg,Bundesliga,28,7.0,629,1.81,75.0,1,7,190,27,77.2,,,4,0,2,1,,1,9,5,8,0.3,,,1,6,27,12,35,,,15,24,12,401,0.3,0.3
629,Lee Jae-sung,KOR,MFFW,Mainz 05,Bundesliga,32,7.3,656,1.8,70.0,0,9,108,8,68.3,,,10,1,1,1,,1,3,4,15,1.4,,,2,3,13,42,26,,,11,14,6,267,0.5,1.4
630,Jérémy Jacquet,FRA,DF,Rennes,Ligue 1,20,12.0,1080,ND,ND,0,15,457,68,90.2,,,1,3,0,0,,0,14,4,4,0.6,,,2,6,33,0,54,,,17,31,11,849,0.2,0.6
631,Alex Iwobi,NGA,FWMF,Fulham,Premier League,29,10.0,898,1.8,75.0,2,8,399,7,79.6,,,5,0,3,1,,1,5,20,14,0.6,,,24,43,60,57,39,,,10,15,7,564,1.9,0.6
632,Ardian Ismajli,ALB,DF,Torino,Serie A,28,5.6,505,1.85,83.0,0,7,111,36,82.1,,,0,1,0,0,,0,5,3,3,0.0,,,5,2,20,5,15,,,8,13,6,293,0.2,0.0
633,Wilson Isidor,FRA,FW,Sunderland,Premier League,24,7.5,672,1.79,60.0,0,4,71,7,60.3,,,9,0,4,4,,4,0,0,12,2.5,,,1,5,5,30,9,,,5,5,3,136,0.0,2.5
634,Gustav Isaksen,DEN,FW,Lazio,Serie A,24,4.6,413,1.78,68.0,0,2,140,2,76.9,,,9,1,1,1,,1,2,3,9,0.7,,,1,18,3,33,20,,,4,6,1,176,0.1,0.7
635,Luka Ilić,SRB,MFFW,Oviedo,La Liga,26,5.9,529,1.82,76.0,0,9,105,7,75.9,,,7,0,1,1,,1,4,1,8,0.4,,,3,3,15,12,17,,,8,12,4,215,0.1,0.4
636,Andrej Ilic,SRB,FW,Union Berlin,Bundesliga,25,8.3,743,ND,ND,5,9,95,8,56.7,,,11,0,5,0,,0,0,13,25,2.6,,,1,5,10,34,18,,,1,1,1,215,1.9,3.4
637,Borja Iglesias,ESP,FW,Celta Vigo,La Liga,32,8.1,725,1.87,79.0,2,4,113,6,73.1,,,7,0,7,4,,5,0,9,24,3.1,,,2,6,14,37,15,,,2,2,1,235,1.0,3.9
638,Iglesias,ESP,DF,Getafe,La Liga,27,10.3,924,1.85,77.0,0,12,174,52,60.3,,,5,1,1,1,,1,5,3,19,0.4,,,5,6,31,15,36,,,32,37,23,531,0.4,0.4
639,Jay Idzes,IDN,DF,Sassuolo,Serie A,25,10.0,900,ND,ND,0,10,282,61,90.5,,,1,1,0,0,,0,9,0,5,0.0,,,0,3,17,0,36,,,10,19,5,526,0.0,0.0
640,Arijon Ibrahimović,GER,MFFW,Heidenheim,Bundesliga,19,9.1,820,1.79,69.0,1,11,205,9,63.9,,,8,0,1,0,,0,6,15,23,2.3,,,8,23,32,44,41,,,8,14,3,450,1.1,2.3
641,Pablo Ibáñez,ESP,MF,Alavés,La Liga,26,7.3,657,ND,ND,0,5,266,12,83.2,,,15,0,0,0,,0,5,5,17,1.0,,,2,17,30,27,31,,,17,22,10,454,0.3,1.0
642,Kwon Hyeokkyu,KOR,MF,Nantes,Ligue 1,24,5.9,532,ND,ND,0,11,100,20,85.9,,,3,1,0,0,,0,5,0,4,0.0,,,1,1,8,2,14,,,10,15,1,212,0.0,0.0
643,Trai Hume,NIR,DFMF,Sunderland,Premier League,23,10.9,978,ND,ND,1,11,244,39,69.8,,,3,1,1,0,,0,10,8,6,0.4,,,12,11,37,27,27,,,18,28,13,548,0.5,0.4
644,Dean Huijsen,ESP,DF,Real Madrid,La Liga,20,8.6,771,ND,ND,1,7,450,45,87.8,,,0,1,1,0,,0,5,5,2,0.6,,,0,11,63,5,33,,,15,20,6,722,1.0,0.6
645,Will Hughes,ENG,MF,Crystal Palace,Premier League,30,5.0,450,1.85,73.0,0,4,88,11,76.5,,,4,0,0,0,,0,3,7,2,0.2,,,6,2,30,3,16,,,5,8,3,219,0.5,0.2
646,Callum Hudson-Odoi,ENG,FW,Nott'ham Forest,Premier League,24,6.3,570,1.82,76.0,0,3,204,2,78.0,,,7,0,1,1,,1,2,16,8,0.6,,,16,35,29,79,15,,,4,6,2,295,1.7,0.6
647,Timo Hübers,GER,DF,Köln,Bundesliga,29,7.5,675,1.9,82.0,0,10,246,62,87.0,,,3,0,0,0,,0,11,0,7,0.0,,,0,5,15,2,24,,,14,25,9,486,0.0,0.0
648,Robin Hranáč,CZE,DF,Hoffenheim,Bundesliga,25,9.6,865,1.89,75.0,0,8,254,62,88.0,,,0,1,0,0,,0,5,1,3,0.4,,,1,2,22,0,27,,,13,18,8,566,0.0,0.4
649,Rasmus Højlund,DEN,FW,Napoli,Serie A,22,5.6,508,ND,ND,0,3,84,4,80.4,,,12,0,2,2,,2,0,3,19,1.3,,,1,8,8,32,4,,,1,1,0,145,0.3,1.3
650,Pierre Højbjerg,DEN,MF,Marseille,Ligue 1,29,10.5,942,1.85,81.0,0,7,645,10,92.2,,,6,1,1,1,,1,7,8,7,1.3,,,9,17,78,15,56,,,9,16,6,921,0.9,1.3
651,Lucas Høgsberg,DEN,DF,Strasbourg,Ligue 1,19,8.8,794,ND,ND,0,8,433,24,92.2,,,1,2,0,0,,0,8,1,4,0.1,,,0,0,34,0,44,,,9,17,5,634,0.1,0.1
652,Andreas Hountondji,BEN,FWMF,St. Pauli,Bundesliga,23,5.3,473,1.75,64.0,0,4,75,2,53.7,,,5,0,3,3,,3,1,3,15,0.8,,,0,15,7,46,14,,,5,6,0,153,0.1,1.7
653,Franck Honorat,FRA,FWMF,Gladbach,Bundesliga,28,5.6,507,1.8,70.0,2,3,126,7,66.8,,,5,0,2,0,,0,1,12,6,0.4,,,11,17,21,69,16,,,8,9,3,251,2.7,0.4
654,Emil Holm,SWE,DF,Bologna,Serie A,25,4.8,431,1.91,83.0,4,3,121,18,76.6,,,2,0,5,1,,1,4,5,7,0.6,,,8,6,27,18,28,,,13,17,11,298,1.5,0.6
655,Lucas Höler,GER,MFFW,Freiburg,Bundesliga,31,7.0,628,1.84,80.0,0,2,120,10,69.2,,,8,0,0,0,,0,4,3,11,1.9,,,3,3,14,32,16,,,7,11,4,260,0.1,1.9
656,Omar El Hilali,MAR,DF,Espanyol,La Liga,21,8.9,805,ND,ND,2,9,330,28,82.1,,,2,1,2,0,,0,10,9,6,0.0,,,8,9,50,18,34,,,20,30,17,617,1.3,0.0
657,Isak Hien,SWE,DF,Atalanta,Serie A,26,9.3,836,1.91,88.0,0,9,368,42,91.2,,,5,1,0,0,,0,7,1,11,0.4,,,0,1,20,2,42,,,18,25,15,633,0.1,0.4
658,Lucas Hernández,FRA,DF,Paris S-G,Ligue 1,29,6.2,560,1.83,76.0,0,7,393,18,93.3,,,2,0,0,0,,0,7,5,2,0.1,,,2,8,35,4,23,,,2,9,0,598,0.2,0.1
659,Mario Hermoso,ESP,DF,Roma,Serie A,30,7.3,661,1.81,69.0,0,7,239,29,85.1,,,1,0,1,1,,1,7,1,1,0.3,,,1,3,23,6,28,,,8,15,4,484,0.0,0.3
660,Jordan Henderson,ENG,MF,Brentford,Premier League,35,9.2,830,1.82,67.0,2,8,269,17,78.8,,,2,0,2,0,,0,7,8,7,0.1,,,9,6,46,6,39,,,7,14,3,548,0.7,0.1
661,Gauthier Hein,FRA,MF,Metz,Ligue 1,28,9.1,819,1.7,62.0,2,2,397,1,85.1,,,14,0,6,1,,4,2,17,18,1.4,,,11,35,56,45,32,,,8,10,3,616,1.9,3.7
662,Torbjørn Heggem,NOR,DF,Bologna,Serie A,26,8.9,804,ND,ND,0,9,334,37,91.7,,,1,1,0,0,,0,6,2,3,0.6,,,2,6,20,0,20,,,15,21,9,521,0.0,0.6
663,Jan Paul van Hecke,NED,DF,Brighton,Premier League,25,11.0,990,1.89,79.0,0,21,635,63,86.6,,,0,0,1,1,,1,9,2,3,0.7,,,4,23,80,3,36,,,19,28,10,930,0.1,0.7
664,Haissem Hassan,FRA,FWMF,Oviedo,La Liga,23,7.4,662,1.73,70.0,1,3,207,4,74.0,,,5,1,1,0,,0,2,5,16,0.6,,,10,50,22,39,23,,,8,10,6,286,0.5,0.6
665,Quilindschy Hartman,NED,DF,Burnley,Premier League,23,10.9,977,ND,ND,4,13,234,40,68.0,,,3,0,4,0,,0,16,11,7,0.1,,,10,4,33,28,26,,,22,38,14,552,1.3,0.1
666,Dávid Hancko,SVK,DF,Atlético Madrid,La Liga,27,10.8,970,1.88,79.0,1,10,396,32,83.3,,,1,1,1,0,,0,8,5,6,0.6,,,9,25,68,26,26,,,18,26,11,677,0.8,0.6
667,Andreas Hanche-Olsen,NOR,DF,Mainz 05,Bundesliga,28,6.3,563,1.85,82.0,1,7,159,39,77.7,,,0,1,1,0,,0,13,3,2,0.2,,,0,0,14,1,16,,,5,18,3,350,0.5,0.2
668,Achraf Hakimi,MAR,DF,Paris S-G,Ligue 1,26,7.3,657,1.77,68.0,0,7,460,4,90.3,,,8,0,2,2,,2,4,10,11,1.2,,,5,18,49,110,31,,,12,16,8,772,0.7,1.2
669,Albian Hajdari,KVX,DF,Hoffenheim,Bundesliga,22,6.5,585,ND,ND,0,11,270,57,83.4,,,2,1,1,1,,1,12,1,2,1.3,,,3,4,22,0,28,,,10,22,8,509,0.3,1.3
670,Janik Haberer,GER,MFDF,Union Berlin,Bundesliga,31,6.4,575,1.86,78.0,1,9,112,14,75.4,,,1,0,1,0,,0,5,4,4,0.2,,,5,5,20,8,31,,,10,15,3,303,0.3,0.2
671,Erling Haaland,NOR,FW,Manchester City,Premier League,25,10.5,944,1.91,87.0,1,2,119,20,65.9,,,6,0,15,14,,14,0,5,15,10.3,,,2,23,8,35,14,,,2,2,1,234,1.2,11.1
672,Viktor Gyökeres,SWE,FW,Arsenal,Premier League,27,8.9,800,1.87,86.0,0,5,107,7,60.7,,,9,0,4,3,,4,0,8,32,3.8,,,5,8,11,51,20,,,2,2,2,211,1.0,4.6
673,Joško Gvardiol,CRO,DF,Manchester City,Premier League,23,6.8,609,1.85,82.0,1,9,331,27,89.5,,,2,2,1,0,,0,6,2,7,0.2,,,4,7,38,0,20,,,7,13,6,513,0.3,0.2
674,Malo Gusto,FRA,DFMF,Chelsea,Premier League,22,6.1,552,1.79,66.0,1,4,253,7,82.5,,,5,1,2,1,,1,8,6,18,0.7,,,4,11,30,33,33,,,12,20,6,421,0.5,0.7
675,Gorka Guruzeta,ESP,FW,Athletic Club,La Liga,28,6.5,588,1.88,73.0,0,10,97,5,73.9,,,3,0,1,1,,1,2,7,26,2.2,,,3,1,13,36,16,,,3,5,1,242,0.4,2.2
676,Arda Güler,TUR,MF,Real Madrid,La Liga,20,8.7,787,1.76,61.0,5,4,372,4,85.5,,,4,2,8,3,,3,5,32,13,2.8,,,19,18,67,45,37,,,19,24,13,646,3.7,2.8
677,Serhou Guirassy,GUI,FW,Dortmund,Bundesliga,29,8.8,788,1.87,83.0,1,3,155,12,70.2,,,8,0,6,5,,5,0,7,32,4.8,,,1,12,9,56,27,,,1,1,0,284,0.8,5.6
678,Bahereba Guirassy,FRA,FWMF,Nantes,Ligue 1,18,6.5,587,ND,ND,1,5,133,9,59.0,,,8,0,3,2,,2,3,5,14,1.6,,,6,19,10,43,36,,,15,18,9,254,0.8,1.6
679,Bruno Guimarães,BRA,MF,Newcastle Utd,Premier League,27,9.9,894,1.82,77.0,1,3,411,9,83.9,,,15,0,4,3,,3,2,15,23,1.6,,,15,11,75,25,56,,,22,24,16,594,0.6,1.6
680,Morgan Guilavogui,GUI,MFFW,Lens,Ligue 1,27,4.7,421,1.88,75.0,0,6,111,5,76.0,,,0,0,1,1,,1,1,6,11,1.1,,,9,4,26,29,24,,,13,14,8,231,1.0,1.1
681,Pape Gueye,SEN,MF,Villarreal,La Liga,26,7.6,681,1.87,65.0,1,11,297,11,81.9,,,5,2,3,2,,2,9,10,9,0.9,,,11,11,60,16,39,,,11,20,7,468,1.0,0.9
682,Evann Guessand,CIV,FW,Aston Villa,Premier League,24,4.7,423,1.85,79.0,0,9,93,7,70.6,,,14,0,0,0,,0,0,2,7,0.4,,,4,12,8,26,24,,,15,15,9,159,0.1,0.4
683,Javier Guerra,ESP,MF,Valencia,La Liga,22,7.8,706,1.87,70.0,2,7,238,10,76.4,,,11,0,2,0,,0,8,10,16,0.7,,,2,15,39,15,34,,,8,16,3,448,1.5,0.7
684,Mattéo Guendouzi,FRA,MF,Lazio,Serie A,26,8.9,798,1.85,68.0,1,7,287,6,87.8,,,5,1,2,1,,1,5,9,11,0.7,,,5,7,40,26,37,,,10,15,4,472,0.6,0.7
685,Marc Guéhi,ENG,DF,Crystal Palace,Premier League,25,10.0,900,1.82,82.0,1,2,357,54,85.1,,,5,1,2,1,,1,12,7,4,0.9,,,2,9,46,4,35,,,22,34,15,622,1.1,0.9
686,Gonçalo Guedes,POR,MFFW,Real Sociedad,La Liga,28,5.4,485,1.78,68.0,1,5,127,2,68.7,,,5,0,2,1,,1,1,7,6,0.7,,,5,12,13,50,17,,,5,6,3,228,0.4,0.7
687,Albert Guðmundsson,ISL,MFFW,Fiorentina,Serie A,28,6.3,563,1.77,66.0,1,4,115,5,85.4,,,12,0,3,0,,2,0,4,13,0.1,,,3,8,13,17,19,,,1,1,1,201,0.5,1.7
688,Gabriel Gudmundsson,SWE,DF,Leeds United,Premier League,26,10.1,911,1.81,76.0,0,10,305,39,77.9,,,13,1,0,0,,0,11,10,12,0.2,,,10,29,31,38,38,,,20,31,13,597,1.4,0.2
689,Nemanja Gudelj,SRB,MF,Sevilla,La Liga,33,6.6,598,1.87,73.0,0,8,179,19,85.6,,,6,0,1,1,,1,4,2,5,0.4,,,2,4,20,2,27,,,14,18,9,351,0.1,0.4
690,Marco Grüll,AUT,FW,Werder Bremen,Bundesliga,27,7.9,714,1.82,75.0,1,10,180,10,74.7,,,8,0,3,2,,2,2,11,21,1.6,,,10,24,29,56,27,,,14,16,6,335,0.7,1.6
691,Pascal Groß,GER,MF,Dortmund,Bundesliga,34,5.6,508,1.81,72.0,1,14,293,6,83.8,,,6,1,1,0,,0,4,10,11,0.6,,,16,12,57,47,22,,,6,10,4,471,1.0,0.6
692,Álex Grimaldo,ESP,DF,Leverkusen,Bundesliga,29,8.5,765,1.7,70.0,3,7,407,17,85.0,,,4,0,7,3,,4,6,23,11,1.7,,,16,28,41,49,33,,,16,22,9,731,2.6,2.5
693,Vincenzo Grifo,ITA,FW,Freiburg,Bundesliga,32,6.3,565,1.81,75.0,1,6,170,5,75.1,,,3,1,4,1,,3,2,17,3,0.5,,,12,12,26,34,15,,,2,4,0,337,2.4,2.1
694,Antoine Griezmann,FRA,FWMF,Atlético Madrid,La Liga,34,5.0,446,1.75,67.0,0,4,184,4,82.2,,,1,1,4,4,,4,1,10,10,3.9,,,9,8,30,39,14,,,5,6,2,326,0.8,3.9
695,Mason Greenwood,ENG,FWMF,Marseille,Ligue 1,23,9.6,862,1.81,65.0,3,2,493,1,76.8,,,7,0,11,4,,8,2,22,19,3.1,,,22,38,65,107,18,,,2,4,2,647,2.6,7.0
696,Jack Grealish,ENG,FW,Everton,Premier League,29,9.2,826,1.75,68.0,4,11,330,10,83.4,,,18,0,5,1,,1,7,24,14,1.2,,,11,60,39,85,47,,,12,19,10,458,3.2,1.2
697,Ryan Gravenberch,NED,MF,Liverpool,Premier League,23,8.7,781,1.9,79.0,1,4,446,11,87.9,,,6,0,4,3,,3,15,7,15,0.6,,,4,22,44,22,32,,,16,31,8,636,0.7,0.6
698,Jonathan Gradit,FRA,DF,Lens,Ligue 1,32,9.0,807,1.8,77.0,0,11,319,51,91.0,,,1,1,0,0,,0,16,2,2,0.1,,,2,7,37,2,32,,,17,33,12,586,0.1,0.1
699,Robin Gosens,GER,DF,Fiorentina,Serie A,31,8.0,723,1.81,76.0,0,15,157,22,69.2,,,3,0,1,1,,1,7,7,4,1.7,,,7,6,19,47,15,,,12,19,5,390,0.6,1.7
700,Jon Gorrotxategi,ESP,MF,Real Sociedad,La Liga,23,9.7,876,ND,ND,0,12,279,13,81.5,,,7,2,1,1,,1,14,4,11,0.5,,,2,7,33,10,51,,,20,34,12,540,0.2,0.5
701,Leon Goretzka,GER,MF,Bayern Munich,Bundesliga,30,6.6,592,1.89,79.0,0,5,374,10,91.9,,,6,0,0,0,,0,8,7,7,0.4,,,7,15,50,14,30,,,10,18,7,553,1.1,0.4
702,Anthony Gordon,ENG,FW,Newcastle Utd,Premier League,24,5.1,458,1.73,62.0,0,3,147,2,74.7,,,5,0,0,0,,0,0,7,16,1.4,,,4,21,16,38,18,,,5,5,3,229,1.0,1.4
703,Urko González,ESP,MF,2 Teams,La Liga,24,5.0,453,1.9,73.0,0,8,124,16,84.2,,,7,0,0,0,,0,5,2,12,0.1,,,1,1,17,4,23,,,8,13,6,256,0.1,0.1
704,Nicolás González,ARG,MFDF,2 Teams,2 Comps,27,6.6,595,1.8,72.0,0,8,194,16,74.0,,,11,1,1,1,,1,7,5,13,1.5,,,9,12,19,50,23,,,12,19,8,353,1.2,1.5
705,Nicolás González,ESP,MF,Manchester City,Premier League,23,7.2,648,1.89,85.0,0,6,362,22,89.5,,,5,0,1,1,,1,8,5,10,0.3,,,1,9,38,9,34,,,19,27,17,603,0.4,0.3
706,Valentín Gómez,ARG,DF,Betis,La Liga,22,6.0,540,ND,ND,0,9,233,43,87.5,,,1,1,0,0,,0,7,1,6,0.4,,,0,4,16,8,28,,,17,24,12,419,0.0,0.4
707,Sergio Gómez,ESP,DF,Real Sociedad,La Liga,24,9.1,823,1.7,63.0,0,10,369,16,79.7,,,2,0,0,0,,0,12,12,13,0.8,,,11,14,47,41,53,,,41,53,25,723,1.2,0.8
708,Moi Gómez,ESP,MF,Osasuna,La Liga,31,7.7,694,1.74,65.0,0,6,377,4,87.1,,,4,1,0,0,,0,6,7,3,0.1,,,9,9,69,17,42,,,8,14,4,579,0.7,0.1
709,Diego Gómez,PAR,MFFW,Brighton,Premier League,22,6.0,541,ND,ND,0,11,133,9,76.1,,,6,0,2,2,,2,5,9,15,1.8,,,6,6,15,22,22,,,27,32,16,278,0.9,1.8
710,Toti Gomes,POR,DF,Wolves,Premier League,26,5.8,525,1.88,78.0,0,1,254,23,84.5,,,2,0,0,0,,0,4,4,3,0.0,,,2,5,14,1,26,,,8,12,5,413,0.1,0.0
711,João Gomes,BRA,MF,Wolves,Premier League,24,9.3,835,1.76,74.0,0,13,298,19,85.1,,,10,0,0,0,,0,11,5,20,0.4,,,13,11,58,17,50,,,27,38,17,578,0.2,0.4
712,Angel Gomes,ENG,MF,Marseille,Ligue 1,24,8.5,765,1.68,52.0,0,4,399,1,89.7,,,4,0,3,3,,3,2,17,7,1.4,,,10,11,42,30,23,,,7,9,4,584,0.8,1.4
713,Aleksandr Golovin,RUS,MFFW,Monaco,Ligue 1,29,5.0,447,1.8,70.0,0,7,134,4,78.1,,,5,1,2,2,,2,7,3,11,1.5,,,3,7,18,23,25,,,13,20,9,262,0.2,1.5
714,Saba Goglichidze,GEO,DF,Udinese,Serie A,21,4.7,421,ND,ND,0,2,115,19,80.9,,,1,0,0,0,,0,8,2,4,0.2,,,3,5,19,2,13,,,11,19,8,237,0.1,0.2
715,Giorgi Gocholeishvili,GEO,MF,Hamburger SV,Bundesliga,24,5.6,503,1.78,70.0,1,2,123,14,77.1,,,5,2,1,0,,0,4,6,10,0.4,,,6,13,7,20,26,,,6,10,5,251,0.3,0.4
716,Serge Gnabry,GER,MFFW,Bayern Munich,Bundesliga,30,5.6,505,1.73,73.0,3,5,231,0,85.5,,,7,1,7,4,,4,2,8,5,1.9,,,7,13,25,38,16,,,9,11,5,333,1.0,1.9
717,Olivier Giroud,FRA,FW,Lille,Ligue 1,38,8.2,742,1.92,88.0,1,3,124,8,70.6,,,5,1,3,2,,2,2,12,15,2.9,,,1,5,7,32,14,,,4,6,4,247,1.3,3.7
718,Giovane,BRA,FW,Hellas Verona,Serie A,21,9.7,874,ND,ND,3,11,219,7,61.7,,,22,0,4,1,,1,2,16,39,2.1,,,6,28,23,70,36,,,5,7,4,384,2.1,2.1
719,Matthias Ginter,GER,DF,Freiburg,Bundesliga,31,10.0,900,1.89,87.0,0,7,406,59,85.6,,,1,0,0,0,,0,9,3,3,0.4,,,4,6,57,7,26,,,6,15,2,681,0.3,0.4
720,Santiago Giménez,MEX,FW,Milan,Serie A,24,6.9,621,1.82,60.0,0,2,91,1,78.9,,,6,0,0,0,,0,1,3,16,2.8,,,4,6,4,29,11,,,5,6,4,159,0.1,2.8
721,Billy Gilmour,SCO,MF,Napoli,Serie A,24,4.6,413,1.7,60.0,0,3,256,5,88.7,,,2,0,1,1,,1,7,4,4,0.3,,,7,7,45,8,29,,,9,16,2,392,0.3,0.3
722,Mario Gila,ESP,DF,Lazio,Serie A,24,10.6,953,1.85,74.0,0,12,449,49,89.2,,,3,0,0,0,,0,10,1,5,0.3,,,2,6,32,4,50,,,18,28,12,714,0.1,0.3
723,Morgan Gibbs-White,ENG,MFFW,Nott'ham Forest,Premier League,25,10.1,906,1.77,67.0,1,8,341,12,78.5,,,5,4,3,2,,2,5,11,31,2.6,,,16,24,65,82,33,,,2,7,2,569,0.7,2.6
724,Dimitris Giannoulis,GRE,DFMF,Augsburg,Bundesliga,29,6.0,543,1.79,68.0,0,13,144,22,69.6,,,2,0,1,1,,1,7,6,16,0.1,,,9,16,19,33,35,,,12,19,7,373,0.4,0.1
725,Willem Geubbels,FRA,FW,Paris FC,Ligue 1,23,5.4,482,1.85,72.0,0,4,65,5,67.6,,,5,0,1,1,,1,2,3,12,2.3,,,0,9,7,34,12,,,1,3,1,167,0.4,2.3
726,Yann Gboho,FRA,MFFW,Toulouse,Ligue 1,24,11.1,997,1.76,70.0,1,7,305,0,73.9,,,29,0,4,3,,3,5,22,27,2.0,,,24,45,57,74,51,,,8,13,6,424,1.7,2.1
727,Jean-Philippe Gbamin,CIV,DF,Metz,Ligue 1,29,11.2,1010,1.86,83.0,1,18,567,40,88.3,,,5,0,2,1,,1,9,7,9,1.3,,,0,8,23,0,67,,,24,33,12,864,1.1,1.3
728,Federico Gatti,ITA,DF,Juventus,Serie A,27,8.6,777,1.9,75.0,0,5,339,48,90.6,,,1,3,1,1,,1,7,1,5,1.2,,,2,11,33,1,33,,,8,15,6,571,0.1,1.2
729,James Garner,ENG,MFDF,Everton,Premier League,24,11.0,990,1.82,77.0,1,18,405,30,81.5,,,1,1,2,1,,1,16,10,14,1.0,,,11,12,58,16,41,,,28,44,17,728,1.1,1.0
730,Rubén García,ESP,FWMF,Osasuna,La Liga,32,5.7,510,1.71,72.0,2,1,176,6,78.9,,,7,0,2,0,,0,4,10,10,0.3,,,5,6,19,25,21,,,15,19,8,303,1.2,0.3
731,Eric García,ESP,DF,Barcelona,La Liga,24,10.4,935,1.83,73.0,0,14,520,24,90.1,,,2,0,1,1,,1,15,16,4,1.4,,,11,12,77,26,35,,,23,38,13,957,0.8,1.4
732,Álvaro García,ESP,MFFW,Rayo Vallecano,La Liga,32,8.7,782,1.68,58.0,1,8,154,13,58.2,,,0,0,4,3,,3,4,11,14,3.2,,,6,12,16,77,33,,,8,12,5,335,2.5,3.2
733,Aleix García,ESP,MF,Leverkusen,Bundesliga,28,8.8,795,1.73,61.0,2,9,614,12,91.2,,,2,1,2,0,,0,7,12,4,0.8,,,6,11,65,21,41,,,4,11,2,1048,0.9,0.8
734,Facundo Garcés,MAS,DF,Alavés,La Liga,25,6.0,540,ND,ND,0,10,132,42,83.2,,,0,0,0,0,,0,5,0,4,0.1,,,1,0,4,1,17,,,9,14,5,291,0.0,0.1
735,Idrissa Gana Gueye,SEN,MF,Everton,Premier League,35,10.5,949,1.74,64.0,0,11,356,9,85.7,,,4,1,2,2,,2,12,5,10,1.1,,,8,4,52,15,52,,,22,34,13,575,0.3,1.1
736,Antonino Gallo,ITA,DF,Lecce,Serie A,25,10.3,923,1.83,69.0,1,2,272,27,66.4,,,2,0,1,0,,0,4,13,9,0.4,,,15,17,58,31,45,,,23,27,13,600,0.5,0.4
737,Iñigo Ruiz de Galarreta,ESP,MF,Athletic Club,La Liga,31,8.0,723,1.74,66.0,0,3,226,7,82.4,,,6,0,0,0,,0,3,4,14,0.2,,,7,5,56,10,52,,,23,26,11,454,0.5,0.2
738,Cody Gakpo,NED,FW,Liverpool,Premier League,26,9.2,829,1.87,78.0,2,11,265,8,71.9,,,9,0,5,3,,3,6,21,33,3.2,,,15,40,31,96,30,,,7,13,3,442,2.9,3.2
739,Roberto Gagliardini,ITA,MF,Hellas Verona,Serie A,31,6.4,572,1.88,77.0,0,9,169,18,76.3,,,2,0,1,1,,1,14,2,13,0.0,,,1,4,29,8,32,,,14,28,9,369,0.1,0.0
740,Tiago Gabriel,POR,DF,Lecce,Serie A,20,10.1,912,ND,ND,0,14,243,60,89.5,,,2,1,1,1,,1,15,0,1,1.1,,,0,3,17,0,21,,,25,40,17,565,0.0,1.1
741,Matteo Gabbia,ITA,DF,Milan,Serie A,25,11.0,990,1.85,81.0,0,6,381,71,93.5,,,0,0,0,0,,0,3,2,0,0.4,,,0,5,21,2,25,,,4,7,4,635,0.1,0.4
742,Joel Fujita,JPN,MF,St. Pauli,Bundesliga,23,9.8,880,1.72,72.0,1,12,271,8,79.2,,,9,0,1,0,,0,17,14,18,0.3,,,10,17,63,25,68,,,19,36,7,605,1.9,0.3
743,Jorge de Frutos,ESP,FWMF,Rayo Vallecano,La Liga,28,9.4,845,1.73,70.0,1,5,166,6,69.9,,,6,0,5,4,,4,4,13,24,3.4,,,7,32,19,66,28,,,14,18,8,276,1.6,3.4
744,Marco Friedl,AUT,DF,Werder Bremen,Bundesliga,27,8.9,802,1.86,71.0,0,12,332,56,86.0,,,1,2,0,0,,0,10,1,4,0.1,,,1,9,49,11,38,,,14,24,8,632,0.1,0.1
745,Remo Freuler,SUI,MF,Bologna,Serie A,33,7.6,684,1.8,80.0,0,7,239,6,84.3,,,4,0,0,0,,0,4,4,8,0.0,,,1,4,35,10,28,,,29,33,18,486,0.2,0.0
746,Martin Frese,DEN,DF,Hellas Verona,Serie A,27,8.4,757,ND,ND,0,4,161,28,65.8,,,0,0,0,0,,0,8,11,0,0.3,,,5,2,14,6,15,,,31,39,16,441,0.5,0.3
747,Morten Frendrup,DEN,MF,Genoa,Serie A,24,9.7,873,1.78,71.0,0,9,170,22,79.1,,,5,1,0,0,,0,13,4,14,0.2,,,4,7,29,8,32,,,29,42,20,412,0.4,0.2
748,Przemysław Frankowski,POL,DF,Rennes,Ligue 1,30,5.8,523,1.75,68.0,1,4,158,19,75.9,,,2,1,1,0,,0,2,9,7,0.1,,,12,8,22,45,18,,,21,23,13,381,1.3,0.1
749,Juan Foyth,ARG,DF,Villarreal,La Liga,27,6.0,540,1.9,77.0,0,7,227,32,92.5,,,0,0,0,0,,0,9,0,1,0.1,,,0,2,24,0,30,,,10,19,6,391,0.0,0.1
750,Dimitri Foulquier,FRA,DF,Valencia,La Liga,32,7.0,630,1.83,77.0,0,2,230,23,85.4,,,1,0,0,0,,0,7,1,7,0.0,,,3,6,20,14,33,,,8,15,6,429,0.1,0.0
751,Lyle Foster,RSA,FW,Burnley,Premier League,24,6.4,579,1.85,78.0,1,2,95,9,61.7,,,9,0,3,2,,2,0,6,22,1.3,,,1,7,6,32,15,,,5,5,5,168,0.7,1.3
752,Pablo Fornals,ESP,MF,Betis,La Liga,29,11.0,993,1.78,67.0,4,6,486,12,84.3,,,9,0,6,2,,2,15,21,12,0.9,,,14,18,93,50,58,,,16,31,11,813,2.0,0.9
753,Michael Folorunsho,ITA,MFFW,Cagliari,Serie A,27,9.9,895,ND,ND,0,16,200,16,63.4,,,19,1,0,0,,0,4,6,35,1.1,,,1,16,10,49,30,,,11,15,3,384,0.3,1.1
754,Jonas Föhrenbach,GER,DF,Heidenheim,Bundesliga,29,9.6,864,1.85,78.0,1,13,172,31,74.9,,,1,0,2,1,,1,12,9,8,0.4,,,12,7,22,24,31,,,16,28,11,443,1.0,0.4
755,Youssouf Fofana,FRA,MF,Milan,Serie A,26,10.0,902,1.84,70.0,1,8,235,9,84.9,,,6,0,2,1,,1,5,15,15,1.9,,,9,14,31,35,37,,,16,21,7,451,1.2,1.9
756,Seko Fofana,CIV,MF,Rennes,Ligue 1,30,7.1,642,1.83,74.0,0,4,248,9,89.0,,,5,0,1,1,,1,4,11,8,0.9,,,10,22,40,37,40,,,3,7,2,412,0.5,0.9
757,Rayan Fofana,FRA,FW,Lens,Ligue 1,19,4.7,427,ND,ND,0,7,87,5,69.1,,,8,0,2,2,,2,2,2,16,3.0,,,0,7,2,32,8,,,6,8,3,165,0.1,3.0
758,Malick Fofana,BEL,FW,Lyon,Ligue 1,20,8.0,721,ND,ND,1,2,223,3,75.1,,,3,0,3,2,,2,3,9,18,2.7,,,8,35,14,95,19,,,11,14,5,322,1.9,2.7
759,Phil Foden,ENG,MF,Manchester City,Premier League,25,7.9,712,1.69,70.0,1,3,317,8,82.9,,,6,0,2,1,,1,1,21,5,1.2,,,12,13,36,37,37,,,11,12,8,513,1.3,1.2
760,Romano Floriani,ITA,DFFW,Cremonese,Serie A,22,4.6,415,1.88,79.0,0,3,87,18,68.3,,,5,0,0,0,,0,0,3,9,0.1,,,2,5,8,26,14,,,6,6,4,181,0.6,0.1
761,Kilian Fischer,GER,DF,Wolfsburg,Bundesliga,24,6.7,603,1.82,78.0,0,8,204,24,78.9,,,3,0,0,0,,0,9,3,6,0.1,,,3,9,16,16,14,,,12,21,8,430,0.6,0.1
762,Junior Firpo,DOM,DF,Betis,La Liga,28,4.8,431,1.84,78.0,1,7,185,18,80.4,,,3,1,1,0,,0,6,7,6,0.4,,,6,6,21,26,15,,,13,19,8,344,0.6,0.4
763,Matias Fernandez-Pardo,BEL,FW,Lille,Ligue 1,20,9.8,885,1.88,77.0,3,9,287,1,77.8,,,10,0,5,2,,2,3,17,16,2.5,,,23,65,34,119,25,,,10,13,7,409,2.7,2.5
764,Roberto Férnandez,ESP,FWMF,Espanyol,La Liga,23,9.4,850,ND,ND,2,8,117,10,71.6,,,11,0,4,2,,2,2,11,21,3.4,,,1,4,9,38,21,,,3,5,0,243,3.0,3.4
765,Manu Fernández,ESP,DF,Celta Vigo,La Liga,24,5.2,467,ND,ND,0,1,230,17,90.8,,,3,1,0,0,,0,5,0,2,0.0,,,1,4,25,0,22,,,9,14,6,379,0.0,0.0
766,Enzo Fernández,ARG,MF,Chelsea,Premier League,24,9.8,880,1.78,78.0,1,8,435,4,82.4,,,17,0,4,2,,3,4,17,16,3.8,,,21,14,80,42,38,,,16,20,7,684,2.5,4.6
767,Mateus Fernandes,POR,MFFW,West Ham,Premier League,21,7.1,643,ND,ND,1,15,170,6,89.0,,,7,0,2,1,,1,5,11,8,0.5,,,8,9,27,14,24,,,21,26,13,377,0.9,0.5
768,Bruno Fernandes,POR,MF,Manchester Utd,Premier League,30,10.9,980,1.73,65.0,3,7,386,20,78.4,,,9,0,5,1,,2,6,29,16,2.3,,,16,18,84,30,67,,,20,26,11,790,2.3,4.7
769,Lewis Ferguson,SCO,MF,Bologna,Serie A,25,5.9,535,1.81,75.0,0,5,262,12,89.1,,,1,0,0,0,,0,3,4,3,0.2,,,3,5,21,8,18,,,5,8,4,452,0.4,0.2
770,Kiko Femenía,ESP,DFFW,Getafe,La Liga,34,6.5,585,1.74,61.0,0,8,113,18,77.9,,,3,0,0,0,,0,16,4,7,0.0,,,3,10,16,23,33,,,16,32,6,316,0.1,0.0
771,Robin Fellhauer,GER,DFMF,Augsburg,Bundesliga,27,8.5,765,ND,ND,1,9,149,20,78.2,,,4,1,2,1,,1,6,6,12,0.6,,,6,5,30,32,36,,,19,25,15,390,0.6,0.6
772,Aleix Febas,ESP,MF,Elche,La Liga,29,12.0,1080,1.71,64.0,0,4,508,7,89.9,,,22,1,0,0,,0,6,13,21,0.6,,,9,49,86,43,54,,,23,29,17,860,0.7,0.6
773,Abdoulaye Faye,SEN,DF,Lorient,Ligue 1,20,6.4,573,ND,ND,0,7,260,34,88.0,,,3,1,0,0,,0,12,0,0,0.5,,,0,1,19,1,16,,,12,24,7,438,0.0,0.5
774,Nicolò Fagioli,ITA,MF,Fiorentina,Serie A,24,4.9,444,1.78,70.0,0,3,190,3,86.1,,,7,0,0,0,,0,2,7,6,0.0,,,5,5,27,5,29,,,7,9,5,320,0.6,0.0
775,Abde Ezzalzouli,MAR,FW,Betis,La Liga,23,6.2,555,1.77,73.0,2,9,201,6,78.4,,,13,0,5,3,,3,3,9,20,2.8,,,3,32,16,66,31,,,14,17,9,334,2.2,2.8
776,Eberechi Eze,ENG,MFFW,2 Teams,Premier League,27,7.8,701,1.73,70.0,2,4,206,5,82.9,,,9,0,3,1,,1,1,5,11,1.8,,,7,15,34,36,27,,,7,8,5,342,0.8,1.8
777,Edu Expósito,ESP,MF,Espanyol,La Liga,28,9.0,808,1.79,67.0,3,1,294,10,72.2,,,15,0,3,0,,0,7,28,6,0.7,,,19,28,81,39,40,,,16,23,10,548,3.0,0.7
778,Evanilson,BRA,FW,Bournemouth,Premier League,25,8.0,721,1.83,80.0,0,4,105,8,80.5,,,5,0,1,1,,1,0,10,17,1.5,,,3,5,7,22,23,,,1,1,1,189,0.8,1.5
779,Karl Etta Eyong,CMR,FW,2 Teams,La Liga,21,10.9,980,ND,ND,3,8,168,13,71.2,,,17,0,9,6,,6,3,8,40,5.4,,,1,8,13,44,32,,,20,23,13,303,1.5,6.1
780,Pervis Estupiñán,ECU,DF,Milan,Serie A,27,4.9,440,1.75,79.0,1,3,136,8,83.5,,,2,1,1,0,,0,6,6,8,0.1,,,3,5,18,21,21,,,4,10,4,283,0.8,0.1
781,Maxime Estève,FRA,DF,Burnley,Premier League,23,10.9,981,1.92,82.0,0,15,271,75,88.7,,,1,2,0,0,,0,15,4,3,0.2,,,0,3,22,1,29,,,10,25,6,525,0.4,0.2
782,Sebastiano Esposito,ITA,FWMF,Cagliari,Serie A,23,8.0,721,1.86,76.0,0,9,152,6,66.7,,,9,0,1,1,,1,3,12,18,0.8,,,10,5,37,29,25,,,16,19,9,311,0.5,0.8
783,Christian Eriksen,DEN,MF,Wolfsburg,Bundesliga,33,4.4,400,1.77,67.0,1,2,124,5,75.5,,,9,0,1,0,,0,3,5,6,0.8,,,3,4,15,16,22,,,2,5,1,235,0.2,0.8
784,Yannik Engelhardt,GER,MF,Gladbach,Bundesliga,24,7.0,630,ND,ND,1,12,184,17,88.5,,,5,0,2,1,,1,6,2,7,0.7,,,4,5,18,5,21,,,18,24,11,371,0.3,0.7
785,Emersonn,BRA,FW,Toulouse,Ligue 1,21,5.2,464,ND,ND,1,2,66,5,69.0,,,2,0,2,1,,1,2,5,20,2.8,,,1,6,9,31,9,,,8,10,4,150,0.2,2.8
786,Breel Embolo,SUI,FW,Rennes,Ligue 1,28,5.8,518,1.85,71.0,0,3,85,3,62.8,,,8,0,3,3,,3,2,4,12,1.7,,,3,5,9,30,15,,,7,9,6,142,0.2,1.7
787,Nico Elvedi,SUI,DF,Gladbach,Bundesliga,28,10.0,900,1.88,74.0,0,12,384,90,93.3,,,1,0,0,0,,0,9,2,7,0.0,,,3,12,38,3,25,,,11,20,8,690,0.0,0.0
788,Mikael Ellertsson,ISL,FWDF,Genoa,Serie A,23,9.1,817,1.82,74.0,0,11,136,14,71.9,,,2,0,1,1,,1,6,5,18,1.5,,,4,15,19,31,21,,,13,19,7,314,0.3,1.5
789,Unai Elgezabal,ESP,DFMF,Levante,La Liga,32,8.9,804,1.85,74.0,0,19,213,62,85.8,,,0,1,0,0,,0,1,2,2,0.6,,,0,0,11,1,26,,,7,8,3,436,0.2,0.6
790,Daniel Elfadli,LBY,DF,Hamburger SV,Bundesliga,28,8.3,746,ND,ND,0,11,335,32,94.8,,,3,0,0,0,,0,11,2,8,0.1,,,0,6,23,5,23,,,14,25,8,511,0.3,0.1
791,Anthony Elanga,SWE,FWMF,Newcastle Utd,Premier League,23,4.6,417,1.78,65.0,0,1,156,5,66.9,,,7,0,0,0,,0,1,7,11,0.8,,,6,18,8,65,9,,,2,3,2,225,0.6,0.8
792,Jacques Ekomie,GAB,DF,Angers,Ligue 1,21,8.2,735,ND,ND,0,18,187,18,75.0,,,6,1,0,0,,0,10,10,17,0.6,,,7,24,23,32,43,,,26,36,15,441,0.9,0.6
793,Hugo Ekitike,FRA,FW,Liverpool,Premier League,23,7.0,632,1.89,76.0,1,3,117,14,72.1,,,11,0,4,3,,3,1,6,13,2.3,,,4,10,10,32,13,,,4,5,2,204,0.5,2.3
794,Hjalmar Ekdal,SWE,DF,Burnley,Premier League,26,5.9,533,1.87,76.0,0,10,110,42,83.6,,,0,1,0,0,,0,4,2,1,0.2,,,0,1,6,0,14,,,8,12,5,237,0.1,0.2
795,Kingsley Ehizibue,NED,DF,Udinese,Serie A,30,5.2,465,1.89,82.0,0,3,107,22,70.6,,,4,0,0,0,,0,2,0,5,0.1,,,2,7,8,19,17,,,7,9,4,234,0.0,0.1
796,Maximilian Eggestein,GER,MF,Freiburg,Bundesliga,28,10.0,900,1.81,75.0,0,9,238,18,82.7,,,5,2,2,2,,2,12,5,6,1.1,,,4,5,42,6,34,,,21,33,9,545,0.6,1.1
797,CJ Egan-Riley,ENG,DF,Marseille,Ligue 1,22,4.4,400,1.83,75.0,0,4,315,17,93.5,,,1,1,0,0,,0,1,2,3,0.0,,,2,3,25,2,17,,,5,6,3,423,0.7,0.0
798,Odsonne Édouard,FRA,FW,2 Teams,2 Comps,27,5.7,514,1.87,83.0,1,5,79,8,77.6,,,15,0,6,4,,5,0,3,13,2.9,,,3,8,12,26,9,,,3,3,2,162,0.5,3.7
799,Éderson,BRA,MF,Atalanta,Serie A,26,5.5,498,1.85,87.0,0,4,265,6,90.3,,,6,1,0,0,,0,2,2,11,0.4,,,6,9,43,16,26,,,11,13,4,409,0.1,0.4
800,Adam Dźwigała,POL,DF,St. Pauli,Bundesliga,29,4.5,409,1.82,80.0,0,2,115,18,83.2,,,0,0,1,1,,1,6,0,0,0.0,,,1,2,13,3,13,,,14,20,12,290,0.0,0.0
801,Paulo Dybala,ARG,FWMF,Roma,Serie A,31,5.0,449,1.75,73.0,1,4,156,0,73.9,,,7,0,2,1,,1,1,18,13,1.4,,,11,11,23,34,15,,,2,3,0,294,1.1,2.2
802,Hugo Duro,ESP,FW,Valencia,La Liga,25,6.8,613,1.78,72.0,0,9,85,6,73.4,,,0,0,3,3,,3,0,5,18,2.2,,,0,3,9,33,13,,,4,4,3,201,0.3,2.2
803,Pablo Durán,ESP,FWMF,Celta Vigo,La Liga,24,5.7,517,1.62,55.0,0,2,103,4,63.6,,,6,0,2,2,,2,2,1,14,1.4,,,4,4,11,35,19,,,7,9,5,191,0.1,1.4
804,Lewis Dunk,ENG,DF,Brighton,Premier League,33,11.0,990,1.92,88.0,0,7,531,58,92.0,,,1,1,0,0,,0,8,1,3,0.6,,,0,5,35,1,47,,,12,20,8,930,0.0,0.6
805,Denzel Dumfries,NED,DF,Inter,Serie A,29,8.0,719,1.88,80.0,0,3,178,12,73.8,,,2,0,1,1,,1,4,9,12,1.5,,,6,13,17,66,21,,,8,12,6,354,1.0,1.5
806,Domingos Duarte,POR,DF,Getafe,La Liga,30,9.5,855,1.91,78.0,0,7,118,80,75.1,,,2,0,0,0,,0,10,0,1,0.4,,,0,1,17,1,26,,,10,20,4,377,0.0,0.4
807,Aron Dønnum,NOR,MFDF,Toulouse,Ligue 1,27,11.0,990,1.79,73.0,2,9,332,8,72.6,,,18,0,5,0,,3,16,23,18,1.1,,,26,34,69,61,54,,,22,38,11,584,2.1,3.4
808,Anastasios Douvikas,GRE,FW,Como,Serie A,25,5.1,458,1.86,76.0,0,2,93,2,75.3,,,10,0,2,2,,2,2,4,18,1.5,,,4,5,11,29,9,,,6,8,5,153,0.4,1.5
809,Kamory Doumbia,MLI,MF,Brest,Ligue 1,22,6.9,623,1.7,53.0,1,9,192,2,78.1,,,9,1,3,2,,2,4,7,25,1.5,,,4,10,26,21,33,,,22,26,14,324,0.7,1.5
810,Ismaël Doukouré,FRA,DFMF,Strasbourg,Ligue 1,22,7.2,650,1.82,70.0,1,5,309,19,88.4,,,4,0,1,0,,0,8,2,6,0.2,,,1,6,24,3,33,,,6,14,4,486,0.5,0.2
811,Guela Doué,CIV,DF,Strasbourg,Ligue 1,22,7.3,653,ND,ND,3,7,339,31,84.8,,,9,0,4,1,,1,4,6,11,1.0,,,3,13,47,14,31,,,17,21,13,527,1.2,1.0
812,Fodé Doucouré,MLI,MFFW,Le Havre,Ligue 1,24,6.0,540,1.72,61.0,1,12,158,7,71.6,,,6,0,3,2,,2,4,11,13,1.2,,,11,11,26,49,26,,,18,22,10,335,2.1,1.2
813,Niklas Dorsch,GER,MF,Heidenheim,Bundesliga,27,6.3,571,1.75,72.0,0,6,157,5,87.1,,,6,3,0,0,,0,6,4,8,0.3,,,3,5,28,8,38,,,14,20,5,292,0.1,0.3
814,Patrick Dorgu,DEN,DF,Manchester Utd,Premier League,20,7.0,626,ND,ND,1,6,193,18,69.7,,,8,0,1,0,,0,10,8,19,0.5,,,7,18,8,50,24,,,21,31,15,398,1.1,0.5
815,Jean-Luc Dompé,FRA,FWMF,Hamburger SV,Bundesliga,29,7.1,641,1.7,62.0,0,2,181,0,67.1,,,4,0,2,2,,2,0,18,15,1.0,,,18,34,23,84,12,,,3,3,3,272,1.9,1.0
816,Carlos Dominguez,ESP,DF,Celta Vigo,La Liga,24,4.8,436,1.87,73.0,0,9,201,32,91.3,,,1,0,0,0,,0,3,1,2,0.0,,,0,2,10,0,21,,,11,14,8,386,0.1,0.0
817,Tyrhys Dolan,ENG,FWMF,Espanyol,La Liga,23,8.9,800,1.82,71.0,1,9,229,7,68.0,,,15,0,1,0,,0,4,12,26,1.0,,,13,43,19,76,31,,,18,22,12,380,1.8,1.0
818,Jeremy Doku,BEL,MFFW,Manchester City,Premier League,23,6.9,621,1.71,60.0,3,2,278,0,79.7,,,19,0,4,1,,1,3,23,24,1.0,,,20,74,34,76,24,,,6,9,4,356,3.7,1.0
819,Josh Doig,SCO,DF,Sassuolo,Serie A,23,8.4,752,1.88,71.0,0,13,182,30,79.6,,,3,1,0,0,,0,13,7,14,0.1,,,6,10,26,21,24,,,17,30,11,470,0.3,0.1
820,Danilho Doekhi,NED,DF,Union Berlin,Bundesliga,27,10.0,900,1.9,85.0,0,12,218,55,75.3,,,1,1,4,4,,4,14,4,12,2.2,,,3,1,19,4,20,,,19,33,13,442,0.4,2.2
821,Dodô,BRA,DF,Fiorentina,Serie A,26,10.9,980,1.66,68.0,0,7,295,16,70.6,,,6,0,0,0,,0,10,10,14,0.9,,,10,39,27,46,50,,,10,20,7,546,0.7,0.9
822,Ritsu Doan,JPN,FWMF,Eint Frankfurt,Bundesliga,27,9.0,809,1.72,70.0,3,10,262,6,74.5,,,20,0,6,3,,3,8,13,27,1.8,,,14,13,35,77,28,,,16,24,8,470,2.0,1.8
823,Berat Djimsiti,ALB,DF,Atalanta,Serie A,32,8.7,784,1.9,83.0,0,8,379,50,88.5,,,0,0,0,0,,0,6,3,2,0.7,,,2,9,33,11,30,,,9,15,4,648,0.2,0.7
824,Djené,TOG,DF,Getafe,La Liga,33,8.6,774,1.78,71.0,0,9,115,57,76.2,,,2,2,0,0,,0,6,1,5,0.0,,,0,3,14,0,30,,,13,19,8,340,0.0,0.0
825,El Hadji Malick Diouf,SEN,DF,West Ham,Premier League,20,10.5,945,1.83,75.0,3,10,265,42,74.1,,,7,1,3,0,,0,8,7,16,0.2,,,9,14,32,45,43,,,16,24,7,601,0.7,0.2
826,Sofiane Diop,MAR,MFFW,Nice,Ligue 1,25,7.8,705,1.65,50.0,1,6,262,4,77.4,,,13,0,7,4,,6,5,11,17,2.0,,,9,17,48,35,29,,,3,8,2,375,1.2,3.6
827,Yan Diomandé,CIV,FW,RB Leipzig,Bundesliga,18,5.9,533,ND,ND,2,11,195,3,76.5,,,17,0,5,3,,3,5,9,18,1.6,,,6,48,22,38,36,,,6,11,4,310,0.9,1.6
828,Federico Dimarco,ITA,DF,Inter,Serie A,27,8.6,776,1.75,75.0,4,5,258,18,73.6,,,2,0,6,2,,2,8,30,6,0.9,,,27,13,51,83,27,,,17,25,13,542,4.9,0.9
829,Kevin Diks,IDN,DF,Gladbach,Bundesliga,28,8.8,793,1.82,73.0,0,12,309,47,89.9,,,2,1,1,0,,1,8,3,3,0.5,,,3,9,31,8,40,,,10,18,6,585,0.2,1.3
830,Lucas Digne,FRA,DF,Aston Villa,Premier League,32,9.1,818,1.78,74.0,3,3,239,27,71.9,,,4,0,3,0,,0,6,10,11,0.3,,,10,10,20,62,27,,,14,20,9,488,0.9,0.3
831,Eric Dier,ENG,DF,Monaco,Ligue 1,31,6.0,540,1.88,88.0,0,13,331,28,92.2,,,0,0,1,1,,1,8,2,2,0.5,,,1,2,39,5,17,,,5,13,3,550,0.1,0.5
832,Pedro Díaz,ESP,MFFW,Rayo Vallecano,La Liga,27,8.6,770,1.8,71.0,0,15,204,3,82.7,,,6,0,0,0,,0,2,9,13,0.6,,,4,10,26,36,33,,,15,17,9,411,0.5,0.6
833,Luis Díaz,COL,FW,Bayern Munich,Bundesliga,28,8.9,802,1.8,72.0,4,10,384,0,80.7,,,12,0,10,6,,6,5,20,20,5.7,,,10,35,35,109,49,,,4,9,3,536,2.1,5.7
834,Junior Diaz,CIV,DF,Brest,Ligue 1,22,6.2,559,ND,ND,0,5,153,38,84.1,,,0,0,0,0,,0,9,1,4,0.1,,,0,2,16,1,20,,,8,17,6,288,0.0,0.1
835,Krépin Diatta,SEN,DFFW,Monaco,Ligue 1,26,6.1,553,1.75,70.0,1,6,191,16,77.3,,,1,0,1,0,,0,13,10,6,0.7,,,9,16,31,44,37,,,22,35,11,408,1.3,0.7
836,Rúben Dias,POR,DF,Manchester City,Premier League,28,10.1,906,1.86,82.0,0,12,534,53,93.6,,,1,0,0,0,,0,11,1,2,0.1,,,0,9,31,0,28,,,6,17,4,771,0.0,0.1
837,Habib Diallo,SEN,FW,Metz,Ligue 1,30,8.7,787,1.85,75.0,1,3,107,12,65.2,,,12,0,4,3,,3,1,6,24,3.2,,,5,11,9,25,9,,,5,6,3,196,0.3,4.0
838,Amad Diallo,CIV,DFMF,Manchester Utd,Premier League,23,8.4,754,1.73,66.0,2,7,265,15,86.6,,,9,0,3,1,,1,4,14,14,2.1,,,12,41,35,63,45,,,16,20,12,449,1.7,2.1
839,Bafodé Diakité,FRA,DF,Bournemouth,Premier League,24,8.0,720,1.82,73.0,0,8,283,52,89.2,,,0,1,0,0,,0,8,3,4,0.0,,,0,1,21,2,30,,,11,19,8,520,0.1,0.0
840,Mouctar Diakhaby,GUI,DF,Valencia,La Liga,28,5.0,453,1.92,74.0,0,4,165,40,85.9,,,0,0,1,1,,1,6,1,2,0.5,,,0,2,17,4,15,,,8,14,6,321,0.0,0.5
841,Boulaye Dia,SEN,FWMF,Lazio,Serie A,28,7.3,654,1.8,75.0,0,3,121,11,80.8,,,12,0,1,1,,1,1,2,16,1.7,,,2,3,12,28,13,,,9,10,5,210,0.0,1.7
842,Giovanni Di Lorenzo,ITA,DF,Napoli,Serie A,31,11.0,990,1.84,80.0,0,10,426,21,83.8,,,3,1,0,0,,0,4,5,7,1.0,,,5,14,67,67,35,,,22,26,13,817,1.0,1.0
843,Kiernan Dewsbury-Hall,ENG,MF,Everton,Premier League,26,9.8,885,1.73,70.0,2,9,264,9,77.2,,,12,0,3,1,,1,4,18,13,0.8,,,24,14,52,37,33,,,16,20,7,459,2.6,0.8
844,Leander Dendoncker,BEL,MF,Oviedo,La Liga,30,10.5,947,1.78,83.0,0,19,239,28,84.4,,,4,2,1,1,,1,7,6,11,0.6,,,3,10,34,15,42,,,26,33,18,494,0.4,0.6
845,Sepp van den Berg,NED,DF,Brentford,Premier League,23,11.0,990,1.89,80.0,0,11,237,71,89.6,,,0,1,0,0,,0,8,1,5,1.5,,,1,4,20,7,34,,,8,16,3,575,0.1,1.5
846,Ermedin Demirović,BIH,FW,Stuttgart,Bundesliga,27,5.5,492,1.85,82.0,1,3,62,6,74.3,,,9,1,4,2,,3,1,5,14,1.4,,,4,4,11,29,9,,,2,3,1,114,0.5,2.2
847,Jessy Deminguet,FRA,MF,Metz,Ligue 1,27,7.3,659,1.78,74.0,0,6,200,4,86.3,,,11,0,0,0,,0,8,1,4,0.1,,,2,11,25,13,26,,,14,22,7,323,0.0,0.1
848,Enrico Del Prato,ITA,DF,Parma,Serie A,25,11.0,990,ND,ND,0,13,248,37,82.3,,,2,0,1,1,,1,6,1,4,1.6,,,3,6,31,11,27,,,20,26,11,515,0.1,1.6
849,Romain Del Castillo,FRA,FWMF,Brest,Ligue 1,29,10.3,927,1.72,56.0,2,10,312,4,63.9,,,16,1,6,1,,4,7,28,33,0.5,,,20,25,28,69,44,,,25,32,17,565,4.2,3.6
850,Alessandro Deiola,ITA,MFDF,Cagliari,Serie A,29,4.8,433,1.89,85.0,0,5,89,12,79.6,,,1,3,0,0,,0,4,2,2,0.1,,,2,1,9,6,18,,,14,18,8,202,0.2,0.1
851,Thibault De Smet,BEL,DF,Paris FC,Ligue 1,27,7.3,655,1.76,65.0,1,4,229,27,85.7,,,2,1,1,0,,0,3,4,2,0.2,,,7,12,25,19,31,,,12,15,5,503,0.3,0.2
852,Charles De Ketelaere,BEL,MFFW,Atalanta,Serie A,24,6.3,563,1.92,79.0,0,6,249,1,78.2,,,18,0,2,2,,2,1,14,14,0.8,,,21,33,55,78,32,,,6,7,4,339,1.6,0.8
853,Maxim De Cuyper,BEL,DF,Brighton,Premier League,24,4.6,415,1.86,66.0,0,5,140,11,79.7,,,4,1,1,1,,1,3,5,1,0.7,,,6,4,19,14,25,,,7,10,4,272,0.4,0.7
854,Kevin De Bruyne,BEL,MF,Napoli,Serie A,34,6.3,566,1.81,70.0,0,2,289,0,82.4,,,8,0,4,1,,4,5,15,6,0.9,,,15,17,43,33,23,,,5,10,4,456,1.5,3.3
855,Keinan Davis,ENG,FW,Udinese,Serie A,27,6.2,557,1.79,68.0,1,1,99,4,78.4,,,8,0,4,2,,3,0,10,13,2.7,,,4,9,5,30,15,,,6,6,2,163,1.3,3.5
856,Davinchi,ESP,DF,Getafe,La Liga,17,4.8,429,ND,ND,0,6,79,23,65.4,,,3,1,0,0,,0,3,2,10,0.2,,,2,3,11,12,20,,,14,17,9,287,0.0,0.2
857,Jonathan David,CAN,FW,Juventus,Serie A,25,4.9,442,1.8,74.0,1,3,102,0,78.2,,,4,1,2,1,,1,1,10,22,1.3,,,0,7,8,32,14,,,4,5,1,173,0.7,1.3
858,Sergi Darder,ESP,MFFW,Mallorca,La Liga,31,10.3,929,1.8,67.0,1,3,309,3,77.7,,,9,0,1,0,,0,9,16,10,0.9,,,8,23,58,39,38,,,8,17,3,507,1.4,0.9
859,Kévin Danois,FRA,MF,Auxerre,Ligue 1,21,9.8,882,1.73,65.0,0,7,342,3,83.7,,,14,0,0,0,,0,8,16,23,0.7,,,6,17,58,22,65,,,25,33,14,594,1.4,0.7
860,Arnaut Danjuma,NED,FWMF,Valencia,La Liga,28,9.9,888,1.87,74.0,1,6,190,3,74.8,,,5,0,4,3,,3,0,4,20,2.6,,,4,34,13,65,39,,,8,8,7,305,0.4,3.4
861,Mikkel Damsgaard,DEN,MF,Brentford,Premier League,25,8.0,716,1.76,68.0,1,17,204,5,64.6,,,9,0,2,1,,1,8,13,18,0.5,,,13,16,37,33,33,,,18,26,11,420,1.7,0.5
862,Diogo Dalot,POR,DF,Manchester Utd,Premier League,26,6.6,594,1.84,76.0,1,3,168,25,75.9,,,2,2,1,0,,0,6,8,14,0.1,,,8,16,17,42,22,,,13,19,7,359,1.0,0.1
863,Adam Daghim,DEN,FW,Wolfsburg,Bundesliga,19,6.0,538,ND,ND,0,13,158,12,59.8,,,9,0,2,2,,2,7,1,16,0.7,,,5,25,17,50,15,,,10,17,6,270,0.0,0.7
864,Lucas Da Cunha,FRA,MF,Como,Serie A,24,7.4,663,1.72,60.0,0,5,278,3,88.9,,,7,0,0,0,,0,4,9,5,1.0,,,5,9,25,12,33,,,10,14,5,504,0.6,1.0
865,Patrick Cutrone,ITA,FW,2 Teams,Serie A,27,7.5,678,1.83,71.0,0,1,127,4,61.6,,,2,0,1,1,,1,2,3,23,2.3,,,0,7,6,41,16,,,2,4,0,235,0.6,2.3
866,Matheus Cunha,BRA,MFFW,Manchester Utd,Premier League,26,7.6,683,1.83,76.0,0,8,207,8,81.9,,,18,0,1,1,,1,5,10,24,1.6,,,9,20,27,32,36,,,8,13,5,340,0.6,1.6
867,Josh Cullen,IRL,MF,Burnley,Premier League,29,10.5,942,1.8,75.0,1,19,319,28,85.4,,,5,0,3,2,,2,13,9,8,0.6,,,7,4,51,8,43,,,19,32,11,647,0.8,0.6
868,Marc Cucurella,ESP,DF,Chelsea,Premier League,27,10.0,896,1.75,68.0,2,15,369,31,88.1,,,1,1,2,0,,0,12,15,5,0.4,,,8,19,47,31,39,,,24,36,17,699,1.5,0.4
869,Cucho,COL,FW,Betis,La Liga,26,11.4,1027,1.75,73.0,2,9,266,14,71.2,,,24,1,7,5,,5,3,14,48,4.0,,,4,20,24,74,25,,,12,15,7,432,2.3,4.0
870,Pau Cubarsí,ESP,DF,Barcelona,La Liga,18,7.7,690,ND,ND,0,3,434,29,93.3,,,0,0,0,0,,0,6,3,0,0.2,,,2,14,44,1,27,,,15,21,11,726,0.4,0.2
871,Juan Cruz Armada,ESP,DF,Osasuna,La Liga,33,5.4,485,1.82,77.0,0,4,100,19,85.4,,,1,0,0,0,,0,2,2,2,0.4,,,2,3,12,3,14,,,3,5,2,223,0.1,0.4
872,Bryan Cristante,ITA,MF,Roma,Serie A,30,10.3,929,1.86,78.0,0,8,393,13,81.4,,,10,1,1,1,,1,5,11,12,0.9,,,13,15,77,25,57,,,18,23,9,706,0.6,0.9
873,Charlie Cresswell,ENG,DF,Toulouse,Ligue 1,22,12.0,1080,1.83,73.0,1,18,397,74,87.9,,,2,0,4,3,,3,9,5,2,1.7,,,0,4,30,3,37,,,9,18,7,729,0.4,1.7
874,Nicolas Cozza,FRA,DF,Nantes,Ligue 1,26,6.3,570,1.78,72.0,0,3,141,28,72.0,,,1,0,0,0,,0,4,3,6,0.0,,,3,8,16,11,16,,,6,10,3,300,0.1,0.0
875,Yan Couto,BRA,DFMF,Dortmund,Bundesliga,23,5.2,470,1.69,61.0,1,7,188,8,80.5,,,5,0,2,1,,1,2,7,7,0.5,,,5,20,14,52,25,,,10,12,9,358,1.0,0.5
876,Soumaïla Coulibaly,FRA,DF,2 Teams,Ligue 1,21,5.0,450,1.9,77.0,0,5,203,29,90.2,,,0,0,0,0,,0,6,0,2,0.2,,,1,3,7,0,24,,,4,10,3,322,0.0,0.2
877,Mamadou Coulibaly,FRA,MF,Monaco,Ligue 1,21,5.7,511,ND,ND,1,7,213,9,86.6,,,2,0,2,1,,1,6,7,17,0.6,,,10,12,32,20,28,,,17,23,11,382,0.9,0.6
878,Lassana Coulibaly,MLI,MF,Lecce,Serie A,29,9.3,834,1.83,77.0,0,7,161,10,76.9,,,8,0,1,1,,1,1,7,10,1.0,,,1,7,22,20,36,,,10,11,4,312,0.3,1.0
879,Abdoul Coulibaly,GER,DF,Werder Bremen,Bundesliga,18,8.9,802,ND,ND,0,12,416,50,85.1,,,1,2,1,1,,1,11,3,5,0.5,,,1,6,20,0,21,,,9,20,3,695,0.1,0.5
880,Vladimír Coufal,CZE,DF,Hoffenheim,Bundesliga,32,9.9,888,1.74,70.0,4,15,257,41,73.1,,,5,0,5,1,,1,7,15,19,0.2,,,12,18,42,25,52,,,17,24,13,634,2.2,0.2
881,David Costas,ESP,DF,Oviedo,La Liga,30,5.9,530,1.84,72.0,0,7,204,44,89.9,,,0,0,0,0,,0,4,2,1,0.0,,,1,1,12,1,12,,,9,13,8,361,0.1,0.0
882,Samu Costa,POR,MF,Mallorca,La Liga,24,7.6,682,1.83,75.0,0,13,245,32,75.5,,,9,2,1,1,,1,7,4,12,0.4,,,1,5,25,18,33,,,16,23,8,477,0.7,0.4
883,Danny da Costa,GER,DF,Mainz 05,Bundesliga,32,9.2,824,1.85,85.0,0,10,284,47,74.7,,,3,0,0,0,,0,12,5,10,0.1,,,11,5,49,9,36,,,10,22,5,561,0.4,0.1
884,Thierry Correia,POR,DF,Valencia,La Liga,26,4.8,433,1.76,72.0,0,5,133,9,79.1,,,3,0,0,0,,0,7,2,8,0.0,,,3,8,17,18,15,,,12,19,7,289,0.1,0.0
885,Félix Correia,POR,FW,Lille,Ligue 1,24,9.6,864,1.62,72.0,4,10,314,3,74.8,,,10,1,7,3,,3,9,17,11,2.2,,,25,23,59,94,39,,,10,19,5,510,2.7,2.2
886,Copete,ESP,DF,Valencia,La Liga,25,7.8,699,1.92,78.0,0,13,211,50,87.2,,,0,2,0,0,,0,8,1,5,1.2,,,1,1,19,1,14,,,12,20,7,459,0.0,1.2
887,Francisco Conceição,POR,MFFW,Juventus,Serie A,22,6.3,569,1.7,64.0,0,7,238,2,82.0,,,11,0,1,1,,1,3,9,17,0.7,,,5,36,14,36,31,,,9,12,5,332,0.7,0.7
888,Santi Comesaña,ESP,MF,Villarreal,La Liga,28,7.8,703,1.84,75.0,2,13,277,12,84.1,,,8,2,4,2,,2,6,10,13,2.3,,,7,11,37,25,39,,,14,20,5,478,1.1,2.3
889,Lorenzo Colombo,ITA,FWMF,Genoa,Serie A,23,6.2,554,1.83,75.0,0,5,102,4,60.6,,,13,0,1,1,,1,0,0,19,2.0,,,0,5,5,37,9,,,5,5,4,185,0.0,2.8
890,Santiago Colombatto,ARG,MF,Oviedo,La Liga,28,6.0,541,1.75,71.0,1,7,190,18,79.7,,,5,2,1,0,,0,3,8,10,0.2,,,8,1,30,17,22,,,12,15,5,340,1.1,0.2
891,Nnamdi Collins,GER,DF,Eint Frankfurt,Bundesliga,21,5.1,460,ND,ND,1,7,232,20,84.0,,,2,1,1,0,,0,7,1,7,0.0,,,0,16,31,8,11,,,16,23,9,409,0.2,0.0
892,Nathan Collins,IRL,DF,Brentford,Premier League,24,11.0,990,1.93,81.0,0,18,296,72,81.6,,,5,1,0,0,,0,13,3,3,0.4,,,2,2,24,1,37,,,6,19,1,637,0.9,0.4
893,Maxime Colin,FRA,DF,Metz,Ligue 1,33,4.9,437,1.8,75.0,0,9,158,10,90.2,,,4,0,0,0,,0,4,1,3,0.2,,,1,1,11,5,16,,,11,15,7,296,0.0,0.2
894,Saúl Coco,EQG,DF,Torino,Serie A,26,11.0,990,ND,ND,1,17,266,61,89.4,,,3,0,2,1,,1,17,3,8,0.5,,,1,4,23,2,22,,,21,38,14,594,0.1,0.5
895,Jonathan Clauss,FRA,DFMF,Nice,Ligue 1,32,7.8,706,1.78,69.0,2,8,285,23,75.6,,,6,1,3,1,,1,11,19,16,0.4,,,15,21,35,53,39,,,17,28,12,535,1.5,0.4
896,Alexis Claude-Maurice,FRA,MFFW,Augsburg,Bundesliga,27,4.8,433,1.8,72.0,0,3,127,4,82.5,,,9,0,0,0,,0,1,2,19,0.8,,,2,13,16,30,17,,,3,4,0,228,0.2,0.8
897,Djaoui Cissé,FRA,MF,Rennes,Ligue 1,21,5.3,474,ND,ND,0,9,164,5,75.5,,,7,0,0,0,,0,1,5,15,0.5,,,3,15,36,25,25,,,14,15,9,329,0.4,0.5
898,Pathé Ciss,SEN,MFDF,Rayo Vallecano,La Liga,31,9.3,839,1.78,71.0,0,16,331,28,89.1,,,8,0,0,0,,0,13,5,5,1.2,,,1,13,64,5,58,,,23,36,11,661,0.2,1.2
899,Alessandro Circati,AUS,DF,Parma,Serie A,21,9.4,850,ND,ND,0,21,298,50,84.7,,,0,0,1,1,,1,10,3,9,0.5,,,2,0,20,1,36,,,10,20,6,543,0.1,0.5
900,Víctor Chust,ESP,DF,Elche,La Liga,25,6.6,597,1.82,77.0,0,8,228,25,87.7,,,1,0,0,0,,0,6,1,4,0.3,,,1,7,16,0,30,,,18,24,10,462,0.0,0.3
901,Joris Chotard,FRA,MF,Brest,Ligue 1,23,10.1,905,1.78,68.0,0,12,250,23,80.0,,,2,0,1,1,,1,12,1,10,0.7,,,2,5,45,9,44,,,21,33,11,489,0.0,0.7
902,Ben Chilwell,ENG,DF,Strasbourg,Ligue 1,28,5.8,524,1.78,71.0,0,4,187,22,80.6,,,3,0,0,0,,0,4,0,11,0.0,,,1,6,16,4,15,,,8,12,7,335,0.0,0.0
903,Sidiki Cherif,FRA,FW,Angers,Ligue 1,18,7.5,679,ND,ND,0,7,149,1,72.6,,,11,0,3,3,,3,3,3,24,2.1,,,0,22,8,40,29,,,5,8,1,237,0.1,2.1
904,Samir Chergui,ALG,DF,Paris FC,Ligue 1,26,10.2,914,1.8,66.0,0,9,249,32,89.3,,,2,0,1,1,,1,5,2,11,1.6,,,2,2,22,27,32,,,15,20,8,607,0.2,1.6
905,Chema,ESP,MF,Stuttgart,Bundesliga,20,4.5,402,ND,ND,0,10,152,18,84.2,,,0,0,1,1,,1,13,4,6,0.4,,,2,6,37,9,31,,,10,23,5,304,0.1,0.4
906,Pep Chavarría,ESP,DF,Rayo Vallecano,La Liga,27,11.2,1012,1.74,72.0,2,23,405,35,80.4,,,5,2,3,1,,1,16,11,19,0.3,,,17,48,60,47,57,,,25,41,12,813,1.5,0.3
907,Brendan Chardonnet,FRA,DF,Brest,Ligue 1,30,9.8,881,1.81,74.0,0,23,364,58,85.3,,,0,1,0,0,,0,8,3,3,0.4,,,1,5,18,3,30,,,9,17,4,614,0.1,0.4
908,Trevoh Chalobah,ENG,DF,Chelsea,Premier League,26,9.3,840,1.9,75.0,0,5,558,60,91.5,,,1,0,2,2,,2,10,2,4,0.7,,,4,10,33,0,36,,,12,22,8,821,0.1,0.7
909,Ilyas Chaira,MAR,FWMF,Oviedo,La Liga,24,6.9,625,ND,ND,0,11,174,10,83.4,,,11,0,0,0,,0,2,3,17,1.5,,,3,28,22,48,36,,,10,12,10,288,0.1,1.5
910,Fares Chaïbi,ALG,MF,Eint Frankfurt,Bundesliga,22,7.1,640,1.83,70.0,5,9,228,11,72.0,,,6,0,6,1,,1,7,18,12,0.6,,,8,18,33,40,37,,,13,20,9,419,1.6,0.6
911,Julian Chabot,GER,DF,Stuttgart,Bundesliga,27,7.1,637,1.94,90.0,0,4,407,54,87.8,,,0,0,0,0,,0,13,1,8,0.3,,,3,8,37,2,38,,,9,22,5,681,0.0,0.3
912,Zeki Çelik,TUR,DF,Roma,Serie A,28,8.1,726,1.8,73.0,1,5,291,22,80.3,,,2,0,2,1,,1,6,7,8,0.6,,,8,17,35,42,32,,,13,19,5,537,0.4,0.6
913,Catena,ESP,DF,Osasuna,La Liga,30,12.0,1080,1.94,80.0,1,14,375,79,84.7,,,2,1,2,1,,1,12,5,3,1.1,,,2,2,27,7,34,,,17,29,14,717,0.2,1.1
914,Danilo Cataldi,ITA,MF,Lazio,Serie A,30,8.5,764,1.8,70.0,1,7,242,22,78.4,,,3,2,2,0,,1,11,7,7,0.2,,,1,3,32,4,28,,,12,23,6,483,0.7,1.0
915,Santiago Castro,ARG,FW,Bologna,Serie A,20,6.6,597,ND,ND,1,3,94,10,71.3,,,14,0,5,4,,4,0,9,17,2.0,,,3,4,8,33,8,,,3,3,3,162,0.7,2.0
916,Jonny Castro,ESP,DF,Alavés,La Liga,31,11.9,1070,1.75,70.0,0,17,455,34,86.3,,,7,1,0,0,,0,18,9,10,0.1,,,6,17,54,17,61,,,25,43,17,895,0.5,0.1
917,Valentín Castellanos,ARG,FW,Lazio,Serie A,26,4.8,428,1.79,69.0,3,1,75,6,61.3,,,7,0,5,2,,2,1,5,8,1.5,,,3,5,11,32,4,,,4,5,2,138,1.4,1.5
918,Cristian Cásseres Jr.,VEN,MF,Toulouse,Ligue 1,25,10.0,898,1.74,73.0,0,7,280,8,77.6,,,6,1,0,0,,0,11,16,9,0.3,,,5,5,55,12,68,,,18,29,10,542,1.2,1.1
919,Josué Casimir,HAI,MFDF,Auxerre,Ligue 1,23,9.2,826,1.78,68.0,0,10,212,10,72.5,,,8,1,0,0,,0,6,4,18,0.9,,,6,18,20,53,38,,,17,23,9,412,0.3,1.6
920,Matty Cash,POL,DF,Aston Villa,Premier League,27,10.7,966,1.85,76.0,0,15,373,37,77.4,,,8,1,2,2,,2,9,8,6,0.2,,,7,15,39,46,24,,,18,27,10,688,0.7,0.2
921,Casemiro,BRA,MF,Manchester Utd,Premier League,33,6.8,614,1.84,80.0,1,12,189,12,81.4,,,4,1,4,3,,3,5,6,10,1.3,,,0,1,30,10,39,,,22,27,12,438,0.7,1.3
922,Marc Casado,ESP,MF,Barcelona,La Liga,21,4.4,400,1.72,66.0,1,9,259,4,93.0,,,1,0,1,0,,0,4,5,4,0.3,,,2,7,23,8,15,,,5,9,0,410,0.1,0.3
923,Cesare Casadei,ITA,MF,Torino,Serie A,22,10.2,918,1.76,62.0,0,8,229,15,78.7,,,10,0,0,0,,0,6,8,23,1.6,,,2,11,42,17,38,,,11,17,5,469,0.6,1.8
924,Álvaro Carreras,ESP,DF,Real Madrid,La Liga,22,11.9,1071,1.86,70.0,0,19,579,39,88.9,,,8,0,1,1,,1,18,15,10,0.2,,,7,30,108,66,79,,,15,33,3,1061,0.8,0.2
925,Sergio Carreira,ESP,MFDF,Celta Vigo,La Liga,24,8.9,803,1.7,68.0,1,15,316,20,83.1,,,4,0,2,1,,1,10,3,4,0.6,,,13,21,51,82,28,,,11,21,5,604,0.3,0.6
926,Carmona,ESP,DFMF,Sevilla,La Liga,23,10.2,915,1.83,80.0,3,13,323,41,80.9,,,4,1,4,1,,1,11,7,13,0.3,,,4,24,27,38,66,,,29,40,20,658,1.2,0.3
927,David Carmo,ANG,DF,Oviedo,La Liga,26,8.1,733,1.94,88.0,0,11,343,71,85.9,,,1,0,1,1,,1,9,1,2,0.8,,,1,4,30,1,15,,,12,21,6,584,0.0,0.8
928,Kevin Carlos,ESP,FW,Nice,Ligue 1,24,5.2,471,1.88,71.0,0,1,71,4,63.3,,,7,0,0,0,,0,1,1,16,1.0,,,1,3,4,22,9,,,0,1,0,126,0.1,1.0
929,Diego Carlos,BRA,DF,Como,Serie A,32,7.4,668,1.85,79.0,0,7,315,57,92.3,,,0,0,0,0,,0,6,1,2,0.0,,,0,2,21,0,15,,,11,17,6,520,0.0,0.0
930,Igor Carioca,BRA,DF,Lorient,Ligue 1,28,6.5,585,1.73,66.0,0,4,226,21,84.5,,,0,0,1,1,,1,9,6,8,0.2,,,5,11,23,17,24,,,7,16,6,390,0.3,0.2
931,Sergi Cardona,ESP,DF,Villarreal,La Liga,26,8.1,727,ND,ND,2,15,258,19,79.4,,,2,3,2,0,,0,14,9,7,0.2,,,13,20,24,53,28,,,16,30,10,487,1.1,0.2
932,Antonio Caracciolo,ITA,DF,Pisa,Serie A,35,11.0,990,1.85,83.0,0,22,234,70,82.6,,,2,1,0,0,,0,13,0,4,0.2,,,1,2,19,6,41,,,23,36,13,542,0.0,0.2
933,Maxence Caqueret,FRA,MFFW,Como,Serie A,25,5.2,465,1.74,63.0,1,6,212,1,85.9,,,8,1,1,0,,0,5,10,8,0.5,,,8,8,32,20,21,,,12,17,8,362,0.8,0.5
934,Nicolás Capaldo,ARG,DFMF,Hamburger SV,Bundesliga,27,6.3,567,1.77,73.0,1,11,165,20,76.7,,,7,1,1,0,,0,7,4,8,0.1,,,2,8,28,13,23,,,14,21,8,330,0.3,0.1
935,Simone Canestrelli,ITA,DF,Pisa,Serie A,24,11.0,990,ND,ND,0,20,221,62,78.9,,,4,1,0,0,,0,7,4,7,0.5,,,0,6,34,4,31,,,16,23,7,539,0.1,0.5
936,Matteo Cancellieri,ITA,FW,Lazio,Serie A,23,4.6,410,1.73,62.0,0,6,104,2,75.2,,,7,0,3,3,,3,8,4,7,1.8,,,2,10,14,33,17,,,11,19,6,193,0.3,1.8
937,Andrea Cambiaso,ITA,DFFW,Juventus,Serie A,25,8.3,749,1.81,73.0,1,10,343,5,85.7,,,3,0,2,1,,1,6,18,10,0.6,,,12,31,30,62,42,,,11,17,8,566,1.6,0.6
938,Nicolò Cambiaghi,ITA,FW,Bologna,Serie A,24,6.9,622,1.73,65.0,4,8,168,2,78.9,,,5,0,6,2,,2,2,13,13,1.4,,,11,33,24,50,20,,,7,9,6,242,1.9,1.4
939,Ousmane Camara,MLI,DF,Angers,Ligue 1,22,10.7,963,1.97,88.0,0,18,286,68,87.2,,,0,0,1,1,,1,12,2,6,0.1,,,0,1,9,0,37,,,18,30,13,564,0.1,0.1
940,Mahdi Camara,FRA,MF,Rennes,Ligue 1,27,8.0,719,1.78,60.0,0,9,210,14,86.6,,,5,0,0,0,,0,13,8,15,0.1,,,5,15,31,33,27,,,22,35,13,406,0.9,0.1
941,Adama Camara,FRA,MFDF,Paris FC,Ligue 1,28,8.0,716,ND,ND,0,13,163,16,86.6,,,8,1,1,1,,1,12,6,13,0.8,,,4,3,22,21,24,,,20,32,12,404,0.3,0.8
942,Dani Calvo,ESP,DF,Oviedo,La Liga,31,6.0,540,1.93,90.0,0,7,169,42,90.3,,,1,0,0,0,,0,2,0,3,0.0,,,0,1,7,1,14,,,7,9,3,341,0.0,0.0
943,Dominic Calvert-Lewin,ENG,FW,Leeds United,Premier League,28,6.8,614,1.89,64.0,0,4,98,4,67.6,,,8,0,1,1,,1,1,8,24,2.1,,,3,6,7,30,12,,,3,4,1,186,0.9,2.1
944,Hakan Çalhanoğlu,TUR,MF,Inter,Serie A,31,7.7,694,1.76,73.0,1,4,424,6,86.7,,,3,0,6,3,,5,4,17,11,1.0,,,10,16,63,22,48,,,13,17,7,732,1.2,2.6
945,Duje Ćaleta-Car,CRO,DF,Real Sociedad,La Liga,28,7.7,697,1.88,78.0,0,8,301,33,91.3,,,0,0,0,0,,0,8,3,1,0.4,,,2,9,26,1,31,,,4,12,2,518,0.1,0.4
946,Fernando Calero,ESP,DF,Espanyol,La Liga,29,6.5,581,1.84,80.0,0,19,269,36,89.1,,,1,0,0,0,,0,7,1,0,0.9,,,0,2,8,1,22,,,8,15,6,457,0.0,0.9
947,Riccardo Calafiori,ITA,DF,Arsenal,Premier League,23,9.5,856,1.83,75.0,2,7,273,31,81.2,,,2,0,3,1,,1,5,4,4,2.2,,,6,19,33,40,41,,,13,18,9,576,0.5,2.2
948,Moisés Caicedo,ECU,MF,Chelsea,Premier League,23,10.5,945,1.78,75.0,1,13,440,12,90.4,,,8,1,4,3,,3,26,6,7,0.6,,,5,9,60,6,57,,,34,60,20,758,1.0,0.6
949,Leandro Cabrera,URU,DF,Espanyol,La Liga,34,11.0,990,1.87,80.0,0,11,328,55,82.8,,,2,0,1,1,,1,9,5,1,1.0,,,2,1,40,5,27,,,8,17,3,601,0.4,1.0
950,Marnon Busch,GER,DFMF,Heidenheim,Bundesliga,30,5.6,505,1.82,80.0,1,10,106,30,75.8,,,0,0,1,0,,0,7,3,5,0.5,,,0,4,16,11,20,,,11,18,6,259,0.4,0.5
951,Dan Burn,ENG,DF,Newcastle Utd,Premier League,33,10.8,972,1.98,87.0,1,9,286,59,70.8,,,4,0,1,0,,0,12,3,9,0.1,,,4,4,32,21,37,,,15,27,9,624,0.1,0.1
952,Oliver Burke,SCO,MFFW,Union Berlin,Bundesliga,28,5.3,481,1.89,75.0,0,8,70,0,70.2,,,8,0,3,3,,3,4,4,10,1.8,,,2,8,10,31,24,,,4,8,2,135,0.2,1.8
953,Jonathan Burkardt,GER,FW,Eint Frankfurt,Bundesliga,25,6.7,603,1.81,76.0,0,5,97,2,73.3,,,9,0,6,5,,6,1,6,12,4.1,,,3,3,7,25,5,,,3,4,0,169,0.2,4.9
954,Wouter Burger,NED,MF,Hoffenheim,Bundesliga,24,8.0,722,1.9,84.0,2,8,179,25,71.8,,,9,0,4,2,,2,2,13,17,0.8,,,6,3,40,25,36,,,22,24,16,475,2.5,0.8
955,Alessandro Buongiorno,ITA,DF,Napoli,Serie A,26,6.3,566,1.92,85.0,1,6,269,34,91.9,,,1,0,1,0,,0,6,1,3,0.6,,,3,7,26,1,26,,,7,13,6,446,0.1,0.6
956,Marius Bülter,GER,FWMF,Köln,Bundesliga,32,5.4,485,1.88,82.0,3,2,123,8,68.2,,,5,0,5,2,,2,3,10,21,2.0,,,11,13,16,35,10,,,3,6,2,210,1.9,2.0
957,Santiago Bueno,URU,DF,Wolves,Premier League,26,7.4,665,1.9,79.0,0,9,226,27,87.9,,,1,0,1,1,,1,14,3,1,0.8,,,1,4,22,1,19,,,23,37,11,429,0.1,0.8
958,Hugo Bueno,ESP,DFMF,Wolves,Premier League,22,8.8,794,1.8,72.0,0,8,257,24,76.9,,,10,0,0,0,,0,15,14,16,0.2,,,18,29,22,53,39,,,25,40,13,545,1.0,0.2
959,Emi Buendía,ARG,MFFW,Aston Villa,Premier League,28,4.7,427,1.7,65.0,2,13,117,11,78.2,,,12,0,5,3,,3,2,9,4,1.0,,,10,12,28,16,25,,,15,17,11,246,1.0,1.0
960,Ante Budimir,CRO,FW,Osasuna,La Liga,34,10.0,900,1.9,75.0,0,8,129,12,58.9,,,9,0,4,2,,4,0,3,36,3.0,,,2,7,7,32,24,,,7,7,5,279,0.3,5.4
961,Tajon Buchanan,CAN,MF,Villarreal,La Liga,26,8.1,729,1.82,69.0,0,7,215,6,81.1,,,7,0,4,4,,4,11,8,12,0.9,,,5,28,18,57,46,,,11,22,9,326,1.0,0.9
962,Jacob Bruun Larsen,DEN,FWMF,Burnley,Premier League,26,4.6,416,1.83,75.0,1,3,105,7,75.2,,,3,0,1,0,,0,2,3,11,0.2,,,4,7,8,33,10,,,3,5,2,183,0.7,0.2
963,Brugui,ESP,MFFW,Levante,La Liga,28,8.5,769,ND,ND,1,8,160,11,79.7,,,14,1,1,0,,0,2,4,16,1.8,,,7,8,10,42,21,,,8,10,3,279,0.4,1.9
964,Nathaniel Brown,GER,DFFW,Eint Frankfurt,Bundesliga,22,7.8,706,ND,ND,2,11,260,10,82.4,,,6,0,3,1,,1,7,11,11,1.0,,,5,27,21,53,31,,,23,30,17,438,1.1,1.0
965,David Brooks,WAL,FWMF,Bournemouth,Premier League,28,6.1,551,1.77,70.0,1,6,186,6,68.8,,,4,0,1,0,,0,3,8,12,1.0,,,7,17,18,58,27,,,8,11,5,309,1.5,1.0
966,Sascha Britschgi,SUI,DF,Parma,Serie A,18,6.3,571,ND,ND,2,4,125,13,68.3,,,6,0,2,0,,0,1,4,3,0.1,,,5,8,11,20,16,,,13,14,7,236,0.8,0.1
967,Abel Bretones,ESP,DFMF,Osasuna,La Liga,24,10.0,897,ND,ND,0,14,224,26,74.4,,,3,0,1,1,,1,11,8,14,0.3,,,7,15,24,29,39,,,20,31,9,458,0.3,0.3
968,Lilian Brassier,FRA,DF,Rennes,Ligue 1,25,6.4,577,1.84,78.0,0,7,245,22,83.4,,,4,0,0,0,,0,7,0,6,0.1,,,1,9,37,7,23,,,10,17,2,470,0.0,0.1
969,Conor Bradley,NIR,DF,Liverpool,Premier League,22,5.9,530,1.81,68.0,0,12,238,14,84.7,,,3,0,0,0,,0,8,2,5,0.1,,,8,16,28,25,21,,,10,18,9,426,0.3,0.1
970,Domagoj Bradarić,CRO,DFFW,Hellas Verona,Serie A,25,8.7,784,1.78,74.0,0,10,172,15,70.9,,,0,0,0,0,,0,4,7,11,0.5,,,4,9,13,31,29,,,15,19,7,362,1.4,0.5
971,Enzo Boyomo,CMR,DF,Osasuna,La Liga,23,11.9,1067,1.81,70.0,0,20,396,58,80.9,,,5,1,0,0,,0,5,4,12,0.0,,,5,9,41,6,53,,,29,34,17,683,0.8,0.0
972,Lucas Boyé,ARG,FWMF,Alavés,La Liga,29,6.1,551,1.79,81.0,0,10,134,4,69.7,,,18,0,2,2,,2,2,12,31,1.3,,,6,6,16,32,17,,,15,17,11,249,0.9,1.3
973,Jarrod Bowen,ENG,FWMF,West Ham,Premier League,28,11.0,990,1.78,70.0,1,4,218,9,70.1,,,16,0,4,3,,3,7,11,24,1.5,,,11,34,23,79,41,,,8,15,5,390,1.8,1.5
974,Hicham Boudaoui,ALG,MF,Nice,Ligue 1,25,9.1,817,1.75,61.0,2,6,253,17,82.7,,,12,1,3,1,,1,13,11,18,0.9,,,12,16,32,27,42,,,11,24,8,427,1.5,0.9
975,Ayyoub Bouaddi,FRA,MF,Lille,Ligue 1,17,10.0,898,1.86,72.0,1,21,278,12,84.6,,,7,1,1,0,,0,9,10,19,1.3,,,2,18,29,32,58,,,20,29,13,482,0.6,1.3
976,Sven Botman,NED,DF,Newcastle Utd,Premier League,25,7.1,642,1.95,86.0,0,10,286,45,86.5,,,1,1,0,0,,0,6,4,5,0.1,,,0,1,21,3,36,,,6,12,3,491,0.6,0.1
977,Gennaro Borrelli,ITA,FW,Cagliari,Serie A,25,5.6,501,ND,ND,0,4,82,11,66.3,,,9,0,1,1,,1,2,5,14,1.1,,,1,4,5,18,6,,,9,11,3,157,0.3,1.1
978,Ange-Yoan Bonny,FRA,FW,Inter,Serie A,21,4.6,412,ND,ND,3,0,89,3,79.8,,,10,0,7,4,,4,0,9,11,1.7,,,4,9,12,38,13,,,4,4,2,144,1.8,1.7
979,Rahim Bonkano,NIG,DF,Oviedo,La Liga,23,8.4,760,ND,ND,0,10,255,31,77.3,,,2,1,0,0,,0,12,6,13,0.0,,,13,16,25,46,32,,,18,30,9,516,0.4,0.0
980,Warren Bondo,FRA,MF,Cremonese,Serie A,21,8.4,756,1.77,63.0,0,6,249,3,88.7,,,7,1,0,0,,0,3,3,12,0.1,,,4,8,31,8,36,,,18,21,8,384,0.2,0.1
981,Federico Bonazzoli,ITA,FW,Cremonese,Serie A,28,5.3,481,1.82,79.0,0,3,126,3,79.5,,,10,0,4,4,,4,1,1,14,1.7,,,1,3,12,20,12,,,4,5,3,201,0.3,1.7
982,Jayden Bogle,ENG,DF,Leeds United,Premier League,25,10.6,958,1.78,68.0,0,7,259,28,75.1,,,13,1,0,0,,0,13,3,16,0.7,,,8,22,26,46,47,,,28,41,16,529,0.2,0.7
983,Jeremie Boga,CIV,FWMF,Nice,Ligue 1,28,6.8,608,1.72,74.0,2,2,165,2,79.8,,,5,1,4,2,,2,3,12,9,1.6,,,5,25,17,33,17,,,2,5,2,249,1.0,1.6
984,Sacha Boey,FRA,DF,Bayern Munich,Bundesliga,24,5.1,463,1.66,51.0,0,4,209,9,84.9,,,4,1,0,0,,0,5,4,7,0.3,,,1,6,22,30,21,,,6,11,4,394,0.2,0.3
985,Oscar Bobb,NOR,MFFW,Manchester City,Premier League,22,5.0,454,ND,ND,1,7,173,1,89.6,,,8,0,1,0,,0,3,9,9,0.4,,,15,16,17,52,17,,,8,11,5,252,0.6,0.4
986,Daley Blind,NED,DF,Girona,La Liga,35,10.6,952,1.8,72.0,0,13,504,54,89.1,,,4,1,0,0,,0,14,5,7,0.0,,,6,6,54,0,38,,,23,37,14,792,0.2,0.0
987,Ludovic Blas,FRA,MFDF,Rennes,Ligue 1,27,6.5,586,1.8,70.0,1,9,195,6,82.0,,,10,0,3,1,,2,6,14,10,1.6,,,13,21,38,57,32,,,4,10,3,343,1.7,2.4
988,Antonio Blanco,ESP,MF,Alavés,La Liga,25,10.4,935,1.76,66.0,0,15,365,15,83.4,,,12,1,0,0,,0,18,5,9,0.5,,,3,7,65,9,70,,,26,44,14,753,0.2,0.5
989,Cristiano Biraghi,ITA,DFMF,Torino,Serie A,32,5.1,459,1.84,80.0,0,2,101,13,70.5,,,0,0,0,0,,0,2,7,2,0.1,,,9,6,22,19,11,,,9,11,7,259,0.5,0.1
990,Pedro Bigas,ESP,DF,Elche,La Liga,34,9.3,840,1.8,78.0,1,15,438,37,88.8,,,3,2,1,0,,0,15,3,10,0.1,,,4,7,41,5,34,,,19,34,11,801,0.2,0.1
991,Mika Biereth,DEN,FWMF,Monaco,Ligue 1,22,6.8,615,1.87,69.0,0,8,99,4,59.2,,,12,0,1,1,,1,0,6,15,2.2,,,6,3,9,46,13,,,5,5,3,176,0.4,2.2
992,Matteo Bianchetti,ITA,DF,Cremonese,Serie A,32,9.7,877,1.89,80.0,1,12,327,55,81.7,,,0,2,1,0,,0,5,1,3,0.2,,,1,0,29,6,20,,,18,23,13,624,0.2,0.2
993,Beto,GNB,FW,Everton,Premier League,27,6.8,609,1.94,86.0,0,4,84,15,62.2,,,8,0,1,1,,1,0,3,29,4.1,,,0,3,2,30,9,,,6,6,2,177,0.4,4.1
994,Jan-Niklas Beste,GER,FW,Freiburg,Bundesliga,26,6.3,564,1.77,70.0,0,12,132,6,62.8,,,11,0,0,0,,0,3,9,10,0.6,,,3,7,10,46,20,,,12,15,9,262,1.0,0.6
995,Nicolò Bertola,ITA,DF,Udinese,Serie A,22,4.8,428,ND,ND,0,7,159,28,82.3,,,2,1,0,0,,0,4,3,3,0.0,,,1,3,12,5,13,,,12,16,8,286,0.0,0.0
996,Antoine Bernede,FRA,MF,Hellas Verona,Serie A,26,8.8,795,1.77,74.0,0,21,195,4,71.8,,,6,0,0,0,,0,5,8,16,0.3,,,7,12,29,18,35,,,20,25,8,387,0.5,0.3
997,Bernardo,BRA,DF,Hoffenheim,Bundesliga,30,9.9,890,1.86,76.0,0,25,261,58,77.9,,,1,1,0,0,,0,15,3,8,0.2,,,3,14,64,12,43,,,29,44,17,718,0.1,0.2
998,Adrian Bernabe,ESP,MF,Parma,Serie A,24,9.6,867,1.7,66.0,0,9,303,6,79.7,,,7,0,2,2,,2,4,12,8,1.2,,,6,19,51,20,43,,,15,19,10,525,1.0,1.2
999,Medon Berisha,ALB,MF,Lecce,Serie A,21,7.3,659,1.86,81.0,1,7,216,4,72.6,,,9,0,3,2,,2,4,14,10,1.1,,,2,10,38,14,31,,,17,21,11,408,1.4,1.1
1000,Lucas Bergvall,SWE,MFFW,Tottenham,Premier League,19,4.6,413,ND,ND,1,2,108,8,71.4,,,4,1,2,1,,1,2,2,8,0.6,,,4,9,20,24,17,,,13,15,8,210,0.3,0.6
1001,Sander Berge,NOR,MF,Fulham,Premier League,27,10.6,958,1.9,88.0,0,11,335,15,88.6,,,9,0,0,0,,0,6,7,5,0.6,,,7,15,55,6,43,,,14,20,11,571,0.5,0.6
1002,Álex Berenguer,ESP,FWMF,Athletic Club,La Liga,30,8.3,750,1.75,69.0,0,10,202,8,69.4,,,20,0,0,0,,0,1,17,18,1.5,,,16,20,27,59,30,,,8,9,4,412,1.5,1.5
1003,Yuri Berchiche,ESP,DF,Athletic Club,La Liga,35,11.5,1035,1.81,80.0,0,14,334,44,83.4,,,5,0,0,0,,0,11,6,11,0.2,,,5,19,78,29,62,,,15,26,11,839,0.8,0.2
1004,Domenico Berardi,ITA,FW,Sassuolo,Serie A,30,8.4,754,1.83,72.0,3,9,193,11,74.1,,,6,0,7,2,,4,8,11,16,1.1,,,11,12,33,44,29,,,12,20,9,357,1.4,2.6
1005,Lucas Beraldo,BRA,DF,Paris S-G,Ligue 1,21,6.4,579,1.82,77.0,0,7,444,39,95.7,,,0,0,1,1,,1,5,1,4,0.4,,,0,1,35,1,38,,,10,15,6,723,0.0,0.4
1006,Rodrigo Bentancur,URU,MF,Tottenham,Premier League,28,7.3,657,1.85,73.0,1,12,221,20,85.6,,,1,1,2,1,,1,4,5,13,0.3,,,3,3,29,13,46,,,17,21,8,458,0.5,0.3
1007,Ramy Bensebaini,ALG,DF,Dortmund,Bundesliga,30,8.5,765,1.88,75.0,0,9,489,54,89.2,,,2,1,0,0,,0,9,5,8,0.2,,,21,22,96,5,40,,,12,21,7,791,0.2,0.2
1008,Yassine Benhattab,FRA,MFFW,Nantes,Ligue 1,22,4.6,414,ND,ND,0,2,124,3,64.5,,,2,1,0,0,,0,0,6,21,0.1,,,6,15,10,33,22,,,9,9,6,195,0.7,0.1
1009,Jude Bellingham,ENG,MF,Real Madrid,La Liga,22,5.2,472,1.86,75.0,1,4,175,3,85.7,,,12,0,3,2,,2,2,10,12,2.4,,,9,12,35,36,21,,,17,19,12,358,1.1,2.4
1010,Héctor Bellerín,ESP,DF,Betis,La Liga,30,10.6,956,1.77,74.0,2,7,393,53,86.0,,,6,0,2,0,,0,7,17,10,0.1,,,13,13,47,56,30,,,11,18,5,727,2.0,0.1
1011,Jean-Ricner Bellegarde,HAI,MFFW,Wolves,Premier League,27,5.3,477,1.7,68.0,0,6,154,8,75.1,,,10,2,0,0,,0,5,3,9,0.4,,,12,19,27,15,14,,,10,15,6,266,0.3,0.4
1012,Raoul Bellanova,ITA,DF,Atalanta,Serie A,25,7.3,655,1.85,83.0,0,6,231,17,80.5,,,1,0,0,0,,0,2,14,5,0.4,,,10,25,24,59,28,,,10,12,3,412,1.0,0.4
1013,Armel Bella Kotchap,GER,DF,Hellas Verona,Serie A,23,4.6,418,1.9,87.0,0,8,88,30,80.6,,,0,0,0,0,,0,9,1,2,0.0,,,2,2,12,1,21,,,3,12,0,217,0.1,0.0
1014,Yassin Belkhdim,FRA,MFFW,Angers,Ligue 1,23,10.4,938,1.75,70.0,2,13,224,16,80.8,,,8,0,2,0,,0,13,8,11,0.2,,,6,8,27,27,42,,,24,37,19,444,1.0,0.2
1015,Haris Belkebla,ALG,MF,Angers,Ligue 1,31,11.8,1063,1.77,68.0,0,12,299,17,88.3,,,6,1,0,0,,0,11,4,26,0.2,,,2,3,27,6,53,,,25,36,16,553,0.1,0.2
1016,Rafik Belghali,ALG,DFFW,Hellas Verona,Serie A,23,8.4,756,1.86,73.0,0,8,170,13,75.7,,,9,0,0,0,,0,9,14,20,0.6,,,12,19,23,43,43,,,9,18,5,360,0.9,0.6
1017,Maximilian Beier,GER,MFFW,Dortmund,Bundesliga,22,6.2,557,1.83,71.0,1,7,136,5,71.1,,,11,0,3,2,,2,3,6,16,1.5,,,8,8,8,59,21,,,3,6,3,249,0.9,1.5
1018,Christoph Baumgartner,AUT,MF,RB Leipzig,Bundesliga,25,8.6,776,1.8,70.0,2,6,178,16,74.6,,,8,2,7,5,,5,5,11,15,2.9,,,10,13,31,32,32,,,17,22,10,377,0.8,3.7
1019,Alessandro Bastoni,ITA,DF,Inter,Serie A,26,9.6,863,1.9,83.0,3,6,488,26,84.4,,,1,0,4,1,,1,6,9,10,0.9,,,16,21,56,40,33,,,18,24,15,886,0.8,0.9
1020,Calvin Bassey,NGA,DF,Fulham,Premier League,25,10.1,909,1.85,76.0,0,14,475,38,87.3,,,8,4,0,0,,0,7,1,5,0.2,,,2,14,28,3,44,,,16,23,7,711,0.0,0.2
1021,Toma Bašić,CRO,MF,Lazio,Serie A,28,5.5,497,1.89,80.0,1,3,146,12,83.5,,,3,1,2,1,,1,2,2,5,0.4,,,1,4,14,10,12,,,6,8,5,275,0.2,0.4
1022,Federico Baschirotto,ITA,DF,Cremonese,Serie A,28,11.0,990,1.84,77.0,0,14,311,78,86.8,,,1,2,2,2,,2,10,0,6,0.6,,,2,5,17,2,28,,,8,18,4,625,0.0,0.6
1023,Marc Bartra,ESP,DF,Betis,La Liga,34,7.5,675,1.83,70.0,0,13,274,48,87.7,,,2,2,1,1,,1,10,1,7,0.1,,,1,4,12,0,29,,,25,35,10,518,0.0,0.1
1024,Davide Bartesaghi,ITA,DFFW,Milan,Serie A,19,5.4,488,ND,ND,0,6,136,12,77.5,,,4,1,0,0,,0,1,8,7,0.1,,,4,8,9,43,11,,,10,11,7,281,1.0,0.1
1025,Pablo Barrios,ESP,MF,Atlético Madrid,La Liga,22,9.5,856,ND,ND,0,8,447,8,85.0,,,8,3,1,1,,1,15,8,16,1.3,,,17,25,71,33,58,,,15,30,9,687,0.5,1.3
1026,Ander Barrenetxea,ESP,MFFW,Real Sociedad,La Liga,23,9.2,832,1.78,69.0,3,12,312,7,73.5,,,11,0,4,1,,1,5,21,36,1.3,,,14,39,43,79,43,,,8,13,4,502,2.9,1.3
1027,Harvey Barnes,ENG,FW,Newcastle Utd,Premier League,27,5.2,470,1.74,68.0,0,4,145,2,73.0,,,6,0,1,1,,1,1,7,13,1.2,,,9,19,20,52,14,,,2,3,1,194,0.9,1.2
1028,Nicolò Barella,ITA,MF,Inter,Serie A,28,9.3,841,1.72,68.0,3,11,430,6,81.6,,,8,0,4,1,,1,2,24,14,1.2,,,29,26,79,41,58,,,20,22,11,746,2.3,1.2
1029,Melvin Bard,FRA,DFMF,Nice,Ligue 1,24,11.0,990,1.73,69.0,0,9,367,41,74.3,,,11,1,1,1,,1,9,7,15,0.2,,,11,25,36,42,55,,,15,24,8,629,0.4,0.2
1030,Bradley Barcola,FRA,FW,Paris S-G,Ligue 1,22,7.0,634,1.88,64.0,0,3,274,2,83.9,,,6,0,4,4,,4,3,10,13,3.0,,,14,30,26,102,19,,,10,13,4,385,0.9,3.0
1031,Valentín Barco,ARG,MFDF,Strasbourg,Ligue 1,21,11.0,986,ND,ND,4,8,506,10,81.5,,,11,0,5,1,,1,7,17,13,1.2,,,24,18,81,36,64,,,29,36,18,783,3.4,1.2
1032,Tommaso Barbieri,ITA,FWDF,Cremonese,Serie A,22,4.5,407,1.81,59.0,0,8,102,7,65.7,,,2,0,0,0,,0,3,4,8,0.5,,,4,12,11,17,17,,,19,22,11,214,0.4,0.5
1033,Noahkai Banks,USA,DF,Augsburg,Bundesliga,18,4.9,441,ND,ND,0,5,131,23,89.8,,,0,0,1,1,,1,5,0,1,0.9,,,1,3,20,5,13,,,8,13,3,289,0.0,0.9
1034,Mohamed Bamba,CIV,FW,Lorient,Ligue 1,23,6.4,573,ND,ND,1,4,83,6,71.0,,,3,0,2,1,,1,1,5,18,1.4,,,1,4,5,21,13,,,3,4,2,166,1.1,2.2
1035,Folarin Balogun,USA,FW,Monaco,Ligue 1,24,6.4,580,1.79,73.0,1,4,104,4,70.2,,,11,0,5,3,,4,3,4,16,3.9,,,3,13,10,50,14,,,4,7,4,186,0.9,4.7
1036,Daniel Ballard,NIR,DF,Sunderland,Premier League,25,6.5,582,1.87,85.0,0,9,186,59,82.3,,,1,1,2,2,,2,3,5,2,1.0,,,1,2,13,3,12,,,9,12,4,364,0.7,1.0
1037,Leonardo Balerdi,ARG,DF,Marseille,Ligue 1,26,6.7,606,1.93,96.0,0,6,392,33,94.9,,,1,0,0,0,,0,6,2,4,0.9,,,2,1,21,2,27,,,19,25,10,591,0.0,0.9
1038,Carlos Baleba,CMR,MF,Brighton,Premier League,21,7.2,645,ND,ND,0,4,205,11,85.0,,,7,1,0,0,,0,10,2,14,0.1,,,2,7,11,7,40,,,12,22,8,347,0.0,0.1
1039,Alejandro Balde,ESP,DF,Barcelona,La Liga,21,6.5,586,1.75,69.0,1,7,237,11,90.2,,,4,0,1,0,,0,2,9,5,0.1,,,6,15,26,44,23,,,12,14,8,447,0.7,0.1
1040,Ridle Baku,GER,DF,RB Leipzig,Bundesliga,27,9.8,884,1.76,68.0,1,18,454,38,84.1,,,2,2,1,0,,0,11,14,14,0.8,,,10,23,70,38,51,,,27,38,15,812,2.0,0.8
1041,Johan Bakayoko,BEL,FW,RB Leipzig,Bundesliga,22,6.2,559,1.79,73.0,0,3,170,3,82.0,,,4,0,2,2,,2,1,7,10,1.2,,,6,21,13,56,16,,,4,5,2,261,0.6,1.2
1042,Samson Baidoo,AUT,DF,Lens,Ligue 1,21,10.5,945,ND,ND,0,24,281,38,93.7,,,1,0,2,2,,2,14,1,2,1.0,,,0,1,28,1,50,,,14,28,10,607,0.5,1.0
1043,Loïc Bade,FRA,DF,Leverkusen,Bundesliga,25,7.9,711,1.91,86.0,0,9,439,40,91.1,,,6,1,0,0,,0,8,2,2,0.1,,,0,0,25,0,48,,,15,23,10,719,0.1,0.1
1044,César Azpilicueta,ESP,DF,Sevilla,La Liga,35,5.5,497,1.78,76.0,0,12,182,19,84.6,,,1,0,0,0,,0,12,1,3,0.0,,,2,5,13,9,20,,,10,22,6,406,0.0,0.0
1045,Yasin Ayari,SWE,MF,Brighton,Premier League,21,9.7,872,ND,ND,0,5,340,10,83.8,,,6,1,1,1,,1,13,8,11,1.0,,,5,8,31,13,48,,,20,33,12,577,0.3,1.0
1046,Chidozie Awaziem,NGA,DF,Nantes,Ligue 1,28,11.8,1065,1.89,82.0,0,17,464,102,87.2,,,1,3,0,0,,0,9,4,5,0.4,,,4,4,21,0,46,,,10,19,7,881,0.1,0.4
1047,Arthur Avom,CMR,MF,Lorient,Ligue 1,20,10.1,908,1.85,65.0,1,10,396,6,81.7,,,13,0,1,0,,0,19,17,21,0.6,,,13,24,55,24,53,,,28,47,18,633,1.5,0.6
1048,Leon Avdullahu,KVX,MF,Hoffenheim,Bundesliga,21,9.4,846,ND,ND,1,11,293,10,86.7,,,5,0,1,0,,0,12,6,9,0.1,,,3,7,47,10,60,,,12,24,9,616,0.5,0.1
1049,Pierre-Emerick Aubameyang,GAB,FW,Marseille,Ligue 1,36,7.0,629,1.87,80.0,2,3,129,2,77.5,,,5,0,6,4,,4,3,7,16,4.3,,,6,12,16,42,9,,,2,5,0,206,1.5,4.3
1050,Arthur Atta,FRA,MF,Udinese,Serie A,22,10.5,947,ND,ND,2,9,345,11,79.1,,,21,0,3,1,,1,5,18,37,1.4,,,11,34,45,62,40,,,12,17,6,555,1.0,1.4
1051,Otavio Ataide,BRA,DF,Paris FC,Ligue 1,23,9.4,848,1.88,79.0,0,10,429,72,87.8,,,6,2,0,0,,0,16,1,4,0.2,,,0,6,29,3,34,,,17,33,7,753,0.0,0.2
1052,Dehmaine Assoumani,FRA,MF,Nantes,Ligue 1,20,5.9,531,ND,ND,0,4,134,9,64.3,,,3,2,0,0,,0,8,9,9,0.4,,,5,8,17,20,26,,,7,15,3,271,0.6,0.4
1053,Lorenz Assignon,TOG,DF,Stuttgart,Bundesliga,25,4.5,407,1.79,67.0,0,7,132,13,78.2,,,7,0,0,0,,0,6,3,7,0.3,,,3,10,14,31,20,,,5,11,3,298,0.6,0.3
1054,Yaser Asprilla,COL,FWMF,Girona,La Liga,21,4.7,425,ND,ND,0,5,114,4,70.3,,,4,0,0,0,,0,4,6,12,0.5,,,9,14,17,41,13,,,6,10,2,181,1.4,0.5
1055,Iago Aspas,ESP,FWMF,Celta Vigo,La Liga,37,4.5,409,1.76,67.0,1,2,193,1,77.7,,,6,0,2,1,,1,3,14,8,1.7,,,17,10,55,36,13,,,5,8,3,317,1.5,1.7
1056,Kristjan Asllani,ALB,MF,Torino,Serie A,23,6.8,608,1.79,68.0,0,1,226,4,80.6,,,2,2,0,0,,0,7,7,4,0.3,,,4,1,30,4,32,,,9,16,5,401,0.5,0.3
1057,Fisnik Asllani,KVX,FWMF,Hoffenheim,Bundesliga,22,7.4,670,1.8,81.0,2,5,137,8,64.0,,,13,0,7,5,,5,3,12,15,3.3,,,10,6,18,49,24,,,5,8,1,268,1.4,3.3
1058,Raúl Asencio,ESP,DF,Real Madrid,La Liga,22,4.5,406,ND,ND,0,7,176,16,95.2,,,0,0,0,0,,0,1,1,2,0.3,,,2,3,19,3,11,,,5,6,4,317,0.0,0.3
1059,Arthur,BRA,DF,Leverkusen,Bundesliga,22,4.5,405,ND,ND,1,4,109,10,79.0,,,7,0,1,0,,0,2,3,11,0.6,,,4,5,15,44,21,,,10,12,6,245,0.5,0.6
1060,Kervin Arriaga,HON,MF,Levante,La Liga,27,6.2,562,1.91,83.0,0,9,166,21,82.3,,,6,2,1,1,,1,6,2,2,0.1,,,1,6,25,3,37,,,17,23,11,341,0.1,0.1
1061,Maximilian Arnold,GER,MF,Wolfsburg,Bundesliga,31,9.0,810,1.83,74.0,2,10,305,33,81.4,,,4,1,3,1,,1,13,18,5,0.2,,,5,0,27,6,21,,,10,23,8,554,2.0,0.2
1062,Hákon Arnar Haraldsson,ISL,MFFW,Lille,Ligue 1,22,10.1,908,1.8,71.0,1,7,357,3,80.3,,,7,0,5,4,,4,1,23,17,3.8,,,17,31,55,64,51,,,11,12,5,582,1.8,3.8
1063,Jhon Arias,COL,FW,Wolves,Premier League,27,6.1,547,1.68,70.0,0,11,146,8,83.9,,,9,0,0,0,,0,5,9,13,1.0,,,5,9,19,30,26,,,24,29,14,314,0.5,1.0
1064,Jesús Areso,ESP,DF,Athletic Club,La Liga,26,8.2,742,ND,ND,1,15,200,26,73.0,,,3,1,1,0,,0,5,8,16,0.0,,,9,23,20,52,23,,,12,17,10,497,0.6,0.0
1065,Carlens Arcus,HAI,DF,Angers,Ligue 1,29,11.7,1057,1.8,75.0,0,15,342,33,87.8,,,4,1,0,0,,0,14,3,6,0.1,,,3,12,36,12,54,,,21,35,18,715,0.2,0.1
1066,Ronald Araújo,URU,DF,Barcelona,La Liga,26,6.7,604,1.88,79.0,0,7,288,25,92.6,,,0,0,2,2,,2,8,1,3,0.4,,,0,10,27,4,27,,,10,18,5,496,0.0,0.4
1067,Jon Aramburu,VEN,DF,Real Sociedad,La Liga,23,10.0,902,1.75,73.0,0,7,304,32,74.6,,,4,1,0,0,,0,10,5,6,0.9,,,5,8,48,22,39,,,32,42,20,659,0.2,0.9
1068,Mauro Arambarri,URU,MF,Getafe,La Liga,29,11.8,1059,1.74,71.0,0,16,180,15,75.5,,,15,0,1,1,,1,5,3,15,1.4,,,1,7,35,21,56,,,26,31,18,428,0.1,1.4
1069,Antony,BRA,FW,Betis,La Liga,25,7.5,678,1.72,65.0,1,7,335,7,78.3,,,8,0,5,4,,4,6,14,4,2.7,,,11,46,38,81,41,,,10,16,8,498,1.2,2.7
1070,Waldemar Anton,GER,DF,Dortmund,Bundesliga,29,10.0,900,1.82,75.0,0,12,615,52,90.5,,,1,1,1,1,,1,8,2,8,0.3,,,6,11,61,4,46,,,16,24,8,967,0.0,0.3
1071,Jaidon Anthony,ENG,MFFW,Burnley,Premier League,25,9.8,886,1.83,72.0,1,14,219,10,69.5,,,18,2,5,4,,4,8,11,36,2.2,,,8,22,14,45,47,,,14,22,7,420,0.5,2.2
1072,Ilyas Ansah,GER,MFFW,Union Berlin,Bundesliga,20,7.5,674,ND,ND,0,3,142,5,78.6,,,24,0,4,4,,4,2,5,45,1.5,,,5,17,15,31,26,,,4,6,3,237,0.4,1.5
1073,Samuele Angori,ITA,DF,Pisa,Serie A,21,5.1,457,ND,ND,1,4,94,17,60.1,,,4,0,1,0,,0,4,6,4,0.0,,,2,1,6,16,17,,,14,18,8,214,1.3,0.0
1074,Robert Andrich,GER,MFDF,Leverkusen,Bundesliga,30,6.7,599,1.85,78.0,0,4,227,12,87.9,,,3,0,0,0,,0,7,4,6,0.0,,,4,10,19,10,26,,,14,21,11,444,0.2,0.0
1075,Benjamin André,FRA,MF,Lille,Ligue 1,34,9.9,889,1.77,68.0,1,14,370,17,83.1,,,12,0,2,1,,1,11,8,8,1.4,,,11,11,73,31,51,,,17,28,10,632,0.8,1.4
1076,André,BRA,MF,Wolves,Premier League,24,7.8,705,1.76,77.0,0,11,235,17,90.5,,,8,3,0,0,,0,8,1,8,0.0,,,2,7,27,3,55,,,18,26,8,427,0.1,0.0
1077,Elliot Anderson,ENG,MF,Nott'ham Forest,Premier League,22,11.0,990,1.79,72.0,1,18,602,9,83.4,,,14,1,2,0,,1,10,15,25,0.8,,,14,15,97,30,92,,,29,39,15,976,1.7,1.6
1078,Joachim Andersen,DEN,DF,Fulham,Premier League,29,9.5,851,1.9,75.0,0,5,433,74,83.7,,,0,0,0,0,,0,9,2,6,0.5,,,4,7,35,4,39,,,15,24,11,752,0.7,0.5
1079,Sofyan Amrabat,MAR,MF,Betis,La Liga,28,6.2,558,1.73,70.0,0,7,293,6,90.0,,,2,0,0,0,,0,6,4,6,0.1,,,2,8,40,2,45,,,10,16,5,451,0.2,0.1
1080,Ethan Ampadu,WAL,MF,Leeds United,Premier League,24,8.7,787,1.75,70.0,0,7,305,23,83.0,,,1,1,0,0,,0,11,2,8,0.4,,,4,12,32,9,41,,,23,34,12,623,0.1,0.4
1081,Mohamed Amoura,ALG,FW,Wolfsburg,Bundesliga,25,6.9,624,ND,ND,1,6,134,5,68.1,,,7,1,5,3,,4,4,13,21,2.8,,,5,18,9,42,23,,,17,21,9,252,1.8,3.6
1082,Nadiem Amiri,GER,MF,Mainz 05,Bundesliga,28,9.5,854,1.78,72.0,1,12,390,8,79.1,,,14,0,4,0,,3,10,15,14,0.7,,,31,18,88,20,44,,,19,29,12,704,1.2,3.1
1083,Michael Amir Murillo,PAN,DF,Marseille,Ligue 1,29,8.7,786,1.83,80.0,0,10,335,19,83.0,,,7,0,2,2,,2,4,10,13,0.8,,,10,17,33,65,38,,,17,21,11,538,0.7,0.8
1084,Kelvin Amian,FRA,DF,Nantes,Ligue 1,27,12.0,1080,1.8,74.0,1,17,314,57,78.8,,,8,0,1,0,,0,3,4,7,0.1,,,4,14,50,15,39,,,16,19,8,664,0.6,0.1
1085,Julián Álvarez,ARG,FW,Atlético Madrid,La Liga,25,10.4,938,1.73,70.0,2,5,273,3,79.5,,,21,0,9,5,,7,2,26,22,3.6,,,24,29,50,67,24,,,6,8,3,480,3.5,6.0
1086,Carlos Álvarez,ESP,MF,Levante,La Liga,21,8.4,760,1.68,64.0,1,4,229,2,77.9,,,15,1,3,2,,2,5,15,24,0.9,,,14,19,48,23,39,,,14,19,5,374,2.3,0.9
1087,Sergi Altimira,ESP,MF,Betis,La Liga,23,5.0,450,ND,ND,1,5,181,8,92.2,,,2,0,1,0,,0,11,4,4,0.0,,,0,7,12,2,29,,,22,33,11,336,0.2,0.0
1088,Marcos Alonso,ESP,DF,Celta Vigo,La Liga,34,7.9,713,1.88,85.0,0,5,465,56,89.4,,,4,2,0,0,,0,9,4,6,0.2,,,5,27,58,10,42,,,15,24,10,746,0.4,0.2
1089,Carles Aleñá,ESP,MFFW,Alavés,La Liga,27,8.2,739,1.8,74.0,3,7,265,15,80.1,,,15,1,3,0,,0,3,12,17,0.9,,,7,4,27,31,34,,,15,18,11,489,1.0,0.9
1090,Alexandre Alemão,BRA,FW,Rayo Vallecano,La Liga,27,5.7,513,1.82,77.0,0,3,61,5,61.4,,,3,0,1,1,,1,0,3,24,1.6,,,2,0,6,24,7,,,4,4,1,146,0.1,1.6
1091,Omar Alderete,PAR,DF,Sunderland,Premier League,28,7.4,668,1.88,77.0,1,7,287,44,84.3,,,3,0,2,1,,1,10,2,2,0.6,,,3,10,31,2,24,,,12,22,4,456,0.1,0.6
1092,Jean-Daniel Akpa-Akpro,CIV,MF,Hellas Verona,Serie A,32,5.0,449,1.8,68.0,0,11,55,9,70.4,,,1,0,0,0,,0,12,3,10,0.2,,,0,3,8,3,25,,,14,26,8,179,0.1,0.2
1093,Clément Akpa,CIV,DF,Auxerre,Ligue 1,23,10.0,900,ND,ND,0,10,421,40,80.3,,,1,3,0,0,,0,8,6,5,0.1,,,5,7,35,4,32,,,15,23,6,662,0.3,0.1
1094,Maghnes Akliouche,FRA,MFFW,Monaco,Ligue 1,23,9.6,866,1.75,63.0,2,8,317,7,81.4,,,17,1,5,3,,3,7,14,28,3.3,,,16,34,53,71,56,,,15,22,10,556,2.0,3.3
1095,Ebenezer Akinsanmiro,NGA,MF,Pisa,Serie A,20,8.3,751,ND,ND,1,6,187,9,83.7,,,9,0,1,0,,0,10,7,16,0.6,,,4,18,39,21,58,,,18,28,11,333,0.8,0.6
1096,Manuel Akanji,SUI,DFMF,2 Teams,2 Comps,30,9.0,810,1.87,85.0,0,8,471,29,90.4,,,1,0,0,0,,0,7,3,4,0.3,,,5,12,45,8,41,,,15,22,8,777,0.2,0.3
1097,Ludovic Ajorque,FRA,FW,Brest,Ligue 1,31,11.9,1074,1.97,82.0,3,3,202,15,68.2,,,10,0,4,1,,1,5,14,31,3.3,,,0,10,16,52,21,,,9,14,6,397,1.1,3.3
1098,Tosin Aiyegun,BEN,MFFW,Lorient,Ligue 1,27,7.2,650,1.79,75.0,0,3,122,5,73.8,,,8,0,3,3,,3,2,8,5,2.9,,,4,11,15,30,10,,,3,5,3,183,0.8,4.1
1099,Honest Ahanor,ITA,DF,Atalanta,Serie A,17,5.2,471,ND,ND,0,13,179,17,89.7,,,2,1,0,0,,0,7,0,3,1.0,,,1,6,14,5,14,,,12,19,6,323,0.0,1.0
1100,Ruben Aguilar,FRA,DF,Lens,Ligue 1,32,10.0,897,1.72,70.0,0,18,269,19,78.4,,,1,0,0,0,,0,11,12,11,0.3,,,16,24,41,75,39,,,18,29,11,627,1.0,0.3
1101,Nayef Aguerd,MAR,DF,2 Teams,2 Comps,29,9.9,888,1.88,76.0,0,11,671,40,93.7,,,2,1,1,1,,1,10,2,6,0.4,,,0,9,49,1,49,,,14,24,10,952,0.1,0.4
1102,Marc Aguado,ESP,MF,Elche,La Liga,25,7.9,715,ND,ND,0,11,244,15,91.6,,,3,0,0,0,,0,14,1,4,0.0,,,2,2,32,8,34,,,11,25,7,494,0.0,0.0
1103,Felix Agu,NGA,DF,Werder Bremen,Bundesliga,25,5.4,483,1.8,73.0,0,9,161,18,79.8,,,3,1,0,0,,0,7,5,8,0.0,,,3,9,12,28,23,,,14,21,10,318,0.4,0.0
1104,Lucien Agoume,FRA,MF,Sevilla,La Liga,23,8.3,751,1.85,81.0,1,10,241,14,78.9,,,2,1,2,1,,1,10,8,5,0.3,,,7,13,47,12,31,,,16,26,10,448,0.8,0.3
1105,Emmanuel Agbadou,CIV,DF,Wolves,Premier League,28,6.2,561,1.92,85.0,0,11,259,37,79.4,,,2,2,0,0,,0,5,2,7,0.4,,,5,3,26,5,31,,,15,20,9,463,0.1,0.4
1106,David Affengruber,AUT,DF,Elche,La Liga,24,10.4,933,1.85,74.0,0,9,412,64,88.0,,,1,3,0,0,,0,20,3,4,0.0,,,4,6,35,2,63,,,23,43,15,780,0.2,0.0
1107,Michel Aebischer,SUI,MF,Pisa,Serie A,28,9.0,808,1.78,70.0,0,8,282,8,85.6,,,3,3,0,0,,0,9,8,9,0.1,,,6,12,46,9,47,,,27,36,19,526,0.6,0.1
1108,Karim Adeyemi,GER,MFFW,Dortmund,Bundesliga,23,5.6,503,1.8,68.0,1,3,158,1,71.4,,,10,0,3,2,,2,4,8,24,1.6,,,1,17,12,54,16,,,2,6,1,239,1.6,1.6
1109,Junior Adamu,AUT,FW,Freiburg,Bundesliga,24,4.8,434,1.82,75.0,1,3,77,5,57.3,,,3,0,2,1,,1,6,4,23,1.6,,,2,2,4,26,13,,,9,15,5,159,1.2,1.6
1110,Tyler Adams,USA,MF,Bournemouth,Premier League,26,10.6,952,1.8,70.0,1,17,340,20,86.0,,,5,0,2,1,,1,18,2,11,0.4,,,0,6,40,6,51,,,31,49,14,652,0.1,0.4
1111,Che Adams,SCO,FWMF,Torino,Serie A,29,5.4,484,1.75,76.0,0,1,106,4,73.0,,,4,0,2,2,,2,1,3,13,1.7,,,2,3,8,33,12,,,3,4,3,182,0.1,1.7
1112,Akor Adams,NGA,FW,Sevilla,La Liga,25,5.5,492,ND,ND,1,6,76,7,57.6,,,5,0,3,2,,2,0,2,14,2.5,,,2,10,6,21,11,,,4,4,2,145,0.1,2.5
1113,Francesco Acerbi,ITA,DF,Inter,Serie A,37,6.9,622,1.92,88.0,0,10,247,36,95.5,,,0,0,0,0,,0,10,2,7,0.0,,,2,6,25,0,20,,,5,15,4,520,0.1,0.0
1114,Francis Abu,GHA,MF,Toulouse,Ligue 1,24,5.8,526,1.83,72.0,0,8,145,10,82.8,,,4,2,0,0,,0,8,1,2,0.1,,,2,1,20,10,33,,,19,27,14,297,0.0,0.1
1115,Abdel Abqar,MAR,DF,Getafe,La Liga,26,5.6,507,1.88,80.0,1,7,95,27,72.7,,,1,0,1,0,,0,7,2,5,0.2,,,0,2,8,0,24,,,19,26,12,252,0.4,0.2
1116,Abner,BRA,DF,Lyon,Ligue 1,25,5.0,450,1.81,74.0,0,3,139,16,83.2,,,4,0,0,0,,0,3,3,2,0.6,,,7,9,23,14,15,,,9,12,6,267,0.2,0.6
1117,Matthis Abline,FRA,FWMF,Nantes,Ligue 1,22,9.9,888,1.76,70.0,2,3,180,6,67.3,,,18,0,4,2,,2,2,12,25,1.8,,,10,34,24,57,29,,,12,14,7,299,1.1,2.6
1118,Laurent Abergel,FRA,MF,Lorient,Ligue 1,32,11.5,1036,1.7,65.0,0,5,527,21,87.2,,,7,1,0,0,,0,8,8,7,0.5,,,7,13,66,12,54,,,20,28,12,810,0.5,0.5
1119,Himad Abdelli,ALG,MF,Angers,Ligue 1,25,6.9,618,1.79,75.0,0,14,255,6,85.6,,,8,1,1,0,,1,8,5,13,0.3,,,9,25,51,11,38,,,12,20,8,475,0.3,1.1
1120,Brenden Aaronson,USA,FWMF,Leeds United,Premier League,24,7.9,711,1.78,69.0,1,14,172,10,81.4,,,17,0,2,1,,1,7,11,23,1.7,,,9,17,21,38,36,,,20,27,10,321,1.3,1.7
1121,Michael Zetterer,GER,GK,Eint Frankfurt,Bundesliga,30,6.0,540,1.87,79.0,0,0,164,6,75.3,2.0,33.3,0,0,0,0,6.0,0,0,0,0,0.0,1.0,0.0,0,0,2,0,13,77.3,16.0,0,0,0,254,0.0,0.0
1122,Robin Zentner,GER,GK,Mainz 05,Bundesliga,30,7.7,696,1.94,96.0,0,0,175,4,54.9,0.0,0.0,0,0,0,0,10.0,0,0,0,0,0.0,0.0,0.0,2,0,1,0,18,67.7,21.0,0,0,0,323,0.0,0.0
1123,Odysseas Vlachodimos,GRE,GK,Sevilla,La Liga,31,8.0,720,1.91,77.0,0,0,173,3,71.6,2.0,25.0,0,1,0,0,12.0,0,0,0,1,0.0,3.0,0.0,0,0,0,0,10,78.6,30.0,0,0,0,303,0.0,0.0
1124,Guglielmo Vicario,ITA,GK,Tottenham,Premier League,28,11.0,990,1.94,88.0,0,1,306,6,78.0,4.0,36.4,0,2,0,0,10.0,0,0,0,0,0.0,0.0,0.0,0,0,0,0,19,77.3,34.0,0,0,0,484,0.0,0.0
1125,Bart Verbruggen,NED,GK,Brighton,Premier League,22,11.0,990,1.93,82.0,0,0,338,3,76.0,2.0,18.2,0,0,0,0,15.0,0,0,1,0,0.0,1.0,0.0,1,0,0,0,28,63.2,25.0,0,0,0,454,0.1,0.0
1126,Nikola Vasilj,BIH,GK,St. Pauli,Bundesliga,29,10.0,900,1.93,85.0,0,0,259,6,81.4,1.0,10.0,0,3,0,0,20.0,0,0,0,1,0.0,0.0,2.0,0,0,0,0,22,64.9,35.0,1,1,1,409,0.0,0.0
1127,Álvaro Vallés,ESP,GK,Betis,La Liga,28,5.0,450,ND,ND,0,0,102,4,80.0,1.0,20.0,0,1,0,0,6.0,0,0,0,0,0.0,0.0,0.0,0,0,0,0,10,66.7,13.0,0,0,0,189,0.0,0.0
1128,Wojciech Szczęsny,POL,GK,Barcelona,La Liga,35,6.0,540,1.95,87.0,0,0,138,6,82.5,0.0,0.0,0,0,0,0,11.0,0,0,0,0,0.0,1.0,1.0,0,0,0,0,17,63.0,15.0,0,0,0,238,0.0,0.0
1129,Mile Svilar,SRB,GK,Roma,Serie A,25,11.0,990,1.89,77.0,0,0,252,2,75.0,6.0,54.5,0,0,0,0,5.0,0,0,0,0,0.0,0.0,0.0,0,0,0,0,17,86.5,32.0,1,1,0,438,0.0,0.0
1130,Zion Suzuki,JPN,GK,Parma,Serie A,22,11.0,990,1.9,71.0,0,0,235,7,64.9,3.0,27.3,0,0,0,0,14.0,0,0,0,0,0.0,1.0,1.0,0,0,0,0,18,74.0,35.0,0,0,0,476,0.0,0.0
1131,David Soria,ESP,GK,Getafe,La Liga,32,12.0,1080,1.92,85.0,0,0,137,12,40.5,3.0,25.0,0,0,0,0,14.0,0,0,1,0,0.0,1.0,0.0,0,0,0,0,4,73.5,36.0,0,0,0,373,0.0,0.0
1132,Yann Sommer,SUI,GK,Inter,Serie A,36,9.0,810,1.83,77.0,0,0,218,2,86.8,4.0,44.4,0,0,0,0,11.0,0,0,0,0,0.0,2.0,0.0,0,0,1,0,12,71.9,21.0,0,0,0,359,0.0,0.0
1133,Łukasz Skorupski,POL,GK,Bologna,Serie A,34,9.1,817,1.87,84.0,0,0,265,5,79.0,3.0,30.0,0,3,0,0,8.0,0,0,0,0,0.0,2.0,0.0,0,0,0,0,17,76.9,18.0,0,0,0,440,0.0,0.0
1134,Antonio Sivera,ESP,GK,Alavés,La Liga,28,12.0,1080,1.84,81.0,0,0,150,5,57.8,2.0,16.7,0,1,0,0,11.0,0,0,0,0,0.0,0.0,0.0,0,0,0,0,6,70.3,26.0,0,0,0,352,0.0,0.0
1135,Unai Simón,ESP,GK,Athletic Club,La Liga,28,12.0,1080,1.9,85.0,0,0,225,14,66.0,3.0,25.0,0,0,0,0,13.0,0,0,0,1,0.0,0.0,0.0,0,0,0,0,19,68.3,29.0,0,0,0,435,0.0,0.0
1136,Adrian Šemper,CRO,GK,Pisa,Serie A,27,11.0,990,1.92,75.0,0,0,224,7,64.1,4.0,36.4,0,1,0,0,14.0,0,0,0,0,0.0,0.0,0.0,0,0,0,0,7,72.5,37.0,0,0,0,384,0.0,0.0
1137,Matz Sels,BEL,GK,Nott'ham Forest,Premier League,33,11.0,990,1.88,75.0,0,0,185,6,62.8,0.0,0.0,0,2,0,0,20.0,0,0,0,0,0.0,3.0,0.0,1,0,0,0,14,70.2,37.0,0,0,0,347,0.0,0.0
1138,Marvin Schwäbe,GER,GK,Köln,Bundesliga,30,10.0,900,1.89,86.0,0,0,245,5,68.7,2.0,20.0,0,0,0,0,15.0,0,0,1,1,0.0,3.0,1.0,0,0,0,0,16,75.5,33.0,0,0,0,501,0.3,0.0
1139,Razvan Sava,ROU,GK,Udinese,Serie A,23,6.0,540,1.95,79.0,0,0,97,4,78.5,1.0,16.7,0,1,0,0,9.0,0,0,0,1,0.0,0.0,0.0,0,0,0,0,8,57.1,12.0,0,0,0,182,0.0,0.0
1140,Robert Sánchez,ESP,GK,Chelsea,Premier League,27,10.0,904,1.97,88.0,0,0,307,4,68.6,5.0,45.5,0,0,0,0,9.0,0,1,2,0,0.0,0.0,0.0,0,0,0,0,17,65.4,17.0,0,1,0,431,0.1,0.0
1141,Brice Samba,FRA,GK,Rennes,Ligue 1,31,12.0,1080,1.86,79.0,0,0,295,6,76.6,3.0,25.0,0,0,0,0,17.0,0,0,1,0,0.0,3.0,1.0,0,0,0,0,16,69.6,28.0,1,1,0,525,0.0,0.0
1142,Mathew Ryan,AUS,GK,Levante,La Liga,33,10.0,900,1.84,73.0,0,0,190,8,69.8,2.0,20.0,0,0,0,0,18.0,0,0,0,0,0.0,1.0,0.0,0,0,0,0,6,69.1,38.0,0,0,0,364,0.0,0.0
1143,Gerónimo Rulli,ARG,GK,Marseille,Ligue 1,33,10.0,900,1.89,84.0,0,0,234,10,81.0,4.0,40.0,0,1,0,0,9.0,0,0,0,0,0.0,1.0,0.0,0,0,1,0,27,78.9,30.0,1,1,0,373,0.0,0.0
1144,Frederik Rønnow,DEN,GK,Union Berlin,Bundesliga,32,10.0,900,1.88,76.0,0,0,180,6,52.8,2.0,20.0,0,1,0,0,17.0,0,0,0,0,0.0,3.0,0.0,0,0,0,0,15,73.1,35.0,0,0,0,362,0.0,0.0
1145,Leo Román,ESP,GK,Mallorca,La Liga,25,10.0,900,1.9,81.0,0,0,176,4,66.6,1.0,10.0,0,1,0,0,15.0,0,1,0,0,0.0,2.0,1.0,0,0,1,0,14,72.3,31.0,0,1,0,367,0.0,0.0
1146,Robin Roefs,NED,GK,Sunderland,Premier League,22,11.0,990,ND,ND,0,0,287,2,62.4,4.0,36.4,0,1,0,0,10.0,0,0,2,0,0.0,0.0,1.0,1,0,0,0,28,79.2,37.0,0,0,0,469,0.2,0.0
1147,Robin Risser,FRA,GK,Lens,Ligue 1,20,12.0,1080,1.93,82.0,0,0,220,4,76.2,3.0,25.0,0,0,0,0,11.0,0,0,1,0,0.0,2.0,1.0,0,0,0,0,13,80.0,33.0,0,0,0,404,0.0,0.0
1148,Guillaume Restes,FRA,GK,Toulouse,Ligue 1,20,12.0,1080,1.86,82.0,0,0,203,8,69.2,4.0,33.3,0,3,0,0,16.0,0,1,1,0,0.0,4.0,0.0,0,0,0,0,16,70.0,24.0,0,1,0,361,0.0,0.0
1149,Álex Remiro,ESP,GK,Real Sociedad,La Liga,30,12.0,1080,1.92,80.0,0,0,301,7,76.2,1.0,8.3,0,1,0,0,17.0,0,0,3,0,0.0,1.0,0.0,0,0,2,0,28,61.0,25.0,1,1,1,463,0.1,0.0
1150,David Raya,ESP,GK,Arsenal,Premier League,29,11.0,990,1.86,81.0,0,0,236,7,69.5,7.0,63.6,0,1,0,0,5.0,0,0,1,0,0.0,0.0,0.0,1,0,4,0,23,76.2,16.0,0,0,0,396,0.1,0.0
1151,Diant Ramaj,GER,GK,Heidenheim,Bundesliga,23,10.0,900,1.89,80.0,0,0,333,11,69.5,0.0,0.0,0,1,0,0,23.0,0,0,0,0,0.0,1.0,0.0,0,0,0,0,45,62.7,36.0,0,0,0,590,0.0,0.0
1152,Ionuț Radu,ROU,GK,Celta Vigo,La Liga,28,12.0,1080,1.88,80.0,0,0,161,8,75.3,0.0,0.0,0,0,0,0,18.0,0,0,0,0,0.0,2.0,1.0,1,0,0,0,22,72.9,41.0,0,0,0,369,0.0,0.0
1153,Ivan Provedel,ITA,GK,Lazio,Serie A,31,11.0,990,1.92,84.0,0,0,243,7,70.9,6.0,54.5,0,0,0,0,9.0,0,0,0,0,0.0,0.0,0.0,0,0,0,0,14,83.0,44.0,0,0,0,430,0.0,0.0
1154,Nick Pope,ENG,GK,Newcastle Utd,Premier League,33,10.8,976,1.9,76.0,0,0,195,15,68.3,5.0,45.5,0,1,0,0,12.0,0,0,0,0,0.0,0.0,0.0,0,0,0,0,13,74.5,36.0,1,1,1,347,0.0,0.0
1155,Jordan Pickford,ENG,GK,Everton,Premier League,31,11.0,990,1.85,77.0,0,0,294,16,63.3,3.0,27.3,0,1,0,0,13.0,0,0,0,0,0.0,1.0,1.0,2,0,0,0,21,71.4,28.0,1,1,1,479,0.0,0.0
1156,Đorđe Petrović,SRB,GK,Bournemouth,Premier League,25,11.0,990,1.94,89.0,0,0,224,14,74.0,4.0,36.4,0,1,0,0,18.0,0,0,0,0,0.0,1.0,0.0,0,0,0,0,14,67.9,35.0,0,0,0,377,0.0,0.0
1157,Lucas Perri,BRA,GK,Leeds United,Premier League,27,6.0,540,1.95,95.0,0,0,168,5,61.5,2.0,33.3,0,0,0,0,12.0,0,0,0,0,0.0,2.0,0.0,0,0,0,0,7,58.3,12.0,0,0,0,251,0.0,0.0
1158,Mike Penders,BEL,GK,Strasbourg,Ligue 1,20,11.0,990,2.0,95.0,0,0,384,5,84.5,5.0,45.5,0,2,0,0,16.0,0,0,0,1,0.0,1.0,1.0,0,0,1,0,33,65.9,28.0,0,0,0,534,0.0,0.0
1159,Iñaki Peña,ESP,GK,2 Teams,La Liga,26,6.0,540,1.84,78.0,0,0,269,5,76.2,2.0,33.3,0,1,0,0,8.0,0,0,0,0,0.0,1.0,0.0,0,0,0,0,17,70.8,16.0,0,0,0,404,0.0,0.0
1160,Berke Özer,TUR,GK,Lille,Ligue 1,25,10.0,900,ND,ND,1,0,281,7,83.1,3.0,30.0,0,1,1,0,12.0,0,0,1,1,0.0,0.0,1.0,0,0,0,0,18,62.5,19.0,1,1,0,403,0.1,0.0
1161,Maduka Okoye,NGA,GK,Udinese,Serie A,25,5.0,450,1.97,93.0,0,0,140,3,68.9,1.0,20.0,0,0,0,0,8.0,0,0,0,0,0.0,3.0,0.0,0,0,0,0,9,76.2,13.0,0,0,0,211,0.0,0.0
1162,Jan Oblak,SVN,GK,Atlético Madrid,La Liga,32,12.0,1080,1.86,87.0,0,0,221,4,76.5,4.0,33.3,0,0,0,0,11.0,0,0,0,0,0.0,1.0,0.0,0,0,0,0,26,70.6,23.0,0,0,0,420,0.0,0.0
1163,Alexander Nübel,GER,GK,Stuttgart,Bundesliga,28,10.0,900,1.93,75.0,1,0,249,6,81.8,4.0,40.0,0,1,1,0,12.0,0,0,2,1,0.0,2.0,0.0,0,0,0,0,26,76.2,31.0,0,0,0,417,0.6,0.0
1164,Obed Nkambadio,FRA,GK,Paris FC,Ligue 1,22,10.0,900,ND,ND,0,0,230,7,80.2,1.0,10.0,0,1,0,0,19.0,0,0,1,0,0.0,2.0,1.0,0,0,0,0,26,57.5,20.0,0,0,0,455,0.0,0.0
1165,Moritz Nicolas,GER,GK,Gladbach,Bundesliga,27,10.0,900,1.9,88.0,0,0,210,5,78.8,3.0,30.0,0,0,0,0,19.0,0,0,1,0,0.0,2.0,0.0,1,0,0,0,16,67.9,34.0,1,1,1,347,0.1,0.0
1166,Manuel Neuer,GER,GK,Bayern Munich,Bundesliga,39,9.0,810,1.93,92.0,0,0,274,1,81.2,5.0,55.6,0,3,0,0,6.0,0,0,0,0,0.0,0.0,0.0,0,0,2,0,31,68.4,13.0,0,0,0,387,0.0,0.0
1167,Yvon Mvogo,SUI,GK,Lorient,Ligue 1,31,9.0,810,1.86,84.0,0,0,242,3,78.3,0.0,0.0,0,1,0,0,18.0,0,0,0,0,0.0,4.0,0.0,0,0,1,0,6,61.1,19.0,0,0,0,343,0.0,0.0
1168,Arijanet Muric,KVX,GK,Sassuolo,Serie A,26,10.0,900,1.98,80.0,0,0,239,6,66.0,4.0,40.0,0,0,0,0,10.0,0,0,0,0,0.0,1.0,0.0,0,0,0,0,12,80.0,36.0,0,0,0,403,0.0,0.0
1169,Lorenzo Montipò,ITA,GK,Hellas Verona,Serie A,29,11.0,990,1.91,84.0,0,0,186,0,50.5,3.0,27.3,0,1,0,0,16.0,0,0,1,0,0.0,0.0,1.0,0,0,0,0,13,62.8,27.0,0,0,0,350,0.0,0.0
1170,Vanja Milinković-Savić,SRB,GK,Napoli,Serie A,28,7.0,630,2.02,92.0,0,0,179,3,71.6,2.0,28.6,0,1,0,0,6.0,0,0,0,0,0.0,1.0,2.0,0,0,0,0,6,70.6,9.0,0,0,0,295,0.0,0.0
1171,Emiliano Martínez,ARG,GK,Aston Villa,Premier League,32,9.0,810,1.93,85.0,0,0,244,6,77.3,3.0,33.3,0,2,0,0,7.0,0,0,0,0,0.0,0.0,1.0,2,0,1,0,8,73.1,18.0,0,0,0,399,0.0,0.0
1172,Giorgi Mamardashvili,GEO,GK,Liverpool,Premier League,24,5.0,450,1.99,86.0,0,0,144,5,77.6,1.0,20.0,0,1,0,0,10.0,0,0,0,1,0.0,1.0,1.0,0,0,0,0,7,66.7,16.0,0,0,0,221,0.0,0.0
1173,Radosław Majecki,POL,GK,Brest,Ligue 1,25,9.6,864,1.91,78.0,0,0,195,2,71.3,3.0,30.0,0,2,0,0,15.0,0,0,0,0,0.0,1.0,0.0,0,0,0,0,16,65.9,26.0,0,0,0,360,0.0,0.0
1174,Mike Maignan,FRA,GK,Milan,Serie A,30,9.6,865,1.87,80.0,0,0,249,4,76.6,3.0,30.0,0,2,0,0,9.0,0,0,0,0,0.0,2.0,1.0,0,0,0,0,12,77.4,21.0,0,0,0,388,0.0,0.0
1175,Pau López,ESP,GK,Betis,La Liga,30,7.0,630,1.89,77.0,0,0,143,4,74.7,2.0,28.6,0,0,0,0,7.0,0,0,0,0,0.0,0.0,1.0,0,0,0,0,2,72.0,17.0,0,0,0,235,0.0,0.0
1176,Anthony Lopes,POR,GK,Nantes,Ligue 1,34,11.0,988,1.84,77.0,0,0,310,9,81.0,2.0,18.2,0,0,0,0,16.0,0,1,0,0,0.1,2.0,0.0,0,0,1,0,18,76.3,43.0,1,2,1,492,0.0,0.1
1177,Donovan Léon,GUF,GK,Auxerre,Ligue 1,32,9.5,854,1.86,88.0,0,0,190,4,58.4,2.0,20.0,0,3,0,0,15.0,0,0,1,0,0.0,0.0,1.0,0,0,0,0,9,67.4,32.0,1,1,1,336,0.1,0.0
1178,Bernd Leno,GER,GK,Fulham,Premier League,33,11.0,990,1.9,79.0,0,0,309,2,77.3,2.0,18.2,0,0,0,0,16.0,0,0,0,0,0.0,2.0,0.0,0,0,1,0,20,70.8,33.0,1,1,0,465,0.0,0.0
1179,Nicola Leali,ITA,GK,Genoa,Serie A,32,11.0,990,1.92,88.0,0,0,168,4,63.1,2.0,18.2,0,0,0,0,16.0,0,1,1,1,0.0,2.0,0.0,1,0,0,0,13,65.0,25.0,1,2,0,312,0.1,0.0
1180,Senne Lammens,BEL,GK,Manchester Utd,Premier League,23,5.0,450,1.93,92.0,0,0,129,2,45.6,1.0,20.0,0,0,0,0,7.0,0,0,0,1,0.0,0.0,0.0,0,0,0,0,8,66.7,14.0,0,0,0,227,0.0,0.0
1181,Philipp Köhn,SUI,GK,Monaco,Ligue 1,27,9.1,822,1.85,80.0,0,0,158,2,84.8,1.0,11.1,1,1,0,0,17.0,0,1,0,1,0.0,2.0,0.0,0,0,0,0,29,60.5,22.0,0,1,0,282,0.0,0.0
1182,Hervé Koffi,BFA,GK,Angers,Ligue 1,28,12.0,1080,1.83,81.0,0,0,246,11,71.0,3.0,25.0,0,3,0,0,15.0,0,0,0,1,0.0,1.0,2.0,0,0,0,0,10,78.5,48.0,1,1,1,444,0.0,0.0
1183,Gregor Kobel,SUI,GK,Dortmund,Bundesliga,27,10.0,900,1.94,88.0,0,0,203,3,76.4,6.0,60.0,0,0,0,0,7.0,0,0,0,0,0.0,1.0,0.0,0,0,0,0,21,77.8,20.0,0,0,0,327,0.0,0.0
1184,Caoimhín Kelleher,IRL,GK,Brentford,Premier League,26,11.0,990,1.88,81.0,0,0,222,1,71.2,2.0,18.2,0,0,0,0,17.0,0,0,1,0,0.0,1.0,1.0,0,0,1,0,12,59.0,23.0,1,1,0,408,0.0,0.0
1185,Luiz Lúcio Reis Júnior,BRA,GK,Villarreal,La Liga,24,9.0,810,1.92,80.0,0,0,157,10,81.7,6.0,66.7,0,0,0,0,4.0,0,0,0,0,0.0,1.0,1.0,0,0,0,0,17,88.9,22.0,0,0,0,250,0.0,0.0
1186,Sam Johnstone,ENG,GK,Wolves,Premier League,32,7.0,630,1.91,85.0,0,0,188,5,63.0,0.0,0.0,0,0,0,0,14.0,0,0,0,0,0.0,0.0,0.0,0,0,1,0,13,61.1,24.0,1,1,1,336,0.0,0.0
1187,Franco Israel,URU,GK,Torino,Serie A,25,7.0,630,1.89,82.0,0,0,158,4,62.3,3.0,42.9,0,1,0,0,13.0,0,0,0,0,0.0,2.0,0.0,0,0,1,0,8,66.7,20.0,0,0,0,278,0.0,0.0
1188,Daniel Heuer Fernandes,POR,GK,Hamburger SV,Bundesliga,32,10.0,900,1.88,81.0,0,0,354,2,80.5,3.0,30.0,0,0,0,0,16.0,0,0,0,0,0.0,1.0,1.0,0,0,2,0,19,70.6,34.0,0,0,0,533,0.0,0.0
1189,Sergio Herrera,ESP,GK,Osasuna,La Liga,32,12.0,1080,1.92,82.0,0,0,203,8,74.2,3.0,25.0,0,2,0,0,13.0,0,0,0,2,0.0,2.0,0.0,0,0,3,0,15,80.4,43.0,0,0,0,429,0.0,0.0
1190,Dean Henderson,ENG,GK,Crystal Palace,Premier League,28,11.0,990,1.88,73.0,0,0,229,6,59.6,5.0,45.5,0,0,0,0,9.0,0,0,1,0,0.0,1.0,0.0,2,0,0,0,11,76.5,25.0,0,0,0,412,0.0,0.0
1191,Péter Gulácsi,HUN,GK,RB Leipzig,Bundesliga,35,10.0,900,1.91,75.0,0,0,264,9,80.8,4.0,40.0,0,0,0,0,13.0,0,0,0,0,0.0,0.0,0.0,1,0,0,0,18,62.9,22.0,0,0,0,412,0.0,0.0
1192,Dominik Greif,SVK,GK,Lyon,Ligue 1,28,8.0,720,1.97,82.0,1,0,200,6,82.0,3.0,37.5,0,0,1,0,12.0,0,0,1,1,0.0,0.0,0.0,0,0,0,0,13,50.0,13.0,0,0,0,334,0.1,0.0
1193,Kamil Grabara,POL,GK,Wolfsburg,Bundesliga,26,10.0,900,1.95,79.0,0,0,261,8,72.9,1.0,10.0,0,1,0,0,18.0,0,0,1,0,0.0,1.0,1.0,0,0,0,0,23,67.3,33.0,0,0,0,457,0.0,0.0
1194,David de Gea,ESP,GK,Fiorentina,Serie A,34,11.0,990,1.92,76.0,0,0,227,2,70.2,2.0,18.2,0,1,0,0,18.0,0,0,0,0,0.0,3.0,1.0,0,0,0,0,12,71.7,34.0,0,0,0,380,0.0,0.0
1195,Paulo Gazzaniga,ARG,GK,Girona,La Liga,33,10.5,942,1.96,87.0,0,0,263,7,69.4,2.0,18.2,0,1,0,0,18.0,0,0,0,1,0.0,2.0,0.0,0,0,0,0,15,72.4,40.0,0,0,0,411,0.0,0.0
1196,Joan García,ESP,GK,Barcelona,La Liga,24,6.0,540,1.91,79.0,0,0,119,7,93.4,3.0,50.0,0,1,0,0,4.0,0,1,0,0,0.0,1.0,0.0,0,0,0,0,19,83.3,14.0,1,2,1,194,0.0,0.0
1197,Mark Flekken,NED,GK,Leverkusen,Bundesliga,32,10.0,900,1.94,86.0,0,0,262,2,76.7,3.0,30.0,0,3,0,0,14.0,0,0,1,0,0.0,2.0,0.0,0,0,0,0,13,68.4,25.0,0,0,0,384,0.2,0.0
1198,Jonathan Fischer,DEN,GK,Metz,Ligue 1,23,11.2,1004,ND,ND,0,0,348,5,83.1,3.0,27.3,0,0,0,0,23.0,0,0,1,0,0.0,3.0,0.0,0,0,0,0,15,67.7,40.0,0,0,0,503,0.0,0.0
1199,Wladimiro Falcone,ITA,GK,Lecce,Serie A,30,11.0,990,1.95,85.0,0,0,186,6,49.4,5.0,45.5,0,0,0,0,14.0,0,0,0,1,0.0,2.0,0.0,1,0,0,0,17,72.7,30.0,1,1,1,357,0.0,0.0
1200,Aarón Escandell,ESP,GK,Oviedo,La Liga,29,12.0,1080,1.88,73.0,0,0,280,15,73.0,2.0,16.7,0,1,0,0,20.0,0,0,0,0,0.0,2.0,1.0,0,0,0,0,13,78.0,61.0,0,0,0,504,0.0,0.0
1201,Martin Dúbravka,SVK,GK,Burnley,Premier League,36,11.0,990,1.9,83.0,0,0,206,4,55.4,2.0,18.2,0,0,0,0,22.0,0,0,0,0,0.0,3.0,0.0,0,0,0,0,7,70.3,45.0,0,0,0,421,0.0,0.0
1202,Gianluigi Donnarumma,ITA,GK,Manchester City,Premier League,26,8.0,720,1.96,90.0,0,0,160,3,76.5,4.0,50.0,0,2,0,0,4.0,0,0,0,0,0.0,0.0,0.0,0,0,0,0,9,77.8,14.0,0,0,0,236,0.0,0.0
1203,Marko Dmitrović,SRB,GK,Espanyol,La Liga,33,12.0,1080,1.94,90.0,0,0,211,8,62.3,4.0,33.3,0,0,0,0,15.0,0,0,0,0,0.0,1.0,0.0,3,0,2,0,27,73.1,37.0,3,3,2,394,0.0,0.0
1204,Matías Dituro,ARG,GK,Elche,La Liga,38,6.0,540,1.91,83.0,0,0,252,8,78.9,1.0,16.7,0,1,0,0,6.0,0,0,1,0,0.0,1.0,0.0,0,0,0,0,19,76.2,15.0,0,0,0,389,0.0,0.0
1205,Yehvann Diouf,SEN,GK,Nice,Ligue 1,25,12.0,1080,1.85,73.0,0,0,280,14,76.7,2.0,16.7,0,0,0,0,18.0,0,0,0,0,0.0,4.0,1.0,0,0,0,0,20,77.8,44.0,0,0,0,434,0.0,0.0
1206,Mory Diaw,SEN,GK,Le Havre,Ligue 1,32,12.0,1080,1.95,95.0,1,0,302,6,76.2,4.0,33.3,0,2,1,0,17.0,0,2,3,1,0.0,3.0,0.0,1,0,0,0,22,66.7,26.0,1,3,0,497,0.8,0.0
1207,Michele Di Gregorio,ITA,GK,Juventus,Serie A,28,10.0,900,1.87,81.0,0,0,215,1,82.6,4.0,40.0,0,0,0,0,9.0,0,0,0,0,0.0,1.0,0.0,0,0,0,0,9,72.4,20.0,0,0,0,338,0.0,0.0
1208,Karl Darlow,WAL,GK,Leeds United,Premier League,34,5.0,450,1.85,74.0,0,0,143,2,63.9,0.0,0.0,0,0,0,0,8.0,0,0,0,0,0.0,0.0,0.0,0,0,1,0,7,60.0,13.0,0,0,0,213,0.0,0.0
1209,Finn Dahmen,GER,GK,Augsburg,Bundesliga,27,10.0,900,1.86,80.0,0,0,268,15,66.1,0.0,0.0,0,4,0,0,24.0,0,0,0,1,0.0,2.0,1.0,1,0,2,0,22,56.9,26.0,0,0,0,474,0.0,0.0
1210,Thibaut Courtois,BEL,GK,Real Madrid,La Liga,33,12.0,1080,1.99,91.0,0,0,222,4,78.0,6.0,50.0,0,0,0,0,10.0,0,0,0,0,0.0,2.0,0.0,0,0,0,0,21,74.2,21.0,1,1,1,405,0.0,0.0
1211,Lucas Chevalier,FRA,GK,Paris S-G,Ligue 1,23,12.0,1080,1.92,85.0,0,0,220,3,92.0,6.0,50.0,0,1,0,0,11.0,0,0,0,0,0.0,0.0,1.0,0,0,0,0,33,63.3,19.0,0,0,0,326,0.0,0.0
1212,Marco Carnesecchi,ITA,GK,Atalanta,Serie A,25,11.0,990,1.92,87.0,0,0,253,7,77.3,2.0,18.2,0,0,0,0,11.0,0,0,0,0,0.0,1.0,1.0,0,0,0,0,14,76.7,32.0,0,0,0,436,0.0,0.0
1213,Elia Caprile,ITA,GK,Cagliari,Serie A,23,11.0,990,1.91,75.0,0,0,186,8,68.3,2.0,18.2,0,0,0,0,14.0,0,0,0,1,0.0,0.0,0.0,0,0,0,0,5,73.1,38.0,0,0,0,399,0.0,0.0
1214,Jean Butez,FRA,GK,Como,Serie A,30,11.0,990,1.88,75.0,0,0,278,11,83.3,5.0,45.5,0,1,0,0,6.0,0,1,0,1,0.0,0.0,0.0,1,0,2,0,23,83.8,31.0,1,2,1,461,0.0,0.0
1215,Altay Bayındır,TUR,GK,Manchester Utd,Premier League,27,6.0,540,1.98,89.0,0,0,142,6,63.5,0.0,0.0,0,1,0,0,11.0,0,0,1,2,0.0,0.0,0.0,1,0,0,0,9,54.2,13.0,0,0,0,208,0.2,0.0
1216,Oliver Baumann,GER,GK,Hoffenheim,Bundesliga,35,10.0,900,1.87,82.0,0,0,243,7,74.5,1.0,10.0,0,1,0,0,16.0,0,0,0,0,0.0,2.0,0.0,0,0,1,0,31,68.9,29.0,0,0,0,432,0.0,0.0
1217,Augusto Batalla,ARG,GK,Rayo Vallecano,La Liga,29,12.0,1080,1.85,80.0,0,0,296,9,67.6,4.0,33.3,0,1,0,0,14.0,0,0,1,2,0.0,2.0,0.0,2,0,0,0,28,76.0,36.0,1,1,1,487,0.0,0.0
1218,Mio Backhaus,GER,GK,Werder Bremen,Bundesliga,21,8.0,720,1.88,70.0,0,0,204,8,86.5,2.0,25.0,1,0,0,0,14.0,0,0,0,0,0.0,2.0,0.0,0,0,0,0,9,66.7,23.0,0,0,0,309,0.0,0.0
1219,Emil Audero,IDN,GK,Cremonese,Serie A,28,7.0,630,1.9,78.0,0,0,198,3,63.2,3.0,42.9,0,0,0,0,6.0,0,0,0,0,0.0,1.0,0.0,0,0,0,0,25,85.7,29.0,0,0,0,329,0.0,0.0
1220,Noah Atubolu,GER,GK,Freiburg,Bundesliga,23,10.0,900,1.9,78.0,0,0,247,7,68.4,3.0,30.0,0,0,0,0,14.0,0,0,0,0,0.0,0.0,1.0,1,0,3,0,14,63.2,23.0,0,0,0,449,0.0,0.0
1221,Alphonse Areola,FRA,GK,West Ham,Premier League,32,7.0,630,1.92,88.0,0,0,126,1,58.4,0.0,0.0,0,1,0,0,12.0,0,1,0,0,0.0,1.0,0.0,0,0,0,0,2,69.4,24.0,0,1,0,257,0.0,0.0
1222,Alisson,BRA,GK,Liverpool,Premier League,32,6.0,540,1.93,91.0,0,0,175,5,83.1,2.0,33.3,0,1,0,0,7.0,0,0,0,0,0.0,0.0,0.0,0,0,4,0,8,56.3,9.0,0,0,0,262,0.0,0.0
1223,Julen Agirrezabala,ESP,GK,Valencia,La Liga,24,12.0,1080,1.87,80.0,0,0,226,11,71.6,3.0,25.0,0,0,0,0,21.0,0,0,1,0,0.0,2.0,1.0,0,0,1,0,13,68.3,38.0,1,1,0,427,0.0,0.0
1224,José Zúñiga,COL,FW,América,Liga MX,31,6.2,560,ND,ND,1,3,76,4,76.6,,,7,0,3,2,,2,2,3,15,1.6,,,2,1,2,29,5,,,4,6,4,127,0.3,1.6
1225,Emanuele Zuelli,ITA,MF,Carrarese,Serie B,23,11.5,1033,1.79,67.0,1,8,402,7,83.1,,,5,1,2,1,,1,5,11,9,1.1,,,10,23,61,26,47,,,11,16,5,665,0.7,1.1
1226,Adem Zorgane,ALG,MF,Union SG,Belgian Pro League,25,11.8,1060,1.84,80.0,3,14,408,12,82.1,,,9,0,4,1,,1,9,18,14,1.1,,,20,8,79,42,68,,,22,31,14,717,3.7,1.1
1227,Milan Zonneveld,NED,FW,Telstar,Eredivisie,21,5.0,452,ND,ND,2,4,69,4,65.3,,,7,0,3,1,,1,0,5,12,2.8,,,1,5,4,26,6,,,0,0,0,124,0.6,2.8
1228,Ramiz Zerrouki,ALG,MF,Twente,Eredivisie,27,11.5,1036,1.83,77.0,1,9,412,28,84.3,,,8,0,2,1,,1,15,20,13,0.4,,,10,16,97,15,49,,,28,43,16,796,1.3,0.4
1229,Alejandro Zendejas,USA,FWMF,América,Liga MX,27,11.1,997,1.7,66.0,3,12,461,2,78.9,,,17,0,8,4,,5,6,22,24,3.4,,,19,31,63,111,40,,,12,18,4,705,3.0,4.2
1230,Moncef Zekri,MAR,DFMF,Mechelen,Belgian Pro League,16,7.0,626,ND,ND,0,10,173,14,75.2,,,10,0,0,0,,0,9,2,10,0.2,,,2,11,17,23,28,,,15,24,9,348,0.2,0.2
1231,Gjivai Zechiël,NED,MF,Utrecht,Eredivisie,21,10.9,980,ND,ND,0,9,324,13,84.8,,,11,0,3,3,,3,16,12,17,2.2,,,6,23,55,33,48,,,15,31,9,575,1.1,2.2
1232,Giovanni Zaro,ITA,DF,Cesena,Serie B,31,12.0,1080,ND,ND,0,22,361,101,85.8,,,0,0,1,1,,1,17,1,7,1.2,,,2,2,36,2,40,,,28,45,19,791,0.1,1.2
1233,Ángel Zapata,MEX,MF,Querétaro,Liga MX,24,13.9,1251,1.66,60.0,1,24,326,28,85.7,,,2,0,1,0,,0,12,6,11,0.3,,,4,5,55,7,58,,,38,50,23,640,0.5,0.3
1234,Simone Zanon,ITA,DF,Carrarese,Serie B,23,9.5,854,ND,ND,2,9,253,27,72.7,,,5,0,4,2,,2,8,11,8,0.8,,,12,35,37,56,38,,,25,33,17,558,1.5,0.8
1235,Luca Zanimacchia,ITA,DF,Modena,Serie B,27,8.7,783,1.78,72.0,0,5,261,5,75.9,,,9,0,1,1,,1,3,14,7,1.6,,,15,43,35,61,47,,,13,16,5,443,0.9,1.6
1236,Francesco Zampano,ITA,DF,Modena,Serie B,31,11.6,1042,1.77,68.0,1,8,353,13,76.5,,,14,0,2,1,,1,7,14,21,0.7,,,13,36,34,94,68,,,21,28,13,568,1.6,0.7
1237,Jan Žambůrek,CZE,MF,Heracles Almelo,Eredivisie,24,8.8,794,1.82,74.0,1,4,183,21,80.5,,,4,0,1,0,,0,17,8,10,0.6,,,2,5,31,12,35,,,15,32,10,400,0.5,0.6
1238,Mauro Zaleta,MEX,DFMF,Mazatlán,Liga MX,23,6.1,547,ND,ND,0,6,153,13,72.5,,,4,0,1,1,,1,7,1,8,0.2,,,3,11,6,19,26,,,18,25,12,312,0.0,0.2
1239,Ángel Zaldívar,MEX,FWMF,FC Juárez,Liga MX,31,6.3,568,1.74,78.0,1,8,93,6,76.4,,,6,0,3,2,,2,3,4,21,1.4,,,0,4,5,11,13,,,3,6,2,185,0.2,1.4
1240,Rodrigo Zalazar,URU,MFFW,Braga,Primeira Liga,25,7.9,710,1.74,74.0,1,8,366,3,79.9,,,20,0,5,0,,4,2,13,26,1.4,,,12,21,45,99,31,,,7,9,4,514,1.1,4.5
1241,Arthur Zagre,FRA,DF,Excelsior,Eredivisie,23,9.9,887,1.68,55.0,0,19,260,33,79.6,,,9,0,1,0,,1,13,6,16,0.9,,,6,17,34,21,61,,,24,37,15,537,0.3,2.4
1242,Vasilios Zagaritis,GRE,DF,Heerenveen,Eredivisie,24,11.8,1061,1.78,68.0,1,14,416,46,77.9,,,7,0,1,0,,0,20,13,24,0.4,,,13,40,64,76,66,,,25,45,15,767,1.7,0.4
1243,Griffin Yow,USA,FWMF,Westerlo,Belgian Pro League,22,4.9,438,1.7,63.0,0,9,135,3,65.7,,,11,0,2,1,,2,2,7,18,1.0,,,8,12,17,38,29,,,10,12,8,222,0.9,1.7
1244,Marvin Young,NED,DF,Sparta R'dam,Eredivisie,19,12.0,1080,ND,ND,0,17,425,99,85.8,,,2,1,0,0,,0,12,4,4,0.1,,,0,10,43,2,45,,,20,32,15,740,0.1,0.1
1245,Édgar Yoel Bárcenas,PAN,MFFW,Mazatlán,Liga MX,31,9.5,855,1.75,70.0,0,4,248,12,76.7,,,12,0,0,0,,0,6,6,11,0.7,,,11,16,36,46,43,,,12,18,8,449,0.6,0.7
1246,Gerard Yepes,ESP,MF,Empoli,Serie B,22,8.1,731,1.7,64.0,0,7,179,21,85.0,,,1,1,0,0,,0,6,8,6,1.0,,,5,13,35,14,26,,,8,14,4,351,1.0,1.0
1247,Irakli Yegoian,GEO,MF,Excelsior,Eredivisie,21,9.7,870,ND,ND,2,13,236,10,78.3,,,13,1,3,1,,1,7,20,20,1.3,,,4,18,40,41,49,,,12,19,5,414,1.8,1.3
1248,John Yeboah,ECU,FW,Venezia,Serie B,25,7.3,661,1.7,67.0,3,2,248,0,83.3,,,12,0,6,3,,3,1,18,22,2.4,,,13,37,31,48,22,,,5,6,5,321,2.2,3.3
1249,Rihito Yamamoto,JPN,MF,Sint-Truiden,Belgian Pro League,23,13.6,1226,1.79,73.0,2,20,321,21,77.4,,,15,0,4,2,,2,22,26,21,3.1,,,17,15,74,48,63,,,28,50,13,702,2.0,3.1
1250,Gibson Yah,NED,MF,Volendam,Eredivisie,21,8.2,742,ND,ND,3,22,290,35,82.7,,,3,0,3,0,,0,13,6,18,0.1,,,3,9,30,8,46,,,34,47,20,533,1.2,0.1
1251,Haji Wright,USA,FW,Coventry City,Championship,27,11.6,1043,1.88,80.0,1,5,144,15,69.6,,,12,0,9,7,,8,0,9,31,7.1,,,2,15,18,65,13,,,6,6,4,294,1.5,7.9
1252,Nathan Wood-Gordon,ENG,DF,Southampton,Championship,23,10.7,967,1.88,70.0,1,14,452,62,91.4,,,5,2,1,0,,0,7,1,8,0.3,,,0,3,25,3,36,,,17,24,12,748,0.5,0.3
1253,Ricky van Wolfswinkel,NED,FW,Twente,Eredivisie,36,11.5,1039,1.85,70.0,0,6,158,9,63.7,,,6,0,6,1,,6,5,11,22,2.5,,,4,9,18,47,29,,,13,18,9,321,0.8,6.5
1254,Szymon Włodarczyk,POL,FW,Excelsior,Eredivisie,22,6.5,583,ND,ND,0,7,79,7,67.0,,,11,0,2,2,,2,0,7,23,2.3,,,1,5,8,25,12,,,2,2,1,177,0.9,3.1
1255,Witi,MOZ,FWMF,Nacional,Primeira Liga,28,5.3,474,1.79,70.0,0,8,104,6,56.3,,,6,0,0,0,,0,2,6,11,1.3,,,5,15,10,29,21,,,6,8,4,185,0.4,1.3
1256,Mees de Wit,NED,DF,AZ Alkmaar,2 Comps,27,12.1,1091,ND,ND,0,11,415,40,85.0,,,8,0,1,1,,1,9,14,12,1.0,,,17,30,71,38,55,,,29,38,12,820,1.5,1.0
1257,Przemysław Wiśniewski,POL,DF,Spezia,Serie B,27,11.0,990,ND,ND,0,7,351,48,79.7,,,1,0,0,0,,0,11,2,6,0.1,,,8,19,36,12,41,,,20,31,13,662,0.3,0.1
1258,Harry Winks,ENG,MF,Leicester City,Championship,29,12.2,1097,1.78,65.0,1,6,572,21,89.7,,,5,2,1,0,,0,11,18,8,0.4,,,12,20,93,21,65,,,18,29,12,981,0.7,0.4
1259,Josh Windass,ENG,MFFW,Wrexham,Championship,31,8.3,749,1.75,68.0,3,3,219,12,75.9,,,7,0,8,3,,5,1,13,20,1.0,,,10,15,32,36,25,,,5,6,3,365,2.0,2.6
1260,Ben Wilmot,ENG,DF,Stoke City,Championship,25,15.0,1350,1.88,77.0,0,18,621,88,86.1,,,1,2,0,0,,0,5,3,2,0.7,,,5,4,34,1,68,,,12,17,6,1139,0.2,0.7
1261,Jordan Williams,ENG,DF,Portsmouth,Championship,25,8.2,742,ND,ND,1,11,157,28,73.1,,,5,0,1,0,,0,6,6,16,0.1,,,5,9,11,23,31,,,24,30,12,404,0.9,0.1
1262,Maas Willemsen,NED,DF,Heerenveen,Eredivisie,22,7.1,635,ND,ND,0,5,329,32,88.4,,,0,0,1,1,,1,4,3,3,1.6,,,1,7,30,2,36,,,6,10,3,520,0.1,1.6
1263,Owen Wijndal,NED,DF,Ajax,Eredivisie,25,8.0,724,1.76,70.0,0,1,255,23,86.5,,,4,1,0,0,,0,6,7,7,0.4,,,4,13,27,44,26,,,13,19,10,494,1.0,0.4
1264,Casper Widell,SWE,DF,Excelsior,Eredivisie,22,12.0,1080,ND,ND,0,17,354,81,80.5,,,3,1,0,0,,0,6,4,6,1.3,,,2,5,55,1,34,,,8,14,4,692,0.2,1.3
1265,Morgan Whittaker,ENG,MFFW,Middlesbrough,Championship,24,9.0,807,1.83,69.0,2,10,226,2,73.8,,,19,0,4,2,,2,3,12,25,1.4,,,9,12,37,64,29,,,16,19,9,387,1.1,1.4
1266,Ben Whiteman,ENG,MF,Preston,Championship,29,15.0,1350,1.77,70.0,2,33,384,44,74.5,,,4,1,2,0,,0,20,21,9,0.7,,,19,7,101,10,51,,,27,47,11,899,1.8,0.7
1267,Scott Wharton,ENG,DF,Blackburn,Championship,27,7.5,673,1.77,77.0,0,10,141,51,76.3,,,0,0,0,0,,0,13,2,2,0.5,,,2,0,17,0,24,,,8,21,4,402,0.1,0.5
1268,Wendel,BRA,FW,Santa Clara,Primeira Liga,24,5.3,476,ND,ND,2,3,72,7,72.2,,,8,0,3,0,,1,0,4,18,0.9,,,1,3,6,24,7,,,1,1,0,141,0.8,1.7
1269,Wout Weghorst,NED,FW,Ajax,Eredivisie,32,10.1,907,1.97,84.0,1,6,175,10,70.3,,,9,0,7,6,,6,1,22,28,3.9,,,7,5,33,62,16,,,7,8,2,362,2.2,3.9
1270,Tsuyoshi Watanabe,JPN,DF,Feyenoord,Eredivisie,28,11.0,990,1.84,76.0,0,13,521,58,90.5,,,0,0,1,1,,1,11,4,5,1.0,,,1,10,57,4,44,,,15,26,9,833,0.2,1.0
1271,Zak Vyner,KEN,DFMF,Bristol City,Championship,28,15.0,1350,1.78,68.0,0,21,397,55,75.6,,,3,2,0,0,,0,14,9,13,1.0,,,10,7,64,14,69,,,18,32,8,852,0.5,1.0
1272,Stipe Vulikic,CRO,DF,Sampdoria,Serie B,24,5.6,505,ND,ND,0,2,196,25,81.0,,,0,0,0,0,,0,4,2,3,0.0,,,2,2,30,0,16,,,11,15,5,363,0.1,0.0
1273,Andrija Vukčević,MNE,DFFW,Preston,Championship,28,5.0,450,1.8,76.0,1,8,103,17,68.0,,,0,0,1,0,,0,2,7,10,0.0,,,10,16,15,21,20,,,7,9,2,205,0.6,0.0
1274,Marious Vrousai,GRE,MFDF,Rio Ave,Primeira Liga,27,9.8,883,1.83,78.0,1,13,247,41,73.7,,,7,1,2,1,,1,16,6,13,0.5,,,7,12,26,37,48,,,30,46,20,570,0.5,0.5
1275,Zé Vitor,BRA,DF,Nacional,Primeira Liga,24,8.7,782,1.87,73.0,0,12,219,56,74.6,,,3,0,1,1,,1,14,1,4,1.0,,,0,4,29,0,46,,,17,31,10,451,0.0,1.0
1276,Pedro Vite,ECU,MFFW,UNAM,Liga MX,23,10.1,911,1.7,60.0,0,7,384,2,85.2,,,17,0,1,1,,1,5,18,22,1.3,,,14,15,80,52,47,,,9,14,5,678,1.2,1.3
1277,Žan Vipotnik,SVN,FW,Swansea City,Championship,23,8.3,747,1.85,81.0,1,2,108,7,77.8,,,2,0,7,6,,6,1,9,11,2.7,,,2,3,13,35,12,,,2,3,1,199,0.7,2.7
1278,Vinícius,BRA,FWMF,Santa Clara,Primeira Liga,26,7.4,667,ND,ND,0,12,168,6,73.4,,,11,0,4,4,,4,3,10,13,2.0,,,4,12,23,48,27,,,13,16,8,285,0.5,2.0
1279,Marcos Vinicios Sorriso,BRA,FW,Famalicão,Primeira Liga,24,10.6,956,1.76,62.0,1,7,304,19,68.6,,,17,0,2,1,,1,6,17,35,2.6,,,14,40,36,88,47,,,14,20,8,504,1.6,2.6
1280,Malcolm Viltard,FRA,MF,Dender,Belgian Pro League,22,10.1,909,ND,ND,0,23,280,22,72.7,,,10,0,0,0,,0,11,6,20,0.1,,,11,14,50,16,76,,,29,40,19,569,0.2,0.1
1281,Carlos Villanueva López,MEX,DF,Querétaro,Liga MX,31,5.5,497,1.85,76.0,0,10,89,27,83.9,,,0,0,0,0,,0,3,1,5,0.1,,,1,0,7,0,11,,,7,10,4,205,0.0,0.1
1282,Fran Villalba,ESP,MFFW,Santos,Liga MX,27,11.4,1027,1.68,65.0,0,3,299,7,80.0,,,11,1,1,0,,1,6,11,7,1.0,,,14,17,69,23,44,,,4,10,2,465,1.3,1.8
1283,Luca Vignali,ITA,DFMF,Spezia,Serie B,29,4.8,436,1.86,81.0,0,7,110,11,59.6,,,2,0,1,1,,1,4,0,6,0.2,,,7,0,14,29,15,,,7,11,5,229,0.0,0.2
1284,Nick Viergever,NED,DF,Utrecht,Eredivisie,35,8.8,792,1.82,72.0,0,9,278,45,86.8,,,0,0,0,0,,0,6,1,7,1.3,,,0,4,34,3,26,,,8,14,6,533,0.0,1.3
1285,Gabriel Vieira,BRA,FW,Santa Clara,Primeira Liga,23,5.4,482,1.77,71.0,0,4,100,2,53.0,,,10,0,1,0,,1,0,9,14,1.9,,,1,12,7,32,9,,,6,6,4,181,1.0,2.7
1286,Paulo Victor,BRA,DFMF,Santa Clara,Primeira Liga,24,5.9,532,1.8,76.0,0,9,170,24,69.6,,,6,0,0,0,,0,9,2,12,0.1,,,5,7,25,26,26,,,14,23,8,351,0.2,0.1
1287,Pau Victor,ESP,FWMF,Braga,Primeira Liga,23,6.2,561,ND,ND,0,5,172,9,81.2,,,4,0,1,1,,1,1,3,14,1.2,,,2,10,13,26,22,,,6,7,2,267,0.1,1.2
1288,Jannik Vestergaard,DEN,DF,Leicester City,Championship,32,15.0,1350,1.99,98.0,0,11,663,122,87.3,,,1,1,2,2,,2,12,1,6,1.4,,,3,6,51,0,61,,,20,32,15,1167,0.0,1.4
1289,Andreas Verstraeten,BEL,DFMF,Antwerp,Belgian Pro League,19,5.9,534,ND,ND,1,8,190,10,77.7,,,5,0,1,0,,0,10,4,4,0.0,,,0,5,15,4,20,,,14,24,10,341,0.5,0.0
1290,Birger Verstraete,BEL,MF,OH Leuven,Belgian Pro League,31,5.4,485,1.71,65.0,0,3,90,17,82.0,,,1,0,0,0,,0,8,2,7,0.0,,,3,1,21,2,23,,,9,17,6,224,0.1,0.0
1291,Nick Verschuren,NED,DF,2 Teams,Eredivisie,20,8.8,794,ND,ND,1,17,370,58,93.7,,,0,0,1,0,,0,9,2,7,0.2,,,2,2,30,1,23,,,6,15,3,604,0.0,0.2
1292,Yari Verschaeren,BEL,FWMF,Anderlecht,Belgian Pro League,24,4.7,422,1.73,70.0,0,6,149,5,81.2,,,6,0,0,0,,0,0,4,12,1.0,,,6,7,16,18,15,,,7,7,5,242,0.4,1.0
1293,Matthias Verreth,BEL,MF,Bari,Serie B,27,9.1,822,1.81,71.0,1,13,296,17,82.6,,,2,1,2,1,,1,8,12,12,0.4,,,1,5,32,9,39,,,6,14,3,575,0.8,0.4
1294,Bruno Verrengia,ITA,DF,Catanzaro,Serie B,21,4.7,426,ND,ND,0,3,220,13,86.0,,,0,0,1,1,,1,2,1,6,0.2,,,6,11,20,7,14,,,1,3,1,365,0.3,0.2
1295,Romeo Vermant,BEL,FWMF,Club Brugge,Belgian Pro League,21,6.1,551,1.81,74.0,2,4,143,8,73.1,,,10,0,4,2,,2,3,11,21,2.0,,,1,5,12,36,18,,,4,7,1,241,1.4,2.0
1296,Lorenzo Venuti,ITA,DF,Sampdoria,Serie B,30,6.5,583,1.76,66.0,0,4,200,15,74.2,,,1,1,0,0,,0,3,6,5,0.1,,,11,9,29,14,31,,,7,10,2,345,0.6,0.1
1297,Dylan Vente,NED,FWMF,Heerenveen,Eredivisie,26,10.7,960,1.81,76.0,1,4,178,25,68.0,,,7,0,6,3,,5,1,8,20,4.8,,,10,12,27,58,28,,,6,7,4,337,0.7,6.4
1298,Frederico Venâncio,POR,DF,Santa Clara,Primeira Liga,32,8.0,720,1.86,76.0,0,7,247,60,88.7,,,0,1,0,0,,0,17,1,3,0.2,,,0,2,16,2,20,,,19,36,4,485,0.0,0.2
1299,Gabriel Veiga,ESP,MF,Porto,Primeira Liga,23,6.0,539,1.78,67.0,4,3,161,1,68.2,,,5,0,5,1,,1,2,16,16,1.3,,,7,8,22,40,19,,,13,15,11,314,2.2,1.3
1300,Jesús Vega,MEX,DF,Tijuana,Liga MX,25,13.8,1239,ND,ND,4,9,315,47,74.3,,,6,0,4,0,,0,13,17,20,0.5,,,14,28,44,56,42,,,29,42,18,702,1.6,0.5
1301,Alexis Vega,MEX,FWMF,Toluca,Liga MX,27,10.3,928,1.72,72.0,9,4,387,0,73.7,,,21,0,13,3,,4,4,43,35,2.3,,,22,54,61,99,48,,,9,13,6,661,4.9,3.1
1302,Joey Veerman,NED,MF,PSV Eindhoven,Eredivisie,26,10.3,927,1.85,79.0,6,17,459,30,80.2,,,2,1,11,5,,5,14,34,6,1.1,,,29,5,109,18,51,,,22,36,13,856,3.7,1.1
1303,Henk Veerman,NED,FW,Volendam,Eredivisie,32,11.3,1014,2.01,90.0,1,1,79,13,61.9,,,3,0,5,4,,4,1,3,16,3.6,,,1,4,13,27,9,,,2,3,1,209,0.5,3.6
1304,Luis Vázquez,ARG,FW,Anderlecht,Belgian Pro League,24,6.9,617,1.9,78.0,0,7,92,3,70.1,,,5,0,2,2,,2,0,8,15,2.7,,,3,6,8,37,16,,,9,9,6,216,0.9,2.7
1305,Will Vaulks,WAL,MF,Oxford United,Championship,31,6.7,601,1.8,70.0,0,11,210,15,71.3,,,4,0,0,0,,0,6,7,4,0.7,,,4,1,40,6,36,,,17,23,12,498,0.4,0.7
1306,Rocco Vata,IRL,MFFW,Watford,Championship,20,5.1,455,ND,ND,2,5,135,5,61.9,,,13,2,4,2,,2,1,9,9,3.3,,,9,15,15,30,33,,,7,8,1,226,1.0,3.3
1307,Alan Varela,ARG,MF,Porto,Primeira Liga,24,10.1,909,1.77,73.0,0,7,285,9,85.0,,,4,0,0,0,,0,9,7,5,0.2,,,9,7,55,6,48,,,8,17,2,518,0.8,0.2
1308,Kevin Varas,ECU,MFFW,Padova,Serie B,32,10.2,915,ND,ND,2,6,227,21,75.6,,,12,0,3,1,,1,7,8,22,0.8,,,8,17,33,52,45,,,11,18,7,420,0.5,0.8
1309,Jonathan Varane,MTQ,MF,QPR,Championship,23,9.2,827,1.75,66.0,1,14,278,30,78.0,,,3,2,1,0,,0,15,6,10,0.4,,,2,6,38,9,45,,,25,40,14,567,1.0,0.4
1310,Robert-Jan Vanwesemael,BEL,FWDF,Sint-Truiden,Belgian Pro League,23,10.7,966,ND,ND,1,13,382,17,73.8,,,19,0,2,1,,1,13,14,26,1.0,,,17,35,40,94,53,,,17,30,11,646,1.1,1.0
1311,Hans Vanaken,BEL,MF,Club Brugge,Belgian Pro League,32,14.0,1260,1.94,80.0,0,19,718,14,87.6,,,9,0,2,2,,2,7,26,12,2.4,,,32,11,144,58,65,,,14,21,7,1139,3.1,2.4
1312,Alec Van Hoorenbeeck,BEL,DF,2 Teams,Eredivisie,26,7.0,630,1.87,77.0,0,14,244,56,87.5,,,1,0,1,1,,1,8,2,1,1.2,,,2,6,19,1,27,,,4,12,2,457,0.1,1.2
1313,Rein Van Helden,BEL,DF,Sint-Truiden,Belgian Pro League,23,12.3,1106,ND,ND,0,7,572,54,87.8,,,1,0,0,0,,0,12,4,14,0.2,,,2,17,65,7,44,,,20,32,15,926,0.1,0.2
1314,Siebe Van Der Heyden,BEL,DF,Gent,Belgian Pro League,27,10.9,977,1.85,78.0,0,9,479,47,86.1,,,0,0,2,2,,2,23,6,9,0.7,,,8,11,71,10,38,,,13,36,7,828,0.3,0.7
1315,Hannes Van der Bruggen,BEL,MF,Cercle Brugge,Belgian Pro League,32,12.4,1119,1.8,69.0,0,14,331,30,78.2,,,6,0,0,0,,0,16,9,18,0.5,,,19,7,112,9,73,,,33,49,18,806,0.5,0.5
1316,Thomas Van den Keybus,BEL,MFFW,Westerlo,Belgian Pro League,24,7.2,645,1.81,71.0,0,6,190,10,78.7,,,9,0,1,1,,1,2,7,16,1.2,,,8,13,29,20,42,,,14,16,9,361,0.4,1.2
1317,Kévin Van Den Kerkhof,ALG,DF,Charleroi,Belgian Pro League,29,7.6,686,ND,ND,1,12,199,36,66.7,,,6,1,1,0,,0,8,7,11,1.4,,,9,30,19,46,41,,,23,31,15,399,1.1,1.4
1318,Zeno Van den Bosch,BEL,DF,Antwerp,Belgian Pro League,22,13.9,1249,ND,ND,0,24,566,56,82.7,,,3,1,0,0,,0,19,5,6,0.6,,,9,8,63,4,40,,,21,40,14,976,0.6,0.6
1319,Luca Valzania,ITA,MF,Pescara,Serie B,29,9.1,823,1.84,77.0,2,8,244,15,75.4,,,10,2,2,0,,0,0,13,8,0.5,,,6,16,30,29,33,,,13,13,9,393,1.4,0.5
1320,Yan Valery,TUN,MFDF,Sheffield Weds,Championship,26,14.8,1329,1.8,85.0,1,9,359,30,75.1,,,25,2,1,0,,0,8,13,25,0.8,,,8,34,41,46,72,,,25,33,17,702,1.4,0.8
1321,Cherrion Valerius,CUW,DF,NAC Breda,Eredivisie,19,6.0,542,ND,ND,0,8,139,38,73.5,,,4,0,0,0,,0,8,4,11,0.2,,,7,10,20,11,27,,,12,20,8,323,0.2,0.2
1322,Pol Valentín,ESP,DF,Preston,Championship,28,5.3,479,ND,ND,1,7,96,13,58.9,,,5,0,1,0,,0,4,2,9,0.0,,,4,11,3,16,26,,,19,23,12,237,0.5,0.0
1323,Luciano Valente,NED,MF,Feyenoord,Eredivisie,21,9.8,886,ND,ND,2,8,443,7,83.0,,,15,0,3,1,,1,9,22,24,2.0,,,24,34,83,39,59,,,14,23,6,681,2.2,2.0
1324,Enner Valencia,ECU,FW,Pachuca,Liga MX,35,7.6,684,1.74,74.0,0,6,130,3,76.4,,,18,0,3,1,,3,1,7,20,1.9,,,5,12,10,46,15,,,4,5,2,246,0.2,3.5
1325,Harvey Vale,ENG,FWMF,QPR,Championship,21,6.4,572,1.8,68.0,1,7,141,9,55.9,,,5,0,2,1,,1,3,13,12,0.5,,,6,12,28,52,33,,,6,9,4,291,0.8,0.5
1326,Georgios Vagiannidis,GRE,DF,Sporting CP,Primeira Liga,23,5.7,517,1.82,68.0,1,7,221,9,88.5,,,1,0,1,0,,0,3,5,6,0.7,,,4,19,26,36,22,,,15,18,11,383,0.9,0.7
1327,Edgaras Utkus,LTU,DF,Cercle Brugge,Belgian Pro League,25,9.4,845,1.9,77.0,0,14,319,71,79.6,,,0,0,2,2,,2,13,0,6,0.7,,,0,6,40,1,42,,,15,28,8,658,0.0,0.7
1328,Precious Ugwu,NED,DF,Volendam,Eredivisie,19,5.8,520,ND,ND,0,5,143,21,83.3,,,6,0,0,0,,0,2,3,2,0.2,,,4,9,12,22,15,,,11,13,9,261,0.5,0.2
1329,Ike Ugbo,CAN,FW,Sheffield Weds,Championship,26,5.6,506,1.86,77.0,0,7,62,1,77.8,,,4,0,0,0,,0,3,1,19,1.7,,,1,5,2,22,13,,,7,10,6,135,0.3,1.7
1330,Ayase Ueda,JPN,FW,Feyenoord,Eredivisie,26,10.9,979,1.8,72.0,0,4,174,12,72.4,,,11,0,13,13,,13,1,8,34,9.4,,,0,14,10,57,19,,,3,4,3,310,0.9,9.4
1331,Christos Tzolis,GRE,FWMF,Club Brugge,Belgian Pro League,23,13.3,1200,1.79,70.0,3,6,510,4,68.9,,,16,0,8,5,,5,3,35,34,6.0,,,36,68,71,194,44,,,8,11,5,807,4.1,6.8
1332,Josh Tymon,ENG,DF,Swansea City,Championship,26,15.0,1350,1.78,74.0,2,6,476,33,76.9,,,12,0,2,0,,0,20,22,16,0.1,,,13,23,63,64,54,,,23,43,15,972,1.3,0.1
1333,Scott Twine,ENG,MF,Bristol City,Championship,26,13.0,1173,1.72,69.0,2,19,294,9,66.9,,,24,1,8,6,,6,10,30,25,3.6,,,18,28,39,66,49,,,19,29,13,548,2.9,3.6
1334,Yuto Tsunashima,JPN,DF,Antwerp,Belgian Pro League,24,9.1,815,ND,ND,0,19,381,46,86.4,,,2,0,0,0,,0,13,3,4,0.7,,,0,4,35,6,26,,,18,31,9,630,0.1,0.7
1335,Sondre Tronstad,NOR,MF,Blackburn,Championship,29,12.1,1093,1.74,70.0,0,11,339,15,84.6,,,7,1,0,0,,0,13,6,11,0.6,,,4,6,70,8,60,,,32,45,20,706,0.3,0.6
1336,Simone Tronchin,ITA,MF,Südtirol,Serie B,22,10.8,971,ND,ND,0,19,138,18,62.7,,,3,0,1,1,,1,16,4,12,0.5,,,2,8,41,13,47,,,28,44,18,484,0.1,0.5
1337,Francisco Trincão,POR,MF,Sporting CP,Primeira Liga,25,10.7,960,1.86,77.0,2,5,389,6,80.2,,,12,1,5,3,,3,1,28,16,1.8,,,19,41,71,74,43,,,15,16,10,629,3.3,1.8
1338,Simone Trimboli,ITA,MF,Mantova,Serie B,23,11.7,1051,1.76,69.0,0,8,435,14,88.4,,,15,3,0,0,,0,7,16,20,1.4,,,8,30,56,49,37,,,10,17,8,707,0.7,1.4
1339,Santiago Trigos,MEX,MF,UNAM,Liga MX,23,8.8,796,ND,ND,0,11,250,17,90.0,,,11,1,0,0,,0,8,4,22,0.0,,,2,6,47,12,32,,,22,30,15,485,0.2,0.0
1340,Alfonso Trezza,URU,FW,Arouca,Primeira Liga,26,8.6,774,ND,ND,1,12,122,8,59.3,,,10,0,5,4,,4,2,9,14,1.3,,,6,4,14,41,24,,,10,12,3,225,0.8,1.3
1341,Nicolo Tresoldi,GER,FW,Club Brugge,Belgian Pro League,20,9.5,853,ND,ND,1,3,101,3,75.4,,,15,0,5,4,,4,1,12,20,3.8,,,3,5,16,29,14,,,11,12,8,202,1.6,3.8
1342,Jacob Trenskow,DEN,FW,Heerenveen,Eredivisie,24,10.6,952,ND,ND,1,9,291,13,74.3,,,11,0,5,4,,4,5,25,22,3.9,,,19,35,41,79,32,,,3,8,3,483,3.0,3.9
1343,Lewis Travis,ENG,MF,2 Teams,Championship,27,6.8,610,1.75,68.0,1,3,197,7,76.1,,,10,0,1,0,,0,3,4,8,0.0,,,6,7,21,2,36,,,22,25,15,365,0.3,0.0
1344,Diogo Travassos,POR,DF,2 Teams,Primeira Liga,21,5.3,481,ND,ND,0,7,126,12,69.7,,,3,1,1,1,,1,6,3,16,0.7,,,8,10,20,33,18,,,15,21,13,239,0.4,0.7
1345,Nabil Touaizi,MAR,MFDF,Alverca,Primeira Liga,24,9.3,840,1.83,75.0,0,9,245,32,73.1,,,10,0,0,0,,0,11,10,21,0.1,,,11,24,24,46,40,,,11,22,8,506,2.0,0.1
1346,Román Torres,MEX,DF,Atlético,Liga MX,20,13.0,1168,ND,ND,1,9,316,52,70.0,,,5,0,2,1,,1,11,11,11,0.6,,,6,24,40,58,45,,,29,40,15,760,0.8,0.6
1347,Óliver Torres,ESP,MF,Monterrey,Liga MX,30,13.4,1204,1.78,70.0,4,23,542,6,84.1,,,7,0,5,1,,1,15,33,15,0.5,,,29,23,129,75,84,,,26,41,19,982,2.8,0.5
1348,Victor Torp,DEN,MF,Coventry City,Championship,26,11.2,1008,ND,ND,1,16,255,17,77.2,,,8,0,7,6,,6,8,21,15,2.0,,,15,13,55,26,37,,,6,14,4,587,1.5,2.0
1349,Mirko Topić,SRB,MF,Norwich City,Championship,24,10.0,902,ND,ND,0,8,350,17,83.2,,,11,1,0,0,,0,16,8,17,0.6,,,2,13,33,23,56,,,20,36,11,581,1.0,0.6
1350,Jens Toornstra,NED,MF,Sparta R'dam,Eredivisie,36,8.2,736,1.78,74.0,0,12,198,23,69.1,,,5,1,0,0,,0,8,11,12,1.0,,,4,8,42,23,34,,,19,27,11,409,0.7,1.0
1351,Daniel Tonoli,ITA,DF,Modena,Serie B,22,11.1,997,ND,ND,0,15,337,44,77.1,,,0,0,2,2,,2,10,1,11,1.1,,,2,17,49,23,38,,,30,40,19,697,0.1,1.1
1352,Iván Tona,MEX,MF,Tijuana,Liga MX,25,14.5,1303,ND,ND,0,21,478,21,89.1,,,7,0,0,0,,0,13,8,12,0.1,,,3,17,69,10,69,,,32,45,23,910,0.3,0.1
1353,Tomané,POR,FW,AVS Futebol,Primeira Liga,32,6.4,578,1.82,80.0,0,1,88,11,54.7,,,11,0,0,0,,0,0,3,23,0.6,,,2,9,12,23,14,,,1,1,1,193,0.1,0.6
1354,Gastón Togni,ARG,FWMF,Pachuca,Liga MX,27,5.2,471,1.73,76.0,0,7,131,3,71.8,,,8,0,2,2,,2,4,4,9,0.8,,,5,11,8,43,12,,,5,9,3,214,0.4,0.8
1355,Yassine Titraoui,ALG,MF,Charleroi,Belgian Pro League,22,11.8,1058,ND,ND,0,13,368,25,82.8,,,10,0,2,2,,2,17,7,21,0.9,,,11,17,69,20,59,,,18,35,12,668,1.0,0.9
1356,Andrea Tiritiello,ITA,DF,Virtus Entella,Serie B,30,10.6,950,ND,ND,0,9,314,88,81.2,,,2,0,5,5,,5,15,3,10,3.3,,,0,5,31,4,46,,,13,28,9,660,0.1,3.3
1357,Quinten Timber,NED,MF,Feyenoord,Eredivisie,24,8.4,758,1.79,71.0,1,10,258,12,83.2,,,9,1,2,1,,1,9,13,22,1.2,,,18,21,52,31,46,,,18,27,11,428,1.4,1.2
1358,Guus Til,NED,FWMF,PSV Eindhoven,Eredivisie,27,9.5,855,1.78,70.0,1,8,177,6,78.4,,,11,0,9,8,,8,0,19,18,5.2,,,5,15,21,66,25,,,12,12,4,331,2.2,5.2
1359,Brandon Thomas-Asante,GHA,FWMF,Coventry City,Championship,26,13.4,1204,1.77,70.0,3,13,221,9,67.7,,,17,0,13,10,,10,12,15,45,7.9,,,5,19,22,73,61,,,10,22,8,423,2.7,7.9
1360,Sorba Thomas,WAL,FW,Stoke City,Championship,25,14.8,1333,1.85,74.0,4,11,378,18,57.6,,,19,0,8,4,,4,4,33,31,2.0,,,19,64,44,125,58,,,10,14,4,641,4.5,2.0
1361,Ryan Thomas,NZL,MF,Zwolle,Eredivisie,30,9.3,838,1.74,64.0,0,21,260,37,81.3,,,6,2,0,0,,0,22,4,12,0.3,,,5,15,34,10,53,,,17,39,10,503,0.1,0.3
1362,Luke Thomas,ENG,DF,Leicester City,Championship,24,12.3,1111,1.81,74.0,0,16,346,64,79.8,,,4,0,0,0,,0,13,16,8,0.3,,,6,14,51,18,39,,,16,29,12,845,1.5,0.3
1363,Bobby Thomas,ENG,DF,Coventry City,Championship,24,13.6,1221,1.86,79.0,2,17,416,91,78.3,,,1,1,4,2,,2,13,9,12,1.3,,,8,11,49,8,57,,,13,26,7,857,1.9,1.3
1364,Casper Terho,FIN,MFFW,OH Leuven,Belgian Pro League,22,5.3,476,ND,ND,0,6,102,6,53.4,,,3,0,0,0,,0,3,9,13,1.5,,,7,9,13,31,19,,,10,13,6,189,0.7,1.5
1365,Kay Tejan,NED,FW,2 Teams,2 Comps,28,8.0,717,ND,ND,1,2,86,7,61.3,,,10,0,2,1,,1,2,3,16,2.4,,,4,9,11,25,15,,,4,6,4,159,0.5,2.4
1366,Cédric Teguia,ESP,FW,Moreirense,Primeira Liga,23,6.1,552,ND,ND,0,8,135,11,70.9,,,3,0,0,0,,0,8,2,11,0.3,,,3,10,13,28,23,,,8,16,3,250,0.2,0.3
1367,Junior Tchamadeu,CMR,DF,Stoke City,Championship,21,13.2,1184,1.8,72.0,1,9,375,35,69.8,,,3,0,2,1,,1,14,13,17,0.5,,,14,33,58,55,45,,,35,49,16,816,1.7,0.5
1368,Kenneth Taylor,NED,MF,Ajax,Eredivisie,23,11.7,1052,1.78,74.0,3,7,350,6,83.4,,,12,0,5,1,,2,15,18,12,2.1,,,20,20,65,67,44,,,16,31,10,624,2.5,2.9
1369,Jack Taylor,IRL,MF,Ipswich Town,Championship,27,6.1,550,1.85,78.0,0,4,226,6,84.7,,,5,0,0,0,,0,6,7,10,0.4,,,4,15,29,8,32,,,5,11,3,363,0.8,0.4
1370,Charlie Taylor,ENG,DF,2 Teams,Championship,31,5.2,469,1.75,70.0,0,5,172,28,78.3,,,2,0,0,0,,0,3,2,2,0.0,,,1,3,15,12,14,,,8,11,5,355,0.1,0.0
1371,Elayis Tavsan,NED,MFFW,Reggiana,Serie B,24,7.5,674,ND,ND,1,3,170,4,83.7,,,10,0,4,3,,3,1,11,17,0.6,,,7,24,14,25,17,,,4,5,2,271,0.7,0.6
1372,Oussama Targhalline,MAR,MF,Feyenoord,Eredivisie,23,6.5,582,ND,ND,2,7,216,10,84.1,,,6,0,3,1,,1,8,4,6,0.2,,,7,3,32,8,33,,,21,29,13,388,1.1,0.2
1373,Matt Targett,ENG,DF,Middlesbrough,Championship,29,10.5,947,1.78,70.0,1,13,354,35,76.4,,,1,0,2,1,,1,17,21,1,0.5,,,15,15,54,43,43,,,14,31,8,772,1.3,0.5
1374,Miguel Tapias,MEX,DF,Guadalajara,Liga MX,28,5.0,448,1.79,70.0,1,8,131,22,82.8,,,1,1,1,0,,0,7,1,2,0.0,,,1,1,14,3,17,,,8,15,7,262,0.4,0.0
1375,George Tanner,ENG,DF,Bristol City,Championship,25,10.7,966,ND,ND,0,14,267,70,74.9,,,2,1,0,0,,0,10,3,4,0.1,,,4,7,33,9,33,,,28,38,18,611,0.2,0.1
1376,Shogo Taniguchi,JPN,DF,Sint-Truiden,Belgian Pro League,34,9.0,813,1.82,70.0,0,7,373,58,88.8,,,0,0,0,0,,0,13,4,3,0.3,,,4,8,53,1,41,,,14,27,8,692,0.6,0.3
1377,Anton Tanghe,BEL,DF,Zulte Waregem,Belgian Pro League,26,13.4,1208,1.94,87.0,0,18,438,88,87.3,,,1,1,1,0,,1,8,5,5,0.0,,,8,5,55,1,27,,,13,21,8,762,0.5,0.8
1378,Japhet Tanganga,ENG,DF,2 Teams,Championship,26,14.0,1260,1.84,83.0,0,18,382,84,79.3,,,7,0,0,0,,0,15,4,15,1.0,,,3,10,43,8,45,,,17,32,10,886,0.7,1.0
1379,Juho Talvitie,FIN,FW,NAC Breda,Eredivisie,20,8.7,785,ND,ND,0,2,226,15,65.6,,,16,1,2,2,,2,6,11,11,1.4,,,12,34,15,49,38,,,16,22,9,363,1.2,1.4
1380,Fabian Tait,ITA,MF,Südtirol,Serie B,32,5.6,501,ND,ND,0,7,73,13,63.3,,,8,0,0,0,,0,8,1,4,0.2,,,5,0,18,25,15,,,4,12,1,188,0.1,0.2
1381,Sammie Szmodics,IRL,MFFW,Ipswich Town,Championship,29,6.2,557,1.68,67.0,0,6,119,4,69.8,,,6,0,0,0,,0,3,5,8,1.8,,,3,13,13,38,18,,,1,4,1,193,0.5,1.8
1382,Ross Sykes,ENG,DF,Union SG,Belgian Pro League,26,6.1,546,1.8,75.0,0,7,192,47,80.1,,,2,0,1,1,,1,11,5,2,0.8,,,4,3,34,7,24,,,7,18,4,430,0.7,0.8
1383,Mark Sykes,IRL,DF,Bristol City,Championship,27,8.9,797,ND,ND,1,8,228,13,70.1,,,5,0,3,2,,2,8,10,13,0.6,,,8,11,29,47,49,,,11,19,6,416,1.0,0.6
1384,John Swift,ENG,MF,Portsmouth,Championship,30,9.5,853,1.82,77.0,2,6,297,14,79.6,,,9,0,3,1,,1,7,10,13,0.9,,,7,5,51,25,59,,,15,22,9,566,0.6,0.9
1385,Zak Swanson,ENG,DF,Portsmouth,Championship,24,6.0,536,1.89,77.0,0,10,124,23,70.5,,,2,0,0,0,,0,7,3,8,0.5,,,2,7,19,15,22,,,20,27,11,364,0.1,0.5
1386,Marin Šverko,CRO,DF,Venezia,Serie B,27,6.5,586,ND,ND,1,5,280,23,89.3,,,1,0,1,0,,0,3,3,4,0.1,,,3,3,27,8,12,,,11,14,4,465,0.3,0.1
1387,Josip Šutalo,CRO,DF,Ajax,Eredivisie,25,6.0,539,1.9,80.0,0,4,372,36,91.3,,,1,1,0,0,,0,11,0,6,0.0,,,0,6,43,1,30,,,4,15,3,577,0.0,0.0
1388,Mathis Suray,BEL,FW,Go Ahead Eag,Eredivisie,24,10.5,947,ND,ND,1,6,226,10,76.3,,,14,1,4,3,,3,4,9,18,3.9,,,9,18,35,54,32,,,12,16,11,362,0.8,3.9
1389,Heorhiy Sudakov,UKR,MF,Benfica,Primeira Liga,22,6.1,545,1.77,72.0,0,5,199,4,77.7,,,10,1,3,3,,3,2,11,9,1.2,,,12,13,40,39,19,,,6,8,4,350,0.5,1.2
1390,Callum Styles,HUN,DF,West Brom,Championship,25,12.0,1077,1.77,75.0,0,9,415,48,81.0,,,11,1,0,0,,0,14,7,17,0.5,,,8,21,55,43,47,,,34,48,19,809,0.4,0.5
1391,Zak Sturge,ENG,DF,Millwall,Championship,21,8.4,755,ND,ND,0,12,201,45,72.1,,,3,0,1,1,,1,1,2,15,0.2,,,5,7,21,30,47,,,15,16,8,470,0.7,0.2
1392,Dávid Strelec,SVK,FWMF,Middlesbrough,Championship,24,5.4,486,1.85,73.0,0,3,90,4,68.0,,,6,0,1,1,,1,0,5,16,2.2,,,4,8,12,31,11,,,3,3,1,153,0.8,2.2
1393,Jordan Storey,ENG,DF,Preston,Championship,27,15.0,1347,1.77,70.0,1,21,351,84,70.9,,,3,0,2,1,,1,22,5,9,0.5,,,3,8,40,8,37,,,16,38,14,825,0.5,0.5
1394,Mateja Stjepanović,SRB,MF,Moreirense,Primeira Liga,21,10.7,966,ND,ND,0,2,250,27,84.0,,,2,0,0,0,,0,9,1,8,0.2,,,2,2,33,3,35,,,12,21,7,550,0.1,0.2
1395,Jarne Steuckers,BEL,FWMF,Genk,Belgian Pro League,23,9.6,863,ND,ND,5,7,440,2,71.5,,,10,0,5,0,,0,2,32,15,1.0,,,36,21,75,79,27,,,3,5,2,673,3.3,1.0
1396,Jack Stephens,ENG,DF,Southampton,Championship,31,8.3,743,1.85,75.0,0,9,312,35,88.0,,,2,0,1,1,,1,7,1,1,1.2,,,1,6,31,2,25,,,8,15,5,558,0.6,1.2
1397,Sem Steijn,NED,MF,Feyenoord,Eredivisie,23,8.5,761,ND,ND,1,4,186,5,78.6,,,6,0,7,5,,6,1,27,15,5.6,,,10,9,40,46,28,,,6,7,3,345,3.3,6.3
1398,Jay Stansfield,ENG,MFFW,Birmingham City,Championship,22,12.7,1142,1.8,70.0,2,8,168,4,61.3,,,22,0,8,4,,6,6,18,26,3.1,,,9,27,25,61,38,,,12,18,8,316,2.3,5.6
1399,Aleksandar Stanković,SRB,MF,Club Brugge,Belgian Pro League,19,11.6,1047,1.87,80.0,0,12,446,43,86.7,,,8,0,0,0,,0,9,12,11,0.8,,,11,10,65,22,52,,,15,24,10,779,1.3,0.8
1400,Marko Stamenic,NZL,MF,Swansea City,Championship,23,8.0,718,ND,ND,1,8,258,20,85.4,,,2,0,1,0,,0,12,3,8,0.1,,,2,4,20,5,39,,,15,27,7,508,0.1,0.1
1401,Jack Stacey,ENG,DFMF,Norwich City,Championship,29,9.5,853,1.8,68.0,1,8,310,32,74.1,,,6,0,2,1,,1,7,9,15,0.9,,,11,33,26,68,44,,,31,38,18,604,1.9,0.9
1402,Niccolò Squizzato,ITA,MF,Pescara,Serie B,23,9.9,888,1.78,69.0,1,8,366,28,86.8,,,3,0,1,0,,0,7,18,9,0.1,,,12,17,58,14,46,,,19,26,15,642,1.3,0.1
1403,Jorne Spileers,BEL,DF,Club Brugge,Belgian Pro League,20,7.1,639,ND,ND,0,1,439,26,92.8,,,4,1,0,0,,0,2,0,8,0.1,,,3,6,58,11,26,,,9,11,3,646,0.0,0.1
1404,Dario Špikić,CRO,FW,Rio Ave,Primeira Liga,26,5.7,513,ND,ND,0,5,92,5,71.4,,,9,0,2,2,,2,3,6,15,1.6,,,2,13,14,24,16,,,9,12,7,172,0.3,1.6
1405,Diogo Spencer,POR,DFFW,AVS Futebol,Primeira Liga,21,7.5,675,ND,ND,1,7,203,19,69.1,,,9,0,2,1,,1,7,7,12,0.2,,,8,23,42,46,37,,,12,19,7,435,0.4,0.2
1406,Kamal Sowah,GHA,FWMF,NAC Breda,Eredivisie,25,11.7,1049,1.79,66.0,1,11,303,10,76.6,,,15,0,1,0,,0,5,8,22,1.2,,,4,14,32,51,44,,,19,24,9,492,1.1,1.2
1407,David Sousa,BRA,DF,Casa Pia,Primeira Liga,24,7.0,630,ND,ND,0,8,188,27,79.2,,,0,1,1,1,,1,5,2,6,0.4,,,1,4,19,1,26,,,10,15,4,379,0.1,0.4
1408,Dimitris Sounas,GRE,MF,Avellino,Serie B,30,7.1,638,ND,ND,2,12,232,11,87.7,,,9,0,3,1,,1,3,10,8,0.3,,,7,9,46,23,23,,,19,22,9,385,1.0,0.3
1409,Djibril Soumaré,SEN,MFFW,Sheffield Utd,Championship,22,4.6,414,ND,ND,0,5,123,8,78.8,,,6,0,0,0,,0,3,2,5,0.7,,,2,3,16,6,27,,,15,18,9,254,0.1,0.7
1410,Boubakary Soumaré,FRA,MF,Leicester City,Championship,26,8.6,778,1.88,82.0,1,9,289,11,89.7,,,7,1,1,0,,0,7,13,9,0.1,,,6,15,60,26,48,,,9,16,7,536,0.4,0.1
1411,Ramiro Sordo,ARG,MFFW,Santos,Liga MX,25,11.5,1032,ND,ND,2,12,254,4,62.7,,,15,0,4,2,,2,1,15,32,1.7,,,11,50,20,78,46,,,20,21,11,377,2.4,1.7
1412,Thibo Somers,BEL,DFFW,Antwerp,Belgian Pro League,26,14.0,1260,1.84,77.0,0,10,253,44,64.8,,,5,0,1,1,,1,8,10,16,1.6,,,11,17,23,84,28,,,39,47,22,606,0.9,1.6
1413,Edoardo Soleri,ITA,FWMF,Spezia,Serie B,27,5.5,493,1.92,77.0,0,4,89,8,61.6,,,10,0,1,1,,1,0,1,20,1.5,,,1,3,6,34,13,,,1,1,1,176,0.1,1.5
1414,Arnau Solà,ESP,DF,Arouca,Primeira Liga,22,5.5,498,ND,ND,1,13,166,23,75.8,,,1,1,1,0,,0,5,6,16,0.1,,,4,8,19,30,22,,,7,12,4,349,0.7,0.1
1415,Lucas Soares,BRA,DFMF,Santa Clara,Primeira Liga,27,8.0,718,ND,ND,0,11,197,33,79.3,,,4,0,0,0,,0,5,3,19,0.2,,,7,11,19,27,28,,,13,18,10,432,0.2,0.2
1416,Michael Smith,ENG,FW,Preston,Championship,33,8.2,736,1.93,71.0,0,2,117,21,56.5,,,11,0,3,3,,3,2,6,27,2.6,,,2,1,7,34,16,,,5,7,3,275,0.4,2.6
1417,Milan Smit,NED,FW,Go Ahead Eag,Eredivisie,22,8.3,744,ND,ND,0,8,101,6,68.3,,,12,0,4,4,,4,1,4,16,1.9,,,3,5,10,24,19,,,2,3,1,197,0.5,1.9
1418,Kees Smit,NED,MF,AZ Alkmaar,2 Comps,19,12.3,1110,ND,ND,3,11,466,8,85.7,,,19,1,5,2,,2,7,25,18,1.3,,,21,24,73,31,73,,,21,28,14,772,2.4,1.3
1419,Matte Smets,BEL,DF,Genk,Belgian Pro League,21,14.0,1260,ND,ND,1,13,786,85,93.5,,,1,0,1,0,,0,14,5,7,0.1,,,5,6,73,2,47,,,30,44,16,1302,0.8,0.1
1420,Thierry Small,ENG,DFFW,Preston,Championship,20,11.7,1050,1.86,80.0,1,14,268,26,58.3,,,21,1,4,3,,3,5,11,23,0.7,,,15,53,14,55,47,,,16,21,9,464,1.9,0.7
1421,Gijs Smal,NED,DF,Feyenoord,Eredivisie,27,4.9,438,1.83,75.0,0,3,202,18,79.7,,,0,0,0,0,,0,5,8,4,0.6,,,6,14,37,24,20,,,7,12,7,359,0.6,0.6
1422,Regan Slater,ENG,MF,Hull City,Championship,25,11.0,988,ND,ND,0,12,195,16,78.6,,,5,0,1,1,,1,9,13,14,1.0,,,7,9,26,17,49,,,10,19,6,418,1.0,1.0
1423,Michał Skóraś,POL,DFFW,2 Teams,Belgian Pro League,25,7.2,649,1.73,64.0,3,9,243,16,75.7,,,7,0,5,2,,2,13,21,15,1.0,,,22,30,44,76,36,,,7,20,5,446,2.8,1.0
1424,Oliver Skipp,ENG,MF,Leicester City,Championship,24,5.3,477,1.77,66.0,0,4,105,13,83.3,,,1,0,0,0,,0,2,0,2,0.2,,,0,0,9,2,16,,,12,14,5,187,0.0,0.2
1425,Sphephelo Sithole,RSA,MF,Tondela,Primeira Liga,26,7.3,659,1.88,80.0,0,7,203,13,77.5,,,3,0,1,1,,1,5,4,9,0.2,,,0,9,36,10,38,,,9,14,6,378,0.3,0.2
1426,Moussa Sissoko,FRA,MF,Watford,Championship,35,7.5,672,1.87,83.0,0,8,117,6,81.5,,,8,0,0,0,,0,3,6,11,0.4,,,3,8,16,28,32,,,10,13,7,232,0.4,0.4
1427,Abdoulaye Sissako,FRA,MF,Sint-Truiden,Belgian Pro League,27,12.8,1150,1.86,80.0,2,16,343,25,81.9,,,9,1,2,0,,0,14,9,24,0.7,,,7,15,55,10,71,,,32,46,18,742,0.4,0.7
1428,Santiago Simón,ARG,DF,Toluca,Liga MX,23,6.8,610,ND,ND,2,3,219,15,84.8,,,3,0,2,0,,0,5,7,11,0.0,,,10,16,21,52,27,,,10,15,6,407,0.6,0.0
1429,Lorenco Šimić,CRO,DF,Avellino,Serie B,29,9.8,885,1.9,73.0,0,18,344,70,89.1,,,1,0,3,3,,3,17,1,2,1.3,,,2,0,20,1,18,,,16,33,11,685,0.2,1.3
1430,David Simão,POR,MF,Arouca,Primeira Liga,35,6.7,607,1.8,77.0,0,5,267,9,80.8,,,7,1,0,0,,0,9,7,7,0.1,,,4,6,42,5,28,,,14,23,11,480,0.4,0.1
1431,Sam Silvera,AUS,DF,Middlesbrough,Championship,24,6.3,571,1.73,69.0,0,4,189,19,71.6,,,6,0,0,0,,0,2,5,15,0.1,,,3,22,15,46,25,,,15,17,9,381,0.2,0.1
1432,Nathan Silva,BRA,DF,UNAM,Liga MX,28,17.0,1530,1.82,84.0,0,12,588,79,89.4,,,0,0,0,0,,0,16,2,6,0.4,,,0,13,81,7,41,,,18,34,11,1113,0.0,1.2
1433,Leonardo da Silva Lopes,POR,DFMF,Gent,Belgian Pro League,26,6.9,620,1.68,66.0,0,6,277,27,81.0,,,3,0,0,0,,0,9,5,8,0.4,,,5,10,39,14,46,,,9,18,7,489,0.4,0.4
1434,Gustavo da Silva,BRA,FW,Vitória,Primeira Liga,26,5.5,495,ND,ND,1,8,96,5,62.8,,,2,0,2,1,,1,8,9,15,1.2,,,5,6,9,36,19,,,10,18,7,207,0.3,1.2
1435,António Silva,POR,DF,Benfica,Primeira Liga,21,7.1,642,1.87,79.0,0,7,323,32,88.1,,,2,1,0,0,,0,6,3,2,0.0,,,2,10,50,2,29,,,8,14,5,496,0.1,0.0
1436,Jordan Sierra,ECU,MFFW,Mazatlán,Liga MX,28,12.6,1136,1.7,69.0,0,10,241,15,82.2,,,10,0,2,2,,2,12,11,20,0.8,,,6,6,47,24,57,,,23,35,17,520,0.4,0.8
1437,Sidney,BRA,DF,Santa Clara,Primeira Liga,28,10.7,965,ND,ND,0,7,402,58,84.9,,,2,1,0,0,,0,11,7,5,0.4,,,9,8,47,3,24,,,14,25,11,705,0.5,0.4
1438,Steven Shpendi,ALB,FWMF,Empoli,Serie B,22,7.9,710,ND,ND,0,3,113,6,73.5,,,13,0,5,4,,5,1,4,28,4.1,,,2,13,9,44,21,,,5,6,3,209,0.2,4.9
1439,Cristian Shpendi,ALB,FW,Cesena,Serie B,22,9.3,834,ND,ND,2,3,162,4,81.7,,,22,0,7,2,,5,1,7,22,6.2,,,6,15,12,60,15,,,2,3,1,248,1.2,8.6
1440,Ben Sheaf,ENG,MF,2 Teams,Championship,27,6.5,583,1.7,62.0,0,10,206,10,85.8,,,8,0,0,0,,0,5,6,10,0.2,,,5,8,48,8,42,,,15,20,11,415,0.3,0.2
1441,Conor Shaughnessy,IRL,DF,Portsmouth,Championship,29,5.6,501,1.79,66.0,0,7,177,42,80.1,,,2,0,0,0,,0,6,1,2,0.2,,,0,4,28,3,15,,,4,10,1,353,0.2,0.2
1442,Filippo Sgarbi,ITA,DF,Padova,Serie B,27,11.0,990,ND,ND,0,20,399,76,87.2,,,4,1,1,1,,1,8,2,5,0.1,,,2,4,28,1,24,,,15,23,10,690,0.0,0.1
1443,Joaquin Seys,BEL,DF,Club Brugge,Belgian Pro League,20,9.8,882,ND,ND,0,8,493,28,87.7,,,3,0,1,1,,1,11,11,13,0.1,,,19,27,73,67,29,,,20,31,6,765,0.4,0.1
1444,Paik Seung-ho,KOR,MF,Birmingham City,Championship,28,13.3,1195,1.82,78.0,0,8,336,19,84.3,,,4,0,3,3,,3,11,13,14,1.0,,,8,11,57,42,51,,,23,34,14,726,0.8,1.0
1445,Mathis Servais,BEL,MFFW,Mechelen,Belgian Pro League,20,7.9,713,ND,ND,0,9,231,9,81.4,,,10,0,1,1,,1,5,7,7,1.1,,,6,9,31,15,37,,,15,20,10,398,0.4,1.1
1446,Alessandro Sersanti,ITA,MF,Modena,Serie B,23,5.9,533,ND,ND,0,3,97,9,68.0,,,8,0,1,1,,1,8,9,8,0.9,,,8,5,21,20,19,,,14,22,5,238,0.9,0.9
1447,Serginho,POR,MF,Santa Clara,Primeira Liga,25,9.0,808,1.81,77.0,0,13,256,9,78.3,,,9,0,2,0,,2,5,13,11,0.5,,,2,10,31,15,52,,,12,17,8,435,0.6,2.1
1448,Gilberto Sepúlveda,MEX,DF,Guadalajara,Liga MX,26,4.9,445,1.8,78.0,0,5,145,17,83.5,,,0,0,0,0,,0,8,1,4,0.3,,,0,0,4,1,17,,,3,11,2,278,0.1,0.3
1449,Ángel Sepúlveda,MEX,FW,Cruz Azul,Liga MX,34,8.3,744,1.79,73.0,3,5,123,14,69.5,,,9,0,10,4,,7,1,14,16,3.3,,,4,9,8,53,18,,,2,3,2,228,1.9,5.7
1450,Vivaldo Semedo,POR,FW,Watford,Championship,20,4.5,401,1.92,83.0,1,1,64,4,65.3,,,5,0,2,1,,1,0,4,16,2.0,,,1,4,5,12,9,,,4,4,2,131,0.5,2.0
1451,Tatsuki Seko,JPN,MF,Stoke City,Championship,27,8.7,785,1.75,69.0,1,9,260,12,80.8,,,7,0,1,0,,0,8,5,5,0.3,,,3,5,45,7,25,,,12,20,8,467,0.5,0.3
1452,Jacopo Segre,ITA,MF,Palermo,Serie B,28,9.3,837,1.85,79.0,1,10,157,7,83.0,,,7,0,3,2,,2,6,7,9,1.0,,,5,13,20,23,28,,,14,20,9,307,0.7,1.0
1453,Adrian Segecic,AUS,MFFW,Portsmouth,Championship,21,7.0,629,1.73,67.0,0,6,118,5,62.3,,,10,0,3,3,,3,2,10,25,0.8,,,11,7,10,42,23,,,9,11,6,207,1.3,0.8
1454,Ilias Sebaoui,BEL,FWMF,Sint-Truiden,Belgian Pro League,23,12.2,1102,ND,ND,1,11,325,17,75.7,,,21,0,2,1,,1,5,11,39,2.6,,,11,24,47,88,64,,,14,19,6,560,1.0,2.6
1455,Léo Scienza,BRA,MFFW,Southampton,Championship,26,6.6,590,ND,ND,0,3,221,5,70.8,,,13,0,2,2,,2,0,14,24,0.9,,,6,34,27,52,22,,,8,8,2,324,2.3,0.9
1456,Oscar Schwartau,DEN,FWMF,Norwich City,Championship,19,8.0,720,ND,ND,0,10,208,8,82.3,,,13,0,1,1,,1,7,7,13,1.1,,,4,24,14,57,32,,,24,31,14,341,1.1,1.1
1457,Siebe Schrijvers,BEL,MF,OH Leuven,Belgian Pro League,29,9.8,882,1.81,74.0,1,17,200,30,69.9,,,7,2,1,0,,0,7,13,16,0.6,,,18,15,54,24,45,,,26,33,16,478,1.2,0.6
1458,Jorg Schreuders,NED,FW,Groningen,Eredivisie,20,10.3,928,ND,ND,0,12,235,5,82.4,,,15,0,0,0,,0,4,12,24,1.1,,,4,27,30,47,45,,,18,22,13,409,0.8,1.1
1459,Jerdy Schouten,NED,MFDF,PSV Eindhoven,Eredivisie,28,11.3,1019,1.85,72.0,2,14,546,29,91.0,,,9,2,3,1,,1,24,14,15,0.6,,,8,10,68,15,70,,,18,42,12,910,1.1,0.6
1460,Rob Schoofs,BEL,MF,2 Teams,Belgian Pro League,31,9.3,839,1.79,71.0,2,6,287,17,78.9,,,8,2,5,2,,3,8,20,14,1.1,,,8,9,49,30,40,,,11,19,7,499,2.3,1.9
1461,Jeffrey Schlupp,GHA,DFMF,Norwich City,Championship,32,4.7,421,1.78,72.0,1,3,197,21,77.8,,,7,0,1,0,,0,8,5,7,0.2,,,4,14,18,35,17,,,7,15,2,328,0.2,0.2
1462,Andreas Schjelderup,NOR,FWMF,Benfica,Primeira Liga,21,5.1,456,ND,ND,1,3,154,3,72.9,,,1,0,2,1,,1,1,14,11,1.0,,,11,26,20,48,19,,,4,5,3,232,0.9,1.0
1463,Joël Schingtienne,BEL,DF,Venezia,Serie B,22,11.5,1032,ND,ND,1,8,452,41,91.1,,,3,0,1,0,,0,14,6,10,0.2,,,1,17,62,9,51,,,10,24,6,757,0.3,0.2
1464,Nicolás Schiavi,ARG,MF,Carrarese,Serie B,30,8.9,803,ND,ND,0,9,259,14,77.2,,,5,1,5,2,,5,11,12,16,0.6,,,8,10,66,18,38,,,23,34,17,517,0.8,3.0
1465,Guilherme Schettine,BRA,FW,Moreirense,Primeira Liga,29,7.4,667,1.8,76.0,0,4,129,7,74.0,,,19,0,7,7,,7,2,3,26,3.5,,,4,10,16,22,16,,,2,4,1,240,0.1,3.5
1466,Sem Scheperman,NED,MF,Heracles Almelo,Eredivisie,23,6.1,547,ND,ND,1,19,116,23,87.8,,,1,0,1,0,,0,3,3,7,0.4,,,2,0,16,2,20,,,22,25,11,290,0.3,0.4
1467,Aurélien Scheidler,FRA,FW,2 Teams,Belgian Pro League,27,13.4,1210,1.75,65.0,2,4,212,24,55.9,,,11,0,5,3,,3,4,12,37,4.2,,,5,10,24,42,26,,,3,7,1,446,0.9,4.2
1468,Bernardo Schappo,BRA,DF,Estrela,Primeira Liga,26,8.1,731,ND,ND,0,12,233,64,80.5,,,2,2,0,0,,0,10,1,4,0.3,,,3,5,20,2,36,,,19,29,12,522,0.1,0.3
1469,Allahyar Sayyadmanesh,IRN,FWDF,Westerlo,Belgian Pro League,24,6.7,601,1.78,76.0,1,14,157,10,65.5,,,10,0,1,0,,0,4,12,13,0.7,,,13,17,24,59,27,,,11,15,7,311,0.8,0.7
1470,Leo Sauer,SVK,FW,Feyenoord,Eredivisie,19,8.3,748,ND,ND,2,6,226,10,71.2,,,11,0,2,0,,0,2,15,14,1.1,,,12,63,21,87,27,,,9,11,4,318,1.9,1.1
1471,Nikolas Sattlberger,AUT,MF,Genk,Belgian Pro League,21,5.4,482,ND,ND,1,3,138,13,85.1,,,1,0,1,0,,0,5,4,4,0.3,,,4,2,15,6,23,,,9,14,8,252,0.9,0.3
1472,Josh Sargent,USA,FW,Norwich City,Championship,25,14.5,1307,1.8,79.0,2,12,214,23,68.3,,,13,0,7,4,,5,4,13,37,5.0,,,3,24,18,71,36,,,5,9,4,391,2.5,5.8
1473,Killian Sardella,BEL,DF,Anderlecht,Belgian Pro League,23,5.1,461,1.77,70.0,1,12,167,21,69.0,,,0,0,1,0,,0,7,7,13,0.3,,,5,12,12,35,17,,,6,13,3,312,0.5,0.3
1474,Sebastian Santos,MEX,DF,León,Liga MX,22,8.3,748,ND,ND,0,8,235,33,80.4,,,5,0,0,0,,0,4,8,5,0.4,,,11,16,29,30,18,,,24,28,12,485,0.5,0.4
1475,Léo Santos,BRA,DF,Nacional,Primeira Liga,26,10.5,942,1.86,78.0,0,15,238,66,79.4,,,2,1,2,2,,2,13,3,5,0.6,,,0,2,13,1,38,,,8,21,6,504,0.1,0.6
1476,Simone Santoro,ITA,MF,Modena,Serie B,25,11.3,1017,ND,ND,1,13,340,18,82.2,,,2,0,2,1,,1,9,8,13,1.1,,,18,23,78,33,56,,,22,31,12,612,0.8,1.1
1477,Kodai Sano,JPN,MFDF,NEC Nijmegen,Eredivisie,21,12.0,1080,ND,ND,1,16,431,46,84.6,,,17,2,2,1,,1,15,15,14,0.3,,,17,19,74,21,79,,,31,46,20,852,2.1,0.3
1478,Santiago Sandoval,MEX,MFFW,Guadalajara,Liga MX,17,9.9,890,ND,ND,0,0,236,4,80.3,,,14,0,2,2,,2,11,14,39,2.6,,,7,17,20,66,30,,,13,24,8,379,0.7,2.6
1479,Philippe Sandler,NED,DF,NEC Nijmegen,Eredivisie,28,5.6,507,1.88,76.0,1,2,252,27,91.2,,,3,0,2,1,,1,5,4,1,0.6,,,5,8,39,8,25,,,7,12,5,466,0.7,0.6
1480,Dion Sanderson,ENG,DF,Derby County,Championship,25,14.0,1261,1.88,78.0,0,14,294,85,84.5,,,3,1,0,0,,0,14,1,6,0.0,,,1,2,24,0,33,,,17,31,10,669,0.5,0.0
1481,Erick Sánchez,MEX,MF,América,Liga MX,25,10.5,941,1.67,60.0,0,14,285,11,86.0,,,6,1,2,2,,2,5,10,12,1.9,,,13,12,53,31,46,,,15,20,11,483,0.6,1.9
1482,Carlos Sánchez,MEX,DF,Pachuca,Liga MX,23,4.6,417,ND,ND,0,7,170,11,77.4,,,8,0,0,0,,0,2,6,9,0.0,,,6,12,20,22,18,,,7,9,4,315,0.4,0.0
1483,Matisse Samoise,BEL,DF,Gent,Belgian Pro League,23,10.8,970,ND,ND,0,11,345,29,75.4,,,2,0,1,1,,1,13,14,20,0.5,,,8,25,41,83,39,,,20,33,13,748,1.1,0.5
1484,Shurandy Sambo,CUW,DF,Sparta R'dam,Eredivisie,23,9.5,851,1.74,67.0,1,11,235,45,83.3,,,5,0,1,0,,0,5,2,3,0.2,,,2,15,27,19,34,,,20,25,13,486,0.3,0.2
1485,Sebastien Salles-Lamonge,FRA,MF,Atlético,Liga MX,29,15.8,1423,1.7,67.0,3,6,527,10,78.4,,,20,1,6,3,,3,11,34,24,1.1,,,16,21,90,48,98,,,17,28,6,954,3.1,1.1
1486,Nathan Saliba,CAN,MFFW,Anderlecht,Belgian Pro League,20,8.2,740,1.73,64.0,1,12,230,15,75.7,,,6,0,2,1,,1,3,7,17,1.4,,,5,8,54,17,40,,,29,32,14,473,0.8,1.4
1487,Anass Salah-Eddine,MAR,DF,PSV Eindhoven,Eredivisie,23,6.4,574,ND,ND,0,2,265,15,90.5,,,6,2,0,0,,0,7,5,12,0.5,,,5,12,24,29,35,,,18,25,14,457,0.3,0.5
1488,Yassir Salah Rahmouni,NED,MF,Go Ahead Eag,Eredivisie,19,5.0,449,ND,ND,0,5,151,9,86.0,,,0,0,0,0,,0,1,1,5,0.1,,,5,7,21,6,9,,,11,12,8,263,0.1,0.1
1489,Tatsuhiro Sakamoto,JPN,FWMF,Coventry City,Championship,28,10.5,949,ND,ND,2,9,205,9,70.8,,,9,0,6,4,,4,7,13,20,1.8,,,11,18,24,58,40,,,14,21,7,352,2.2,1.8
1490,Isa Sakamoto,JPN,MF,Westerlo,Belgian Pro League,21,12.5,1127,1.73,66.0,3,9,238,2,80.3,,,13,0,6,3,,3,3,16,30,2.9,,,11,27,33,53,51,,,13,16,8,395,1.8,2.9
1491,Koki Saito,JPN,FWMF,QPR,Championship,23,7.1,640,1.7,60.0,1,7,168,4,74.7,,,8,0,2,1,,1,1,10,19,1.1,,,7,22,27,57,34,,,10,11,4,282,1.8,1.1
1492,Borja Sainz,ESP,FW,Porto,Primeira Liga,24,8.1,733,1.91,77.0,2,18,222,2,75.0,,,10,0,5,3,,3,3,9,25,2.6,,,12,23,30,70,38,,,10,13,5,350,0.9,2.6
1493,Allan Saint-Maximin,FRA,FWMF,América,Liga MX,28,7.4,664,1.73,67.0,2,2,371,0,75.7,,,15,0,5,3,,3,0,20,33,0.8,,,32,61,60,96,31,,,2,2,2,443,2.1,0.8
1494,Rafiki Said,COM,FW,Standard Liège,Belgian Pro League,25,11.2,1005,ND,ND,2,10,259,8,73.3,,,14,0,5,3,,3,8,10,38,2.7,,,15,42,25,63,42,,,12,20,10,418,2.0,2.7
1495,Ismael Saibari,MAR,MF,PSV Eindhoven,Eredivisie,24,11.0,990,1.85,75.0,2,16,391,6,83.2,,,18,2,10,8,,8,6,19,37,6.5,,,13,36,54,107,41,,,18,24,12,622,2.9,6.5
1496,Marwan Al Sahafi,KSA,FWDF,Antwerp,Belgian Pro League,21,6.0,537,1.79,68.0,0,1,94,3,82.6,,,4,1,1,1,,1,1,5,19,1.6,,,2,8,5,41,18,,,2,3,2,160,0.6,1.6
1497,Hakim Sahabo,RWA,MF,Standard Liège,Belgian Pro League,20,5.9,535,ND,ND,0,10,143,11,82.7,,,3,1,0,0,,0,6,1,13,0.1,,,3,3,28,0,31,,,12,18,10,298,0.0,0.1
1498,Ibrahim Sadiq,GHA,FW,AZ Alkmaar,2 Comps,25,5.4,483,ND,ND,0,3,111,7,78.8,,,12,0,2,2,,2,2,5,10,1.4,,,5,8,10,33,12,,,6,8,4,212,0.2,1.4
1499,Mujaid Sadick,ESP,DF,Genk,Belgian Pro League,25,13.4,1202,1.8,79.0,0,12,637,75,94.4,,,2,0,1,1,,1,10,1,10,1.4,,,1,7,42,3,47,,,28,38,14,1048,0.0,1.4
1500,Kyriani Sabbe,BEL,DF,Club Brugge,Belgian Pro League,20,6.9,619,ND,ND,0,6,330,21,84.3,,,3,0,0,0,,0,5,7,16,0.2,,,10,14,62,37,38,,,15,20,7,568,0.6,0.2
1501,Gustavo sá,POR,MF,Famalicão,Primeira Liga,20,10.5,949,ND,ND,0,7,334,15,73.5,,,8,1,2,2,,2,6,18,22,1.6,,,12,23,67,58,39,,,10,16,7,500,1.1,1.6
1502,Jorge Ruvalcaba,MEX,FWMF,UNAM,Liga MX,24,14.3,1286,1.8,63.0,3,8,304,2,81.9,,,9,0,8,5,,5,4,20,40,4.3,,,9,41,49,82,32,,,19,23,12,511,3.2,4.3
1503,Raffaele Russo,ITA,MFFW,Avellino,Serie B,26,4.6,415,ND,ND,1,9,111,9,65.7,,,14,0,3,2,,2,2,9,12,1.6,,,5,18,9,33,19,,,8,10,6,218,0.9,1.6
1504,Marcel Ruiz,MEX,MF,Toluca,Liga MX,24,12.6,1136,1.8,65.0,2,16,547,20,84.9,,,9,0,4,2,,2,10,21,17,1.5,,,18,27,101,43,66,,,33,43,18,901,2.0,1.5
1505,Marco Ruggero,ITA,DF,Juve Stabia,Serie B,25,9.6,864,ND,ND,0,6,478,42,87.0,,,1,0,1,1,,1,4,6,7,0.2,,,8,15,33,8,21,,,12,16,7,711,0.6,0.2
1506,Fabio Ruggeri,ITA,DF,Carrarese,Serie B,20,7.6,682,ND,ND,0,14,246,32,84.0,,,1,0,0,0,,0,9,0,7,0.1,,,2,8,38,7,29,,,15,24,8,507,0.0,0.1
1507,Jack Rudoni,ENG,MF,Coventry City,Championship,25,6.0,540,ND,ND,1,6,230,9,76.8,,,11,0,3,2,,2,2,7,25,1.6,,,14,34,50,62,30,,,7,9,6,357,0.9,1.6
1508,Fernando Rubén González,MEX,MF,Guadalajara,Liga MX,31,9.1,820,1.75,71.0,0,7,264,19,86.8,,,1,1,0,0,,0,15,7,14,0.1,,,8,2,53,8,39,,,17,32,13,554,0.8,0.1
1509,Matteo Rover,ITA,DF,Reggiana,Serie B,26,6.3,563,ND,ND,1,4,155,21,67.9,,,6,2,1,0,,0,8,2,6,0.4,,,1,13,10,27,19,,,8,16,7,311,0.2,0.4
1510,Mats Rots,NED,DF,Twente,Eredivisie,19,10.8,972,ND,ND,2,10,372,24,76.6,,,13,2,3,1,,1,15,18,26,0.5,,,16,23,51,59,67,,,28,43,13,730,2.5,0.5
1511,Daan Rots,NED,FW,Twente,Eredivisie,24,7.4,668,1.79,71.0,1,10,203,7,70.2,,,15,0,2,1,,1,1,14,26,1.0,,,11,14,27,71,21,,,19,20,11,339,1.3,1.0
1512,Carlos Rotondi,ARG,DF,Cruz Azul,Liga MX,28,12.6,1134,ND,ND,3,21,321,31,71.1,,,10,0,5,2,,2,2,29,24,2.1,,,34,18,47,101,46,,,32,34,22,678,2.1,2.1
1513,Nils Rossen,NED,MF,Telstar,Eredivisie,19,11.8,1059,ND,ND,0,9,221,19,87.5,,,4,0,1,1,,1,14,5,10,0.5,,,5,7,41,13,66,,,7,21,4,459,0.4,0.5
1514,Franco Rossano,MEX,DFFW,Necaxa,Liga MX,20,10.5,946,ND,ND,1,13,259,10,78.4,,,14,1,1,0,,0,9,5,18,0.6,,,8,24,26,53,53,,,22,31,15,460,1.4,0.6
1515,Kevin Rosero,COL,DFMF,Necaxa,Liga MX,26,16.0,1444,1.78,68.0,2,15,493,30,74.8,,,21,0,4,2,,2,25,27,36,1.3,,,20,53,47,127,91,,,20,45,15,853,1.8,1.3
1516,Kaj de Rooij,NED,FWMF,Zwolle,Eredivisie,24,11.3,1017,ND,ND,3,10,209,7,67.3,,,18,0,8,5,,5,3,11,27,2.0,,,7,32,23,65,40,,,12,15,5,339,4.2,2.0
1517,Bart van Rooij,NED,DF,Twente,Eredivisie,24,11.8,1061,ND,ND,1,16,450,39,78.7,,,3,0,3,2,,2,6,11,12,0.9,,,12,27,67,44,53,,,22,28,13,900,1.1,0.9
1518,Ronald,BRA,FWMF,Swansea City,Championship,24,11.8,1063,1.77,67.0,1,17,279,16,76.2,,,12,0,4,3,,3,4,8,26,1.7,,,11,36,23,94,31,,,14,18,5,485,1.3,1.7
1519,Romulo,BRA,DFMF,UANL,Liga MX,25,14.7,1321,ND,ND,2,15,594,45,91.2,,,6,1,2,0,,0,15,8,4,0.9,,,3,9,74,3,56,,,13,28,6,992,0.7,0.9
1520,Jakob Romsaas,NOR,MF,Charleroi,Belgian Pro League,21,9.5,854,ND,ND,2,4,211,14,82.9,,,8,0,2,0,,0,10,8,17,2.5,,,7,17,26,32,43,,,15,25,10,366,1.4,2.5
1521,Luis Romo,MEX,DFMF,Guadalajara,Liga MX,30,15.8,1422,1.82,84.0,1,17,727,54,83.9,,,9,2,2,1,,1,27,10,21,1.2,,,19,24,116,19,84,,,37,64,22,1278,0.5,1.2
1522,Tuur Rommens,BEL,DF,Westerlo,Belgian Pro League,22,10.1,907,ND,ND,0,12,289,52,72.8,,,6,2,0,0,,0,17,17,22,0.5,,,15,22,52,42,43,,,27,44,17,718,2.1,0.5
1523,Luka Romero,ARG,MF,Cruz Azul,Liga MX,20,8.3,748,1.65,64.0,2,11,243,3,86.5,,,7,0,4,2,,2,2,11,19,2.2,,,3,22,25,43,31,,,19,21,13,383,0.7,2.2
1524,Franco Romero,ARG,MF,Toluca,Liga MX,25,14.6,1312,ND,ND,1,20,435,24,91.5,,,8,1,1,0,,0,8,7,6,0.0,,,4,6,53,6,83,,,34,42,12,895,0.6,0.0
1525,Johan Rojas,COL,MFFW,Necaxa,Liga MX,22,6.7,604,ND,ND,0,6,246,1,78.2,,,8,0,1,1,,1,6,19,14,0.9,,,13,27,34,50,21,,,15,21,9,422,0.7,0.9
1526,Mads Roerslev,DEN,DFMF,Southampton,Championship,26,5.2,470,1.84,75.0,0,9,173,18,71.1,,,4,0,0,0,,0,2,3,2,0.1,,,4,9,20,42,17,,,8,10,5,327,0.3,0.1
1527,Miguel Rodríguez,ESP,FWMF,Utrecht,Eredivisie,22,7.7,691,1.86,72.0,0,11,230,5,72.8,,,18,0,3,3,,3,8,13,21,2.3,,,13,17,20,53,40,,,12,20,7,365,2.0,2.3
1528,Miguel Rodríguez,MEX,FWMF,León,Liga MX,22,4.6,411,ND,ND,0,5,152,5,74.7,,,12,0,0,0,,0,5,3,11,0.4,,,3,10,10,30,15,,,8,13,5,237,0.1,0.4
1529,Lucas Rodríguez,ARG,MFFW,Querétaro,Liga MX,28,13.4,1207,1.68,64.0,4,8,234,3,78.7,,,13,0,6,2,,2,7,25,25,1.7,,,5,22,29,39,49,,,20,27,12,412,2.1,1.7
1530,Kevin Rodríguez,ECU,FWMF,Union SG,Belgian Pro League,25,8.7,783,ND,ND,0,7,219,10,70.5,,,23,0,7,7,,7,1,8,54,4.2,,,1,16,11,80,32,,,12,13,10,359,1.2,4.2
1531,Juan Rodríguez,ECU,MF,Tondela,Primeira Liga,19,7.3,660,ND,ND,0,11,209,13,86.5,,,5,0,0,0,,0,8,3,10,0.0,,,3,5,30,10,43,,,20,28,12,369,0.5,0.0
1532,James Rodríguez,COL,FWMF,León,Liga MX,34,10.9,981,1.8,77.0,2,4,555,4,76.9,,,16,0,5,0,,3,3,30,16,1.1,,,23,11,114,52,38,,,7,10,2,807,3.8,3.4
1533,Charly Rodríguez,MEX,MF,Cruz Azul,Liga MX,28,13.0,1170,1.76,66.0,4,9,646,8,82.6,,,7,0,7,3,,3,6,43,14,1.6,,,43,42,132,89,55,,,16,22,6,1024,4.2,1.6
1534,Brian Rodríguez,URU,FWMF,América,Liga MX,25,11.2,1010,1.78,69.0,4,13,402,1,75.8,,,14,0,11,4,,7,2,32,39,2.6,,,23,45,42,108,42,,,11,13,8,604,2.8,5.0
1535,Luís Carlos Rocha Rodrigues,POR,DF,Santa Clara,Primeira Liga,38,5.0,450,1.86,85.0,0,0,236,21,88.1,,,0,1,0,0,,0,2,0,5,0.1,,,1,1,15,0,15,,,6,8,4,369,0.0,0.1
1536,Nathan Rôdes,BEL,MFFW,Dender,Belgian Pro League,27,8.7,785,1.91,75.0,0,7,195,17,73.0,,,8,1,0,0,,0,4,4,13,0.6,,,6,3,29,24,33,,,12,16,11,420,0.5,0.6
1537,Kaique Rocha,BRA,DF,Casa Pia,Primeira Liga,24,4.6,413,1.93,77.0,0,7,126,25,85.4,,,0,0,1,1,,1,6,0,5,0.3,,,0,1,9,0,16,,,4,10,3,249,0.0,0.3
1538,Aldo Rocha,MEX,MF,Atlas,Liga MX,32,10.3,931,1.65,62.0,2,15,243,20,82.8,,,6,0,2,0,,0,6,5,12,0.0,,,4,2,43,12,46,,,14,20,9,520,0.2,0.0
1539,Jay Robinson,ENG,MFFW,Southampton,Championship,18,6.2,561,ND,ND,1,5,165,3,67.7,,,15,1,3,2,,2,2,6,35,2.6,,,7,20,15,42,21,,,6,8,3,236,0.3,2.6
1540,Jack Robinson,ENG,DF,2 Teams,Championship,31,5.5,493,1.8,69.0,0,5,192,34,86.0,,,0,0,0,0,,0,3,2,1,0.2,,,1,1,15,0,13,,,2,5,1,404,0.3,0.2
1541,Patrick Roberts,ENG,FWMF,Birmingham City,Championship,28,6.6,595,1.67,58.0,2,5,207,3,80.1,,,9,0,3,1,,1,2,19,11,1.5,,,17,25,33,57,32,,,9,11,7,338,2.0,1.5
1542,Ignacio Rivero,URU,MFDF,Cruz Azul,Liga MX,33,9.3,838,1.65,60.0,1,11,249,8,72.7,,,9,0,3,2,,2,2,9,17,1.2,,,10,12,29,59,25,,,10,12,5,441,0.8,1.2
1543,Maxence Rivera,FRA,FW,Heerenveen,Eredivisie,23,10.1,913,1.68,63.0,1,10,309,5,63.0,,,8,0,1,0,,0,5,14,31,1.8,,,25,41,45,127,32,,,16,21,6,461,1.8,1.8
1544,Óscar Rivas,ESP,DF,Vitória,Primeira Liga,25,8.0,720,ND,ND,0,15,280,49,89.8,,,1,0,0,0,,0,11,3,7,0.3,,,4,4,23,2,25,,,3,14,2,529,0.1,0.3
1545,Jesús Rivas,MEX,DFMF,Puebla,Liga MX,22,6.4,577,1.71,62.0,0,6,154,15,74.2,,,6,1,0,0,,0,8,3,4,0.0,,,5,15,26,30,18,,,13,21,5,365,0.2,0.0
1546,Fabio Rispoli,ITA,MF,Catanzaro,Serie B,18,8.1,733,ND,ND,0,8,244,8,88.2,,,6,0,0,0,,0,3,5,6,0.6,,,6,12,24,11,47,,,9,12,5,427,0.2,0.6
1547,Víctor Ríos,MEX,MFDF,Atlas,Liga MX,21,12.2,1099,ND,ND,0,21,217,35,84.8,,,4,0,0,0,,0,13,1,7,0.5,,,0,1,29,11,31,,,26,39,18,497,0.0,0.5
1548,Richard Ríos,COL,MF,Benfica,Primeira Liga,25,10.2,917,1.86,74.0,0,17,422,10,86.1,,,13,1,0,0,,0,7,8,21,2.7,,,9,24,57,29,39,,,20,27,12,650,0.7,2.7
1549,Emil Riis Jakobsen,DEN,FW,Bristol City,Championship,27,10.8,970,1.9,83.0,1,3,175,8,58.5,,,8,0,5,4,,4,2,14,35,3.1,,,5,15,10,75,22,,,5,7,5,327,2.0,3.1
1550,Tomas Rigo,SVK,MF,Stoke City,Championship,23,6.1,553,ND,ND,0,13,180,11,79.2,,,8,0,0,0,,0,4,6,13,0.7,,,1,10,27,13,26,,,12,16,8,324,0.2,0.7
1551,Alessandro Riccio,ITA,DF,Sampdoria,Serie B,23,9.8,884,1.79,75.0,0,16,267,52,82.4,,,0,0,0,0,,0,6,1,10,0.2,,,3,3,20,3,33,,,14,20,10,560,0.0,0.2
1552,Luis Ricardo Reyes,MEX,DFMF,Monterrey,Liga MX,34,6.7,600,1.82,65.0,1,6,273,13,85.7,,,5,0,1,0,,0,4,6,4,0.1,,,4,13,35,37,22,,,4,8,0,466,0.3,0.1
1553,Ricardinho,POR,MFFW,FC Juárez,Liga MX,26,5.5,494,ND,ND,1,5,149,2,78.4,,,8,0,1,0,,0,0,8,24,1.1,,,8,7,19,33,20,,,9,9,7,235,0.6,1.1
1554,Yuri Ribeiro,POR,DF,Blackburn,Championship,28,6.6,596,ND,ND,0,6,165,25,74.2,,,1,0,0,0,,0,5,6,7,0.0,,,5,15,18,29,19,,,15,20,12,417,0.3,0.0
1555,Bryan Reynolds,USA,DF,Westerlo,Belgian Pro League,24,13.8,1243,1.85,75.0,1,8,416,44,75.5,,,5,0,1,0,,0,11,9,24,0.7,,,24,31,83,79,44,,,18,29,11,747,2.4,0.7
1556,Salvador Reyes,MEX,DF,León,Liga MX,27,15.6,1408,1.72,69.0,1,15,474,43,82.0,,,9,0,1,0,,0,6,7,16,0.5,,,13,22,38,72,30,,,24,30,13,847,0.4,0.5
1557,Israel Reyes,MEX,MFDF,América,Liga MX,25,14.5,1308,1.79,73.0,1,13,596,33,86.1,,,3,0,1,0,,0,9,8,9,1.3,,,4,12,72,14,62,,,26,35,15,983,0.6,1.3
1558,Diego Reyes,MEX,DF,Querétaro,Liga MX,32,9.6,860,1.93,67.0,0,23,176,75,80.9,,,1,0,0,0,,0,5,1,4,0.5,,,0,5,21,2,25,,,8,13,7,432,0.0,0.5
1559,Luis Rey,MEX,MFDF,Puebla,Liga MX,22,7.8,702,ND,ND,0,6,265,20,81.4,,,5,0,2,2,,2,12,1,6,0.6,,,2,9,42,8,30,,,19,31,8,500,0.3,0.6
1560,Stije Resink,NED,MF,Groningen,Eredivisie,22,12.0,1080,ND,ND,4,25,360,26,82.1,,,16,1,5,0,,1,10,8,16,1.3,,,9,13,65,19,67,,,27,37,16,702,1.0,2.1
1561,Marco Rente,GER,DF,Groningen,Eredivisie,28,8.4,757,1.84,84.0,2,8,155,43,70.5,,,1,0,4,2,,2,12,16,10,0.8,,,10,12,24,43,28,,,14,26,9,466,1.1,0.8
1562,Francisco Reis Ferreira,POR,DF,Estoril,Primeira Liga,28,5.9,529,1.91,86.0,0,3,154,50,79.8,,,0,0,0,0,,0,13,3,1,0.2,,,1,1,20,2,22,,,17,30,11,329,0.1,0.2
1563,Tobías Reinhart,ARG,MF,Reggiana,Serie B,25,7.5,671,ND,ND,0,9,328,13,84.0,,,4,0,1,1,,1,8,17,9,0.4,,,10,19,50,7,38,,,20,28,13,521,0.8,0.4
1564,Gyan de Regt,NED,FW,Excelsior,Eredivisie,22,10.8,976,ND,ND,1,10,213,11,58.5,,,9,0,3,2,,2,3,19,19,2.1,,,10,40,18,86,34,,,11,14,6,417,2.5,2.1
1565,Youri Regeer,NED,MFDF,Ajax,Eredivisie,21,4.8,428,ND,ND,1,10,178,16,90.1,,,7,0,1,0,,0,7,4,4,0.1,,,1,8,21,13,24,,,15,22,9,354,0.4,0.1
1566,Leonardo Realpe,ECU,DF,Famalicão,Primeira Liga,24,9.6,865,1.86,80.0,0,11,351,63,83.6,,,1,1,1,1,,1,17,0,4,0.6,,,0,3,25,1,47,,,11,28,7,596,0.0,0.6
1567,Givairo Read,NED,DF,Feyenoord,Eredivisie,19,7.7,690,ND,ND,3,10,282,20,79.7,,,7,0,3,0,,0,9,11,12,0.9,,,6,23,26,52,29,,,14,23,6,502,2.0,0.9
1568,Christiaan Ravych,BEL,DF,Cercle Brugge,Belgian Pro League,23,11.6,1044,1.87,71.0,0,18,299,76,86.8,,,1,2,0,0,,0,15,2,15,1.1,,,3,10,46,0,30,,,25,40,17,655,0.6,1.1
1569,Luca Ravanelli,ITA,DF,Monza,Serie B,28,9.5,855,ND,ND,2,14,327,47,90.7,,,2,0,3,1,,1,3,3,1,0.9,,,0,8,44,4,35,,,13,16,10,600,0.9,0.9
1570,Mathias Rasmussen,NOR,MF,Union SG,Belgian Pro League,27,4.7,424,1.8,71.0,1,5,79,8,75.8,,,3,0,2,1,,1,7,10,5,0.3,,,6,1,29,4,25,,,16,23,12,264,0.5,0.3
1571,Filippo Ranocchia,ITA,MF,Palermo,Serie B,24,7.9,710,1.86,76.0,0,6,297,16,78.9,,,7,0,0,0,,0,6,17,8,0.8,,,11,19,47,8,34,,,19,25,9,546,1.0,0.8
1572,Adam Randell,ENG,MF,Bristol City,Championship,24,14.0,1263,ND,ND,1,22,321,25,77.6,,,6,0,1,0,,0,13,10,12,0.5,,,11,10,77,14,65,,,22,35,15,698,0.4,0.5
1573,Kayne Ramsey,ENG,DF,Charlton Ath,Championship,24,11.6,1042,1.79,70.0,0,20,261,46,69.3,,,8,0,0,0,,0,15,3,10,0.3,,,4,18,36,19,41,,,31,46,19,600,0.4,0.3
1574,Sergio Ramos,ESP,DF,Monterrey,Liga MX,39,14.8,1336,1.83,75.0,0,17,765,71,90.0,,,4,2,2,0,,2,19,4,3,0.6,,,2,8,82,4,65,,,13,32,9,1326,0.8,3.0
1575,Paulo Ramírez,MEX,MF,Atlas,Liga MX,22,9.2,829,ND,ND,0,6,223,10,85.6,,,5,0,1,1,,1,8,4,15,0.7,,,0,11,25,8,37,,,15,23,10,424,0.1,0.7
1576,Miguel Ramírez,USA,MF,Puebla,Liga MX,23,6.3,568,ND,ND,0,4,165,3,85.3,,,4,0,0,0,,0,2,7,6,1.3,,,3,9,36,18,37,,,15,17,11,340,0.4,1.3
1577,Jesús Ramírez,VEN,FW,Nacional,Primeira Liga,27,10.5,948,ND,ND,0,5,122,19,67.6,,,22,0,6,3,,6,2,7,19,1.9,,,2,5,15,41,27,,,6,8,5,298,0.2,5.1
1578,Benito Raman,BEL,FW,Mechelen,Belgian Pro League,30,5.1,456,1.72,61.0,2,2,79,1,65.7,,,4,0,3,1,,1,0,7,15,2.1,,,8,9,10,26,10,,,8,8,5,145,1.1,2.1
1579,Antonio Raimondo,ITA,FW,Frosinone,Serie B,21,6.8,615,1.84,71.0,0,7,70,7,68.8,,,5,0,3,3,,3,0,9,13,2.2,,,0,9,7,28,20,,,7,7,7,151,0.9,2.2
1580,Nicolò Radaelli,ITA,DF,Mantova,Serie B,22,8.6,776,ND,ND,1,11,358,12,81.1,,,7,2,1,0,,0,5,15,11,0.6,,,18,27,47,41,40,,,16,21,7,644,0.8,0.6
1581,Teo Quintero,VEN,DF,Sparta R'dam,Eredivisie,26,7.5,675,1.88,80.0,0,20,237,51,83.4,,,4,0,1,1,,1,8,4,8,0.7,,,2,11,47,12,31,,,19,27,11,492,0.1,0.7
1582,Geovany Quenda,POR,FW,Sporting CP,Primeira Liga,18,6.1,548,ND,ND,4,2,227,7,71.0,,,12,0,5,1,,1,4,14,11,1.4,,,7,19,28,58,38,,,7,11,4,342,2.4,1.4
1583,Joshua Quarshie,GER,DF,Southampton,Championship,21,6.0,544,1.96,91.0,0,6,277,36,81.0,,,0,2,0,0,,0,5,0,3,0.2,,,1,6,25,2,23,,,8,13,3,494,0.0,0.2
1584,Niklas Pyyhtiä,FIN,MF,Modena,Serie B,21,5.6,508,ND,ND,0,7,132,4,74.4,,,6,0,0,0,,0,5,16,6,0.5,,,6,4,25,21,20,,,9,14,5,270,1.3,0.5
1585,Raffaele Pucino,ITA,DF,Bari,Serie B,34,5.8,524,1.83,75.0,0,3,220,22,86.2,,,0,0,0,0,,0,8,3,2,0.2,,,3,3,27,2,15,,,9,17,7,396,0.2,0.2
1586,Robin Pröpper,NED,DF,Twente,Eredivisie,31,11.1,997,1.9,78.0,0,19,470,66,84.7,,,1,1,0,0,,0,11,4,4,1.2,,,7,8,60,0,49,,,23,34,13,905,0.1,1.2
1587,Dirk Proper,NED,MF,NEC Nijmegen,Eredivisie,23,7.8,699,ND,ND,0,5,175,12,84.4,,,3,0,2,2,,2,6,7,9,1.0,,,8,6,38,12,21,,,14,20,10,362,0.6,1.0
1588,Isaac Price,NIR,MFFW,West Brom,Championship,21,14.0,1256,ND,ND,2,17,317,13,76.3,,,8,0,7,5,,5,4,24,29,4.4,,,7,30,42,82,44,,,14,18,12,582,1.9,4.4
1589,Nik Prelec,SVN,FWMF,Oxford United,Championship,24,7.9,710,1.86,76.0,0,7,121,16,65.8,,,10,1,1,1,,1,2,7,23,1.1,,,1,10,8,35,17,,,5,7,3,238,0.5,1.1
1590,Adonis Preciado,ECU,FWMF,Tijuana,Liga MX,28,10.9,983,ND,ND,1,11,186,18,68.2,,,8,0,3,1,,2,8,9,27,2.6,,,4,39,15,76,32,,,18,26,11,374,1.3,4.2
1591,Dennis Praet,BEL,MF,Antwerp,Belgian Pro League,31,8.0,724,1.81,78.0,0,9,207,27,75.9,,,2,1,0,0,,0,21,8,3,0.2,,,8,4,43,14,37,,,12,33,4,458,0.3,0.2
1592,Manolo Portanova,ITA,MFFW,Reggiana,Serie B,25,11.5,1036,1.83,75.0,0,15,197,21,75.4,,,12,0,3,3,,3,5,6,30,1.8,,,8,24,23,32,50,,,26,31,15,415,0.7,1.8
1593,Jackson Porozo,ECU,DF,Tijuana,Liga MX,24,17.0,1530,1.92,85.0,0,16,500,95,90.5,,,1,0,2,2,,2,17,1,3,1.6,,,0,5,30,1,40,,,25,42,14,899,0.2,1.6
1594,Boris Popović,SRB,DF,Arouca,Primeira Liga,25,7.0,630,1.89,75.0,0,12,241,51,88.4,,,0,1,1,1,,1,5,1,1,0.7,,,0,1,18,0,11,,,4,9,0,420,0.0,0.7
1595,Bohdan Popov,UKR,FW,Empoli,Serie B,22,5.0,453,1.8,72.0,0,5,53,6,69.0,,,0,0,5,5,,5,1,4,16,2.4,,,0,2,4,22,3,,,2,3,1,121,0.4,2.4
1596,Regan Poole,WAL,DF,Portsmouth,Championship,27,15.0,1350,1.8,70.0,0,18,426,113,81.7,,,5,1,0,0,,0,18,4,13,0.6,,,1,11,32,4,40,,,14,32,9,862,0.3,0.6
1597,Simone Pontisso,ITA,MF,Catanzaro,Serie B,28,9.7,875,1.84,75.0,2,6,400,21,84.4,,,5,0,2,0,,0,7,16,13,0.9,,,12,20,53,20,39,,,12,19,6,750,1.3,0.9
1598,Matthew Pollock,ENG,DF,Watford,Championship,23,9.5,856,ND,ND,0,12,362,70,85.3,,,4,1,0,0,,0,11,0,3,0.3,,,0,4,24,6,30,,,10,21,6,689,0.0,0.3
1599,Ole Pohlmann,GER,FWMF,Rio Ave,Primeira Liga,24,5.7,511,ND,ND,0,5,112,5,83.4,,,6,1,0,0,,0,5,4,9,0.2,,,0,6,8,11,18,,,9,14,6,219,0.3,0.2
1600,Joel Pohjanpalo,FIN,FW,Palermo,Serie B,30,11.9,1068,1.76,70.0,3,9,114,12,60.0,,,9,0,7,4,,4,0,11,27,3.1,,,5,4,15,37,11,,,5,5,4,283,0.9,3.1
1601,Przemysław Płacheta,POL,MFFW,Oxford United,Championship,27,6.6,593,1.78,72.0,1,4,173,9,71.0,,,6,1,3,2,,2,1,8,18,1.5,,,4,18,10,52,28,,,4,5,3,296,1.3,1.5
1602,Ewoud Pletinckx,BEL,DF,OH Leuven,Belgian Pro League,24,14.0,1260,1.9,82.0,0,15,360,79,78.2,,,2,0,3,3,,3,14,5,9,1.1,,,3,6,35,10,21,,,21,35,13,792,0.4,1.1
1603,Rodolfo Pizarro,MEX,MFFW,FC Juárez,Liga MX,31,12.7,1147,1.75,66.0,1,11,367,5,77.3,,,32,0,4,3,,3,2,18,32,1.4,,,17,42,63,62,57,,,13,15,8,572,1.5,1.4
1604,Kevin Piscopo,ITA,DFMF,Juve Stabia,Serie B,27,5.4,488,ND,ND,0,8,122,6,71.6,,,10,1,0,0,,0,2,7,15,1.2,,,6,6,8,40,18,,,7,9,4,237,0.5,1.2
1605,Gonzalo Piovi,ARG,DF,Cruz Azul,Liga MX,30,12.0,1076,1.8,72.0,2,11,607,60,80.4,,,4,2,2,0,,0,18,12,9,0.7,,,16,30,99,17,58,,,30,48,14,1027,0.7,0.7
1606,Ivo Pinto,POR,DF,Fortuna Sittard,Eredivisie,35,7.8,698,1.84,73.0,2,9,254,24,74.4,,,7,0,2,0,,0,2,10,11,0.0,,,16,20,28,47,48,,,15,17,9,510,0.7,0.0
1607,Dinis Pinto,POR,DF,Moreirense,Primeira Liga,24,10.9,984,ND,ND,5,17,273,54,78.9,,,6,0,5,0,,0,13,12,13,0.2,,,8,18,31,39,30,,,26,39,15,626,2.1,0.2
1608,Rodrigo Pinheiro,POR,DF,Famalicão,Primeira Liga,22,11.0,990,ND,ND,1,7,265,43,74.3,,,2,0,2,1,,1,9,11,13,0.3,,,13,23,49,37,44,,,26,35,15,589,0.9,0.3
1609,Nicola Pietrangeli,ITA,DF,Südtirol,Serie B,25,6.0,540,ND,ND,0,8,42,39,64.4,,,1,0,0,0,,0,7,0,1,0.4,,,1,0,14,3,11,,,6,13,4,196,0.0,0.4
1610,Niccolò Pierozzi,ITA,DF,Palermo,Serie B,23,10.7,967,ND,ND,2,9,231,37,70.5,,,6,1,6,4,,4,7,9,17,1.3,,,10,7,19,31,32,,,22,29,14,513,1.4,1.3
1611,Arthur Piedfort,BEL,MFDF,Westerlo,Belgian Pro League,20,9.6,866,ND,ND,0,9,298,18,86.0,,,3,1,1,1,,1,12,10,9,0.2,,,7,13,39,15,46,,,26,38,14,545,0.4,0.2
1612,Jaden Philogene Bidace,ENG,FW,Ipswich Town,Championship,23,9.3,836,1.74,64.0,0,13,256,7,71.5,,,12,0,6,6,,6,8,12,39,1.8,,,9,20,35,77,44,,,16,24,9,435,0.9,1.8
1613,Nathaniel Phillips,ENG,DF,West Brom,Championship,28,15.0,1350,1.9,84.0,0,12,635,115,84.9,,,2,0,1,1,,1,16,4,5,1.5,,,1,2,28,3,65,,,19,35,15,1203,0.5,1.5
1614,Ashley Phillips,WAL,DF,Stoke City,Championship,20,8.7,782,ND,ND,0,14,254,82,84.5,,,0,1,0,0,,0,9,2,11,0.4,,,0,3,14,1,14,,,5,14,3,514,0.1,0.4
1615,Yan Phillipe,BRA,FW,Atlético,Liga MX,21,5.8,520,ND,ND,0,3,144,0,77.0,,,4,0,0,0,,0,2,4,18,1.5,,,5,16,15,42,14,,,4,6,2,211,0.9,1.5
1616,Patrick Pflücke,GER,DFFW,2 Teams,Belgian Pro League,28,10.5,945,1.7,67.0,3,12,261,15,66.1,,,6,1,6,3,,3,2,17,15,1.9,,,12,24,34,61,31,,,10,12,7,479,3.3,1.9
1617,Jérémy Pétris,FRA,DFMF,2 Teams,2 Comps,27,8.7,785,ND,ND,0,6,237,27,70.9,,,4,0,0,0,,0,9,9,15,0.0,,,10,16,31,36,38,,,9,18,7,456,0.7,0.0
1618,Jacopo Petriccione,ITA,MF,Catanzaro,Serie B,30,5.7,510,1.76,68.0,0,10,232,10,89.9,,,4,0,0,0,,0,5,5,3,0.2,,,5,2,39,5,20,,,8,13,5,406,0.2,0.2
1619,Francisco Petrasso,ARG,DF,Rio Ave,Primeira Liga,23,6.5,589,ND,ND,0,5,164,46,83.8,,,0,0,0,0,,0,1,0,2,0.1,,,0,0,14,0,17,,,11,12,6,340,0.0,0.1
1620,Kristoffer Peterson,SWE,FWMF,Fortuna Sittard,Eredivisie,30,6.7,604,1.85,70.0,1,3,168,6,69.1,,,5,0,1,0,,0,3,8,11,1.5,,,6,38,17,43,25,,,5,8,1,281,0.5,1.5
1621,Matteo Pessina,ITA,MF,Monza,Serie B,28,7.6,680,1.83,75.0,0,9,260,13,86.9,,,7,1,0,0,,0,7,8,7,0.5,,,6,11,36,13,41,,,13,20,6,479,0.3,0.5
1622,Marco Perrotta,ITA,DF,Padova,Serie B,31,10.3,926,ND,ND,0,9,419,63,86.1,,,1,2,1,1,,1,13,1,2,0.1,,,0,13,42,1,19,,,18,31,8,738,0.1,0.1
1623,Jonathan Perlaza,ECU,DFMF,Querétaro,Liga MX,27,8.0,721,ND,ND,1,6,190,23,72.8,,,6,0,2,1,,1,0,8,6,0.5,,,9,8,18,52,30,,,12,12,7,379,0.9,0.5
1624,Ivan Perišić,CRO,FW,PSV Eindhoven,Eredivisie,36,9.9,889,1.87,79.0,5,13,295,15,75.0,,,3,0,6,1,,1,7,19,10,2.4,,,15,44,29,78,31,,,17,24,11,559,2.7,2.4
1625,Pavel Pérez,MEX,MFFW,Necaxa,Liga MX,27,7.9,711,1.68,65.0,0,8,214,5,67.3,,,15,0,2,2,,2,7,24,23,1.7,,,9,28,31,49,46,,,20,27,16,399,1.6,1.7
1626,Kike Pérez,ESP,MFFW,Venezia,Serie B,28,8.6,772,1.84,78.0,4,8,457,5,81.6,,,10,0,5,1,,1,4,27,11,0.9,,,18,33,81,49,45,,,7,11,3,740,2.6,0.9
1627,Sebastián Pérez Cardona,COL,MF,Casa Pia,Primeira Liga,32,6.9,617,1.75,74.0,0,6,189,13,82.6,,,1,0,0,0,,0,3,2,6,0.1,,,0,2,33,4,21,,,21,24,16,346,0.1,0.1
1628,Sebastián Pérez Bouquet,MEX,MF,Atlético,Liga MX,22,7.4,664,1.65,57.0,2,3,162,2,83.0,,,7,0,4,2,,2,4,9,24,1.0,,,3,14,32,29,37,,,8,12,4,300,1.2,1.0
1629,Ricardo Pereira,POR,DF,Leicester City,Championship,31,7.0,629,1.75,70.0,0,9,236,31,84.6,,,7,0,2,2,,2,6,11,1,1.3,,,3,6,31,19,38,,,17,23,11,581,0.6,1.3
1630,Matheus Pereira,BRA,MFFW,Santa Clara,Primeira Liga,24,8.0,720,ND,ND,1,5,222,18,65.9,,,11,0,1,0,,0,10,8,18,0.8,,,4,15,26,44,31,,,18,28,13,408,0.8,0.8
1631,Federico Pereira,URU,DF,Toluca,Liga MX,25,14.5,1303,ND,ND,0,12,592,93,89.6,,,2,0,1,1,,1,28,7,3,1.4,,,0,3,40,5,51,,,21,49,12,1082,0.2,1.4
1632,Brayann Pereira,FRA,DF,NEC Nijmegen,Eredivisie,22,6.9,622,1.72,60.0,0,7,240,25,83.4,,,3,2,0,0,,0,7,4,10,0.0,,,5,19,31,13,34,,,16,23,12,473,0.9,0.0
1633,Pepê,BRA,FW,Porto,Primeira Liga,28,7.6,687,1.75,68.0,2,11,194,2,65.3,,,10,0,4,2,,2,5,19,14,2.0,,,17,18,35,66,44,,,8,13,5,344,2.0,2.0
1634,Alexandre Penetra,POR,DF,AZ Alkmaar,2 Comps,23,13.0,1171,ND,ND,0,14,541,73,92.4,,,0,0,1,1,,1,13,3,4,1.0,,,1,5,57,3,47,,,11,24,9,960,0.1,1.0
1635,Jordan Pefok,USA,FW,2 Teams,2 Comps,29,6.2,557,1.9,90.0,0,4,45,8,72.2,,,1,0,0,0,,0,2,2,11,1.0,,,0,1,4,13,9,,,1,2,2,102,0.1,1.0
1636,Marvin Peersman,BEL,DF,Groningen,Eredivisie,34,11.8,1066,1.84,69.0,0,5,367,41,77.5,,,3,0,1,1,,1,11,12,18,1.1,,,13,18,61,46,57,,,17,28,12,758,0.9,1.1
1637,João Pedro,ITA,FW,Atlético,Liga MX,33,16.7,1499,1.84,73.0,0,6,199,11,70.0,,,14,0,12,8,,12,2,10,43,5.4,,,7,17,21,59,28,,,2,4,1,401,1.2,8.6
1638,Pedro Pedraza,MEX,MF,Pachuca,Liga MX,25,9.5,853,1.81,62.0,0,8,154,18,90.3,,,4,0,0,0,,0,10,3,6,0.0,,,1,4,23,9,34,,,19,29,10,389,0.1,0.0
1639,Patryk Peda,POL,DF,Palermo,Serie B,23,6.8,610,ND,ND,0,7,199,38,78.0,,,1,0,0,0,,0,4,0,2,0.5,,,3,5,18,5,14,,,12,16,6,392,0.0,0.5
1640,Sydie Peck,ENG,MF,Sheffield Utd,Championship,20,14.7,1322,ND,ND,0,12,480,36,78.6,,,14,2,0,0,,0,14,11,24,2.9,,,9,19,90,21,81,,,34,48,22,1010,1.0,2.9
1641,Ben Pearson,ENG,MF,Stoke City,Championship,30,5.8,521,1.76,72.0,0,5,113,16,85.5,,,2,1,0,0,,0,2,1,3,0.0,,,1,2,22,2,21,,,11,13,7,264,0.0,0.0
1642,Deron Payne,TRI,DF,Volendam,Eredivisie,22,6.7,605,ND,ND,0,15,180,19,80.9,,,2,0,0,0,,0,9,3,7,0.1,,,2,11,16,35,27,,,14,23,8,359,0.1,0.1
1643,Vangelis Pavlidis,GRE,FW,Benfica,Primeira Liga,26,10.1,907,1.86,81.0,3,2,151,6,64.5,,,15,0,12,3,,9,0,9,11,4.5,,,7,9,22,56,23,,,9,9,4,294,1.3,9.2
1644,Paulinho,POR,FW,Toluca,Liga MX,32,11.0,988,1.87,80.0,2,5,142,6,71.4,,,2,0,14,11,,12,1,13,25,8.6,,,11,12,23,61,10,,,6,7,3,282,1.5,9.4
1645,Wilguens Paugain,HAI,DFMF,Zulte Waregem,Belgian Pro League,23,7.5,673,ND,ND,0,5,198,25,76.1,,,4,0,0,0,,0,16,1,13,0.3,,,5,12,25,32,17,,,21,37,14,436,0.0,0.3
1646,Maxime Pau,FRA,MFFW,La Louvière,Belgian Pro League,25,5.7,515,ND,ND,0,5,113,2,57.4,,,6,0,1,1,,1,3,14,10,0.7,,,10,8,22,41,31,,,10,13,7,253,1.2,0.7
1647,Louis Patris,BEL,DF,2 Teams,Belgian Pro League,24,8.2,742,1.87,75.0,2,9,271,25,67.5,,,6,0,2,0,,0,12,16,15,0.6,,,23,22,38,54,32,,,36,48,20,540,1.8,0.6
1648,Luan Patrick,BRA,DF,Estrela,Primeira Liga,23,10.6,953,1.9,75.0,0,14,332,67,85.1,,,0,0,0,0,,0,8,0,4,0.0,,,1,5,36,2,39,,,12,20,11,663,0.0,0.0
1649,Weslley Patati,BRA,FW,AZ Alkmaar,2 Comps,21,8.5,767,1.67,60.0,2,12,224,4,75.8,,,17,0,4,2,,2,2,13,28,2.9,,,8,25,27,64,34,,,17,19,9,384,1.5,2.9
1650,Maksim Paskotši,EST,DF,Gent,Belgian Pro League,22,10.7,962,1.8,70.0,1,18,483,70,91.0,,,1,0,2,1,,1,12,1,9,0.3,,,0,4,30,2,34,,,7,19,5,836,0.8,0.3
1651,Troy Parrott,IRL,FW,AZ Alkmaar,2 Comps,23,6.9,617,1.85,79.0,0,6,126,3,72.4,,,10,0,6,4,,6,2,7,18,3.0,,,4,11,17,40,17,,,11,13,5,233,1.0,6.1
1652,Bernardo Parra,MEX,MF,UANL,Liga MX,20,5.9,531,ND,ND,1,8,179,10,91.7,,,3,0,1,0,,0,5,5,3,0.1,,,0,1,19,3,23,,,7,12,5,316,0.1,0.1
1653,Luca Parodi,ITA,DF,Virtus Entella,Serie B,30,10.8,974,ND,ND,0,12,330,38,80.3,,,7,0,0,0,,0,8,6,7,0.1,,,10,16,56,20,23,,,7,15,5,641,0.5,0.1
1654,Tiago Parente,POR,MFDF,Estoril,Primeira Liga,21,4.5,405,ND,ND,0,6,100,14,78.3,,,0,0,1,1,,1,3,1,6,0.7,,,4,3,16,22,14,,,8,11,7,226,0.0,0.7
1655,José Paradela,ARG,MF,Cruz Azul,Liga MX,26,14.9,1337,ND,ND,5,8,468,6,73.9,,,25,0,8,3,,3,8,21,31,1.6,,,24,28,67,68,68,,,26,34,15,773,2.5,1.6
1656,Andrea Papetti,ITA,DF,Reggiana,Serie B,23,11.5,1035,ND,ND,0,18,375,53,82.2,,,3,1,0,0,,0,14,2,15,0.0,,,1,9,19,6,36,,,15,29,8,670,0.0,0.0
1657,Jonathan Panzo,ENG,DF,Rio Ave,Primeira Liga,24,8.0,716,1.85,70.0,0,18,292,74,91.7,,,2,0,0,0,,0,15,1,6,0.1,,,0,4,13,1,25,,,15,30,9,538,0.0,0.1
1658,Martin Palumbo,NOR,MF,Avellino,Serie B,23,4.8,428,1.83,74.0,0,13,146,20,76.7,,,0,0,1,1,,1,5,3,2,0.3,,,3,5,16,2,20,,,3,8,2,316,0.2,0.3
1659,Antonio Palumbo,ITA,MF,Palermo,Serie B,28,6.6,598,1.82,73.0,1,9,207,2,70.6,,,10,0,1,0,,0,5,22,11,0.6,,,21,15,39,29,40,,,6,11,1,376,2.7,0.6
1660,Luca Palmiero,ITA,MF,Avellino,Serie B,29,7.2,651,ND,ND,0,12,256,11,88.1,,,3,1,0,0,,0,11,3,6,0.2,,,3,3,40,7,51,,,26,37,14,534,0.1,0.2
1661,Liam Palmer,SCO,DF,Sheffield Weds,Championship,33,14.3,1285,1.8,72.0,0,9,291,45,72.2,,,4,0,0,0,,0,13,6,4,1.0,,,11,18,43,28,56,,,21,34,14,667,0.2,1.0
1662,Agustín Palavecino,ARG,MFFW,Necaxa,Liga MX,28,15.6,1403,1.8,73.0,2,21,728,6,73.0,,,30,0,4,1,,2,17,53,31,2.0,,,37,48,191,71,108,,,38,55,15,1268,3.5,2.8
1663,Kevin Palacios,COL,MFFW,Santos,Liga MX,25,9.4,846,ND,ND,1,12,231,7,75.2,,,16,0,3,2,,2,7,5,33,1.7,,,7,30,15,57,40,,,16,23,10,363,0.5,1.7
1664,Riccardo Pagano,ITA,MF,Bari,Serie B,20,5.4,487,ND,ND,1,5,149,8,80.9,,,2,0,1,0,,0,1,5,10,0.9,,,1,20,11,19,24,,,9,10,5,246,0.2,0.9
1665,Marlon Pack,ENG,MF,Portsmouth,Championship,34,6.8,615,1.88,74.0,0,2,274,25,80.5,,,4,1,1,1,,1,1,9,5,0.6,,,6,8,40,5,33,,,5,6,5,540,1.0,0.6
1666,Rodrigo Pachuca,MEX,DF,Puebla,Liga MX,20,7.6,684,1.9,75.0,1,5,227,27,88.0,,,2,1,1,0,,0,10,3,5,0.1,,,0,7,32,5,22,,,16,26,5,447,0.4,0.1
1667,Pablo,BRA,FW,Gil Vicente FC,Primeira Liga,21,9.3,838,ND,ND,1,10,146,10,68.8,,,11,0,9,6,,8,4,13,23,2.8,,,6,4,12,26,21,,,10,14,5,248,0.8,5.1
1668,Pablo,BRA,FWMF,Nacional,Primeira Liga,22,4.8,429,ND,ND,0,9,69,3,53.0,,,5,0,0,0,,0,3,7,9,0.6,,,4,7,6,26,10,,,3,6,2,149,0.7,0.6
1669,Sondre Ørjasæter,NOR,FW,Twente,Eredivisie,21,6.8,612,ND,ND,2,9,243,1,72.2,,,14,0,2,0,,0,1,18,18,0.9,,,11,56,27,85,30,,,3,4,2,344,1.7,0.9
1670,David Ozoh,ENG,MF,Derby County,Championship,20,8.3,747,ND,ND,0,13,187,6,88.4,,,9,0,1,1,,1,8,2,18,0.2,,,4,13,19,12,52,,,18,26,12,377,0.1,0.2
1671,Anthony Oyono,GAB,DF,Frosinone,Serie B,24,9.6,867,1.76,71.0,1,8,224,23,85.9,,,4,1,1,0,,0,10,14,15,0.4,,,11,26,46,23,42,,,18,28,12,452,1.7,0.4
1672,Tyrone Owusu,NED,MF,Telstar,Eredivisie,26,7.1,640,ND,ND,0,1,200,0,82.9,,,12,1,2,2,,2,6,6,11,0.7,,,4,13,34,27,33,,,8,14,4,311,1.0,0.7
1673,Joris van Overeem,NED,MFDF,Heerenveen,Eredivisie,31,12.0,1077,1.81,71.0,1,11,501,37,79.7,,,7,1,1,0,,0,15,14,21,0.6,,,16,20,103,31,89,,,17,32,11,834,1.0,0.6
1674,Thomas Ouwejan,NED,DF,NEC Nijmegen,Eredivisie,28,4.9,442,1.83,69.0,2,4,100,11,71.5,,,2,0,3,1,,1,3,11,6,0.3,,,5,7,16,10,5,,,10,13,6,252,1.3,0.3
1675,Aiham Ousou,SYR,DF,Charleroi,Belgian Pro League,25,12.7,1143,1.86,86.0,0,19,464,83,86.1,,,5,0,1,1,,1,13,2,4,0.6,,,1,14,43,3,48,,,19,32,10,760,0.1,0.6
1676,Ayoub Oufkir,NED,FW,Sparta R'dam,Eredivisie,19,6.0,542,ND,ND,2,5,164,9,67.3,,,7,0,3,1,,1,3,7,25,2.1,,,6,28,14,58,18,,,7,10,5,255,1.8,2.1
1677,Amine El Ouazzani,MAR,FW,Braga,Primeira Liga,24,5.3,474,1.8,75.0,0,0,64,1,80.2,,,8,0,2,1,,2,1,7,9,1.2,,,1,1,6,18,13,,,2,3,1,114,0.4,2.0
1678,Sami Ouaissa,NED,FWDF,NEC Nijmegen,Eredivisie,20,11.2,1010,ND,ND,1,4,320,10,73.7,,,13,0,3,2,,2,6,14,37,1.6,,,19,36,41,119,49,,,14,20,10,522,1.2,1.6
1679,Zakaria El Ouahdi,MAR,DF,Genk,Belgian Pro League,23,8.6,772,ND,ND,1,9,288,22,87.0,,,5,0,5,4,,4,9,14,8,1.4,,,10,20,39,51,41,,,10,19,4,506,1.6,1.4
1680,Nicolás Otamendi,ARG,DF,Benfica,Primeira Liga,37,10.0,900,1.83,82.0,0,11,527,66,90.8,,,3,4,1,1,,1,15,4,7,0.5,,,4,9,62,6,29,,,15,30,10,859,0.1,0.5
1681,Milutin Osmajić,MNE,FW,Preston,Championship,26,8.6,773,ND,ND,0,6,94,5,69.7,,,6,0,4,3,,4,1,2,25,3.4,,,3,7,6,29,7,,,5,6,4,167,0.3,4.2
1682,Bright Osayi-Samuel,NGA,DF,Birmingham City,Championship,27,7.4,663,1.75,68.0,0,4,168,15,77.2,,,5,0,0,0,,0,10,2,13,0.3,,,3,16,13,36,28,,,4,14,3,384,0.2,0.3
1683,Haret Ortega,MEX,DF,Santos,Liga MX,25,11.4,1022,1.9,77.0,0,19,268,78,78.9,,,2,0,1,1,,1,15,4,3,0.8,,,0,2,16,1,20,,,21,36,13,565,0.4,0.8
1684,Jesús Orozco,MEX,DF,Cruz Azul,Liga MX,23,8.8,791,1.89,76.0,1,11,314,41,85.8,,,2,1,2,1,,1,9,3,3,1.6,,,3,13,35,4,32,,,20,29,17,522,0.4,1.6
1685,Efraín Orona,MEX,DF,Puebla,Liga MX,26,8.1,733,1.81,68.0,0,7,202,34,80.7,,,1,0,0,0,,0,2,6,3,0.8,,,4,12,30,8,17,,,11,13,6,441,0.2,0.8
1686,Alejandro Organista,MEX,MFDF,Puebla,Liga MX,25,13.8,1244,1.69,53.0,1,8,366,11,83.2,,,8,0,2,1,,1,10,21,18,1.2,,,10,29,68,44,56,,,31,41,23,718,1.7,1.2
1687,Joel Ordóñez,ECU,DF,Club Brugge,Belgian Pro League,21,7.8,703,ND,ND,0,9,385,27,91.9,,,3,1,1,1,,1,5,1,9,0.8,,,2,2,33,0,14,,,6,11,4,604,0.3,0.8
1688,Joseph Opoku,GHA,FWMF,Zulte Waregem,Belgian Pro League,19,12.7,1145,ND,ND,4,9,299,8,76.9,,,20,0,5,1,,1,7,19,38,2.1,,,14,38,33,115,46,,,7,14,5,456,2.8,2.1
1689,Thijs Oosting,NED,MF,Zwolle,Eredivisie,25,10.5,949,1.76,72.0,1,6,201,30,66.5,,,3,0,2,1,,1,10,11,16,1.8,,,7,14,32,39,28,,,20,30,12,443,1.5,1.8
1690,Raphael Onyedika,NGA,MF,Club Brugge,Belgian Pro League,24,6.3,568,ND,ND,0,7,288,12,90.5,,,6,2,0,0,,0,6,2,6,0.7,,,3,2,41,8,42,,,17,23,12,452,0.0,0.7
1691,Basar Onal,TUR,FWMF,NEC Nijmegen,Eredivisie,21,5.8,521,ND,ND,3,3,188,5,68.3,,,7,0,5,2,,2,4,10,19,0.9,,,12,26,17,67,36,,,13,17,9,289,1.2,0.9
1692,Samu Omorodion,ESP,FW,Porto,Primeira Liga,21,6.9,624,ND,ND,1,2,107,1,72.1,,,10,0,7,4,,6,2,3,18,3.4,,,4,13,10,44,15,,,0,2,0,174,0.1,4.9
1693,Takuma Ominami,JPN,DF,OH Leuven,Belgian Pro League,27,10.5,945,1.84,76.0,0,8,304,35,86.9,,,1,2,0,0,,0,6,2,9,0.8,,,1,7,42,8,25,,,15,21,11,552,0.6,0.8
1694,Giacomo Olzer,ITA,MFFW,Pescara,Serie B,24,5.5,499,1.88,76.0,0,5,157,6,72.2,,,18,0,3,3,,3,2,6,20,1.2,,,3,14,14,33,17,,,9,11,6,261,0.3,1.2
1695,Agustín Oliveros,URU,DF,Necaxa,Liga MX,26,6.9,618,1.85,80.0,0,4,235,19,88.7,,,1,0,0,0,,0,3,1,2,0.7,,,2,7,26,1,12,,,2,5,1,401,0.0,0.7
1696,Andrea Oliveri,ITA,DFMF,Pescara,Serie B,22,7.5,678,ND,ND,0,9,181,13,84.3,,,6,2,3,3,,3,7,3,17,1.1,,,2,16,16,26,24,,,15,22,8,348,0.1,1.1
1697,Lucas Oliveira Rosa,BRA,DF,Ajax,Eredivisie,25,7.4,667,1.76,68.0,0,10,318,32,86.2,,,2,1,0,0,,0,12,2,7,0.3,,,1,11,30,24,23,,,13,25,9,582,0.1,0.3
1698,Nélson Oliveira,POR,FW,Vitória,Primeira Liga,33,7.1,636,1.86,79.0,0,2,93,1,85.0,,,15,0,2,2,,2,0,2,21,1.1,,,2,2,11,29,14,,,1,1,1,165,0.1,1.9
1699,Yllan Okou,FRA,DF,La Louvière,Belgian Pro League,22,8.1,733,1.8,65.0,0,9,158,85,72.2,,,3,0,0,0,,0,12,2,5,0.2,,,1,6,12,3,25,,,4,16,3,393,0.1,0.2
1700,Caleb Okoli,ITA,DF,Leicester City,Championship,24,8.9,803,1.91,91.0,0,12,378,69,81.7,,,3,1,0,0,,0,17,4,7,0.6,,,1,3,36,2,32,,,14,31,12,680,0.3,0.6
1701,Yuki Ohashi,JPN,FW,Blackburn,Championship,29,11.2,1011,1.78,72.0,1,10,206,16,68.2,,,16,0,5,3,,4,2,5,31,5.0,,,6,18,26,71,37,,,15,17,8,370,0.8,5.7
1702,Connor Ogilvie,ENG,DF,Portsmouth,Championship,29,11.6,1044,1.82,75.0,0,12,225,37,66.5,,,0,0,0,0,,0,12,4,11,0.7,,,8,21,56,28,28,,,20,32,10,647,0.1,0.7
1703,Chiedozie Ogbene,IRL,DFFW,2 Teams,Championship,28,9.2,824,1.77,71.0,1,7,224,13,71.3,,,8,0,1,0,,0,1,15,27,0.1,,,15,39,17,69,46,,,12,13,10,400,1.5,0.1
1704,Koki Ogawa,JPN,FW,NEC Nijmegen,Eredivisie,27,7.0,631,1.86,78.0,1,2,98,3,68.9,,,7,1,5,4,,4,2,11,16,3.1,,,2,2,10,38,11,,,6,8,4,170,1.2,3.1
1705,Odeluga Offiah,ENG,DFFW,Preston,Championship,22,6.4,574,1.81,77.0,0,1,139,19,77.9,,,12,0,0,0,,0,3,3,7,0.0,,,2,10,10,18,26,,,20,23,14,258,0.2,0.0
1706,Guus Offerhaus,NED,DFMF,Telstar,Eredivisie,24,12.0,1080,ND,ND,2,14,355,61,81.1,,,9,3,2,0,,0,10,18,15,0.2,,,3,12,44,8,59,,,16,26,7,669,1.9,0.2
1707,Aurelio Oehlers,NED,FW,Volendam,Eredivisie,21,7.1,643,ND,ND,0,3,167,8,66.3,,,15,0,2,2,,2,3,3,11,0.5,,,11,40,10,60,21,,,2,5,1,230,0.4,0.5
1708,Raphael Odogwu,NGA,FW,Südtirol,Serie B,34,7.0,630,ND,ND,2,5,137,9,58.8,,,11,1,3,1,,1,2,13,39,1.4,,,1,4,5,44,10,,,6,8,5,245,1.2,1.4
1709,Alberto Ocejo,MEX,FW,Santos,Liga MX,27,7.7,692,1.8,70.0,2,5,85,12,62.2,,,10,0,5,3,,3,1,5,22,2.9,,,2,5,4,17,15,,,6,7,5,214,1.7,3.7
1710,Lucas Ocampos,ARG,FWMF,Monterrey,Liga MX,31,10.1,906,1.87,84.0,6,12,380,4,74.5,,,18,1,11,4,,5,6,13,29,3.2,,,23,23,43,96,32,,,18,24,10,589,2.0,4.0
1711,Pedro Obiang,EQG,MF,Monza,Serie B,33,10.6,953,1.85,75.0,1,12,337,15,88.3,,,6,1,1,0,,0,5,4,10,1.0,,,4,6,69,21,47,,,24,29,14,689,1.0,1.0
1712,Dara O'Shea,IRL,DF,Ipswich Town,Championship,26,14.0,1260,1.83,75.0,1,11,646,85,83.5,,,1,2,2,1,,1,6,8,8,0.9,,,2,8,51,2,48,,,3,9,2,1082,0.9,0.9
1713,Callum O'Hare,ENG,MF,Sheffield Utd,Championship,27,14.3,1290,1.78,70.0,2,20,376,8,76.7,,,16,0,6,4,,4,10,15,34,3.4,,,16,42,60,80,77,,,27,37,14,707,1.6,3.4
1714,Lewis O'Brien,ENG,MF,Wrexham,Championship,26,12.4,1116,1.73,62.0,2,22,298,13,75.3,,,15,0,5,3,,3,8,18,19,2.8,,,3,20,39,62,60,,,25,33,15,580,2.4,2.8
1715,Mardochee Nzita,BEL,DF,Charleroi,Belgian Pro League,25,11.2,1008,ND,ND,0,20,341,54,67.4,,,2,0,0,0,,0,8,6,13,0.2,,,10,15,48,31,43,,,19,27,14,737,0.8,0.2
1716,Benoit Nyssen,BEL,DF,Zulte Waregem,Belgian Pro League,27,6.5,586,ND,ND,1,5,214,19,77.1,,,3,1,2,1,,1,8,7,6,0.4,,,12,17,35,39,14,,,13,21,4,411,0.8,0.4
1717,Sverre Nypan,NOR,MFFW,Middlesbrough,Championship,18,4.9,438,ND,ND,0,3,140,3,79.5,,,9,0,0,0,,0,2,3,12,0.2,,,2,15,17,22,10,,,10,12,5,224,0.5,0.2
1718,Cedric Nuozzi,BEL,FWMF,Alverca,Primeira Liga,19,6.0,537,1.77,71.0,0,7,119,6,76.0,,,10,0,1,1,,1,1,6,20,0.9,,,0,11,12,28,20,,,6,7,5,205,0.8,0.9
1719,Marcelino Núñez,CHI,MF,2 Teams,Championship,25,5.9,528,ND,ND,2,5,233,3,80.4,,,9,1,4,2,,2,7,21,14,1.6,,,8,15,48,19,30,,,12,19,6,388,1.5,1.6
1720,Andreas Ntoi,GRE,MFDF,Rio Ave,Primeira Liga,22,9.2,824,ND,ND,1,12,227,41,82.5,,,4,1,1,0,,0,6,3,9,0.1,,,0,3,27,2,29,,,10,16,7,440,0.1,0.1
1721,Bruny Nsimba,BEL,FW,Dender,Belgian Pro League,25,8.7,783,1.81,75.0,1,7,150,6,60.0,,,12,0,4,2,,3,2,9,24,2.8,,,6,12,14,43,30,,,11,13,3,273,1.3,3.6
1722,Tyrese Noslin,CUW,DF,Telstar,Eredivisie,22,11.6,1044,ND,ND,0,22,318,42,71.6,,,6,2,1,1,,1,15,7,29,1.3,,,13,29,44,82,50,,,31,46,23,654,1.2,1.3
1723,Rhys Norrington-Davies,WAL,DF,2 Teams,Championship,26,8.3,747,1.7,62.0,0,12,221,23,72.1,,,5,1,0,0,,0,8,5,8,0.1,,,9,19,46,31,30,,,10,18,5,543,0.5,0.1
1724,Casper de Norre,BEL,MF,Millwall,Championship,28,8.4,755,1.75,73.0,1,6,194,19,80.6,,,4,0,1,0,,0,9,5,8,0.6,,,5,6,39,14,36,,,21,30,17,406,0.6,0.6
1725,Kristian Nökkvi Hlynsson,ISL,MF,Twente,Eredivisie,21,10.5,941,ND,ND,2,4,322,6,81.1,,,7,0,5,3,,3,5,14,22,4.8,,,18,25,45,64,37,,,16,21,14,535,1.3,4.8
1726,Tochukwu Nnadi,NGA,MF,Zulte Waregem,Belgian Pro League,22,12.4,1116,ND,ND,0,11,368,37,84.7,,,8,0,0,0,,0,14,4,6,0.1,,,2,6,63,8,73,,,28,42,16,692,0.1,0.1
1727,Ken Nkuba,BEL,DF,Genk,Belgian Pro League,23,5.4,490,1.73,70.0,0,2,223,20,78.6,,,8,0,1,1,,1,5,3,13,0.6,,,6,15,27,49,22,,,18,23,12,434,0.1,0.6
1728,Dimitris Nikolaou,GRE,DF,Bari,Serie B,26,8.8,793,1.78,70.0,0,19,339,46,84.9,,,3,1,0,0,,0,5,2,6,0.1,,,1,5,36,8,38,,,11,16,10,666,0.1,0.1
1729,Ruud Nijstad,NED,DF,Twente,Eredivisie,17,4.5,401,ND,ND,1,5,225,20,89.1,,,0,0,1,0,,0,2,2,1,0.1,,,0,6,20,2,21,,,2,4,1,318,0.6,0.1
1730,Casper Nielsen,DEN,MF,Standard Liège,Belgian Pro League,31,7.8,705,1.79,73.0,0,14,139,11,58.1,,,5,0,1,1,,1,2,3,14,1.0,,,6,3,22,25,29,,,18,20,11,358,0.2,1.0
1731,Bryant Nieling,NED,DF,Modena,Serie B,22,9.2,827,ND,ND,0,7,285,41,81.7,,,1,2,1,1,,1,12,3,4,0.0,,,6,5,33,8,34,,,15,27,6,556,0.1,0.0
1732,Marco Nichetti,ITA,MF,Virtus Entella,Serie B,28,7.5,674,ND,ND,0,8,152,26,72.5,,,2,0,0,0,,0,5,4,4,0.3,,,3,2,20,5,25,,,11,16,6,340,0.3,0.3
1733,Ousseynou Niang,SEN,DF,Union SG,Belgian Pro League,23,12.3,1109,1.68,58.0,2,19,389,15,74.4,,,17,0,4,2,,2,4,6,30,1.5,,,12,60,33,109,71,,,21,25,14,609,0.7,1.5
1734,Sikou Niakaté,MLI,DF,Braga,Primeira Liga,26,4.8,432,1.86,75.0,0,3,235,36,87.5,,,1,0,0,0,,0,5,3,2,1.1,,,2,3,19,1,17,,,5,10,4,399,0.5,1.1
1735,Renato Nhaga,GNB,MF,Casa Pia,Primeira Liga,18,6.9,619,ND,ND,0,8,186,7,77.6,,,7,2,1,1,,1,1,4,12,0.3,,,0,8,23,9,34,,,15,16,14,312,0.1,0.3
1736,Steve Ngoura,FRA,FW,Cercle Brugge,Belgian Pro League,20,10.5,942,ND,ND,2,4,218,8,62.4,,,16,0,6,2,,4,0,10,54,2.3,,,8,25,18,83,31,,,5,5,4,352,1.6,4.6
1737,Jeremy Ngakia,nan,DF,Watford,Championship,24,11.4,1023,1.84,77.0,1,11,305,45,72.9,,,5,2,3,2,,2,13,10,10,1.3,,,10,19,35,39,40,,,39,52,18,688,0.6,1.3
1738,Phil Neumann,GER,DF,Birmingham City,Championship,28,9.7,877,1.78,74.0,0,7,395,62,85.3,,,1,0,1,1,,1,9,0,6,0.3,,,0,9,28,0,29,,,13,22,6,656,0.0,0.3
1739,Darko Nejašmić,CRO,MF,NEC Nijmegen,Eredivisie,26,5.8,519,ND,ND,0,13,190,23,81.0,,,3,0,0,0,,0,4,3,6,0.1,,,1,6,26,4,39,,,16,20,11,387,0.1,0.1
1740,Christian Neiva Afonso,POR,DF,AVS Futebol,Primeira Liga,30,7.0,634,1.81,76.0,0,9,167,23,71.2,,,0,0,0,0,,0,13,6,10,0.2,,,4,8,25,39,29,,,18,31,10,438,0.6,0.2
1741,Camiel Neghli,NED,FWMF,Millwall,Championship,23,8.9,797,ND,ND,0,14,265,13,67.2,,,16,1,2,2,,2,5,7,23,1.2,,,7,24,32,44,40,,,14,19,8,472,0.3,1.2
1742,Joel Ndala,ENG,FWMF,Hull City,Championship,19,4.9,443,ND,ND,0,2,80,4,76.0,,,12,0,1,1,,1,4,1,8,1.5,,,0,10,4,20,15,,,8,12,5,138,0.0,1.5
1743,Flávio Nazinho,POR,DF,Cercle Brugge,Belgian Pro League,22,9.1,819,1.78,72.0,2,12,355,28,69.5,,,14,0,2,0,,0,15,19,15,0.3,,,14,24,51,49,58,,,25,40,16,685,1.8,0.3
1744,Kaiky Naves,BRA,DF,Alverca,Primeira Liga,23,9.5,854,ND,ND,0,14,358,64,83.4,,,0,1,0,0,,0,18,2,4,0.9,,,1,5,31,0,31,,,31,49,18,629,0.3,0.9
1745,Eduardo Navarro,MEX,DF,Puebla,Liga MX,21,6.1,550,ND,ND,0,7,162,18,82.1,,,0,0,0,0,,0,14,2,0,0.0,,,0,0,9,1,13,,,13,27,10,300,0.1,0.0
1746,Noah Naujoks,NED,MF,Excelsior,Eredivisie,23,6.4,573,ND,ND,0,9,109,14,73.9,,,4,0,1,1,,1,13,6,15,1.2,,,2,5,17,20,22,,,12,25,6,275,0.4,1.2
1747,Gerrit Nauber,GER,DF,Go Ahead Eag,Eredivisie,33,8.9,798,1.85,74.0,0,14,342,51,87.7,,,0,1,2,2,,2,5,4,2,1.2,,,1,3,31,2,22,,,4,9,3,584,0.5,1.2
1748,Mohamed Nassoh,NED,MFFW,NAC Breda,Eredivisie,22,9.2,824,ND,ND,0,8,284,7,79.4,,,19,0,3,3,,3,4,14,17,2.2,,,7,26,44,42,43,,,18,22,14,447,1.3,2.2
1749,Dylan Nandín,URU,FW,Arouca,Primeira Liga,23,4.5,405,ND,ND,0,3,47,3,78.6,,,6,0,0,0,,0,0,5,13,0.4,,,0,2,3,18,6,,,3,3,3,106,0.3,0.4
1750,Ádám Nagy,HUN,MF,Spezia,Serie B,30,9.3,834,1.87,74.0,1,15,230,13,82.5,,,7,0,1,0,,0,8,6,17,0.3,,,4,3,21,13,37,,,8,16,7,440,0.7,0.3
1751,Moussa N'Diaye,SEN,DF,Anderlecht,Belgian Pro League,23,6.1,546,1.81,70.0,0,3,272,29,83.1,,,0,0,0,0,,0,8,4,7,0.2,,,3,9,46,10,38,,,22,30,12,498,0.1,0.2
1752,Visar Musliu,MKD,DF,Sint-Truiden,Belgian Pro League,30,10.0,900,1.86,77.0,0,16,398,75,87.1,,,3,1,0,0,,0,22,1,8,0.2,,,1,8,48,4,48,,,16,38,6,719,0.1,0.2
1753,Josh Murphy,ENG,FWMF,Portsmouth,Championship,30,6.5,581,1.73,67.0,2,9,170,4,38.5,,,6,0,2,0,,0,2,14,21,1.2,,,9,33,12,52,25,,,7,9,1,290,2.6,1.2
1754,Arbnor Muja,ALB,FWMF,Sint-Truiden,Belgian Pro League,26,5.5,491,ND,ND,0,1,195,2,76.5,,,13,0,1,0,,1,2,8,14,0.4,,,5,15,19,68,22,,,10,12,9,339,0.5,1.2
1755,Divin Mubama,ENG,FW,Stoke City,Championship,20,12.1,1092,1.83,70.0,1,7,170,13,71.6,,,13,0,6,5,,5,4,4,43,5.4,,,4,11,13,60,10,,,10,14,2,288,0.4,5.4
1756,MT,BRA,DF,Santa Clara,Primeira Liga,24,7.0,630,ND,ND,0,5,290,44,83.0,,,1,1,1,1,,1,6,3,2,0.5,,,3,9,36,0,24,,,7,13,5,494,0.2,0.5
1757,Kerim Mrabti,SWE,MFFW,Mechelen,Belgian Pro League,31,6.6,594,1.75,75.0,1,13,135,5,79.8,,,8,0,3,2,,2,3,7,12,0.9,,,2,8,19,23,14,,,7,10,5,241,0.9,0.9
1758,Franco Moyano,ARG,MFFW,Puebla,Liga MX,27,5.1,456,1.71,68.0,1,1,139,6,88.3,,,2,0,1,0,,0,3,2,4,0.7,,,0,3,22,4,18,,,5,8,3,273,0.1,0.7
1759,Alex Mowatt,ENG,MF,West Brom,Championship,30,13.3,1193,1.77,68.0,1,11,554,13,85.0,,,4,1,1,0,,0,15,20,12,0.5,,,10,15,75,8,66,,,16,31,10,983,1.4,0.5
1760,João Moutinho,POR,MF,Braga,Primeira Liga,38,6.5,586,1.71,61.0,0,11,375,5,87.8,,,2,0,0,0,,0,7,6,7,0.9,,,9,8,59,8,45,,,13,20,9,643,0.8,0.9
1761,Moura,POR,DF,Porto,Primeira Liga,25,6.9,623,1.82,77.0,1,13,196,15,81.0,,,3,1,2,1,,1,12,4,7,0.4,,,5,11,30,32,30,,,12,24,6,430,0.5,0.4
1762,Dany Mota,POR,FW,Monza,Serie B,27,6.4,574,1.8,74.0,1,1,107,3,80.3,,,8,1,5,4,,4,2,4,21,2.3,,,4,5,9,36,20,,,1,3,0,174,0.4,2.3
1763,Nicola Mosti,ITA,MF,Juve Stabia,Serie B,27,8.7,786,ND,ND,1,15,213,9,70.6,,,10,0,2,1,,1,5,14,11,0.6,,,10,11,29,35,30,,,12,17,5,406,1.3,0.6
1764,Liam Morrison,SCO,DF,QPR,Championship,22,10.5,948,ND,ND,1,12,277,79,87.5,,,2,0,1,0,,0,13,3,3,0.5,,,0,0,26,1,25,,,7,20,4,555,0.4,0.5
1765,Carlton Morris,ENG,FWMF,Derby County,Championship,29,14.7,1324,1.88,86.0,0,12,205,28,68.1,,,20,1,10,7,,10,0,12,38,4.1,,,11,11,32,67,38,,,13,13,6,549,0.8,6.5
1766,Aidan Morris,USA,MF,Middlesbrough,Championship,23,12.7,1143,1.75,66.0,2,18,580,10,90.0,,,12,2,2,0,,0,7,13,14,0.8,,,10,20,90,25,66,,,39,46,24,986,1.6,0.8
1767,Raúl Moro,ESP,FW,Ajax,Eredivisie,22,5.9,529,1.8,66.0,1,2,170,2,70.9,,,0,1,1,0,,0,4,16,12,0.6,,,18,43,34,86,20,,,6,10,2,257,2.1,0.6
1768,Ryoya Morishita,JPN,FWMF,Blackburn,Championship,28,5.7,517,ND,ND,1,4,137,4,61.0,,,8,0,2,1,,1,1,5,16,1.5,,,5,24,19,52,24,,,12,13,8,249,1.1,1.5
1769,Iván Moreno,MEX,MFDF,León,Liga MX,27,9.9,888,1.67,60.0,2,11,302,12,75.9,,,10,0,3,1,,1,11,15,33,1.2,,,12,28,24,79,33,,,25,36,11,531,1.7,1.2
1770,Paulo Moreira,POR,MF,Estrela,Primeira Liga,25,9.1,816,ND,ND,0,9,190,13,83.0,,,8,2,2,2,,2,3,6,18,0.3,,,6,5,34,8,37,,,11,14,8,384,0.2,0.3
1771,Robert Morales,PAR,FW,Toluca,Liga MX,26,7.1,639,ND,ND,3,2,112,3,74.2,,,17,0,6,3,,3,1,10,24,3.6,,,3,10,8,38,17,,,4,5,3,199,1.3,3.6
1772,Gilberto Mora,MEX,MFFW,Tijuana,Liga MX,16,8.9,801,ND,ND,1,8,174,6,83.2,,,9,0,4,3,,3,4,9,12,2.2,,,4,17,28,18,37,,,6,10,2,287,0.8,2.2
1773,Adrián Mora,MEX,DF,Atlas,Liga MX,27,13.8,1238,1.9,81.0,0,16,251,71,77.2,,,3,2,2,2,,2,12,0,5,0.6,,,0,2,24,2,41,,,24,36,9,662,0.0,0.6
1774,Kieffer Moore,WAL,FW,Wrexham,Championship,32,14.2,1274,1.96,83.0,1,7,244,31,53.4,,,24,0,8,7,,7,4,10,49,5.3,,,6,17,19,58,39,,,11,15,3,550,0.9,5.3
1775,Elias Montiel,MEX,MF,Pachuca,Liga MX,19,7.9,715,ND,ND,2,3,301,4,84.2,,,5,0,3,1,,1,7,17,11,0.9,,,11,24,56,14,45,,,5,12,2,516,1.2,0.9
1776,Ilario Monterisi,ITA,DF,Frosinone,Serie B,23,6.3,563,ND,ND,0,8,124,37,81.9,,,0,0,0,0,,0,7,2,8,0.5,,,0,0,12,1,23,,,8,15,4,331,0.1,0.5
1777,Jamiro Monteiro,CPV,MF,Zwolle,Eredivisie,31,7.9,708,1.75,63.0,1,12,242,3,83.6,,,11,0,3,2,,2,7,7,16,1.5,,,10,8,31,23,50,,,24,31,15,426,0.6,1.5
1778,Ricardo Monreal,MEX,FWMF,Necaxa,Liga MX,24,6.6,591,1.76,62.0,1,5,178,4,82.7,,,6,0,3,2,,2,3,9,18,2.0,,,4,15,12,52,28,,,13,16,9,277,0.7,2.0
1779,Jeremy Monga,ENG,FW,Leicester City,Championship,16,5.8,519,ND,ND,1,4,162,2,77.3,,,14,0,2,1,,1,0,6,19,0.3,,,6,29,21,44,19,,,5,5,4,210,0.8,0.3
1780,Gabriele Moncini,ITA,FW,Bari,Serie B,29,9.0,808,1.84,74.0,0,1,108,6,65.0,,,12,0,5,4,,5,0,6,20,2.7,,,3,5,8,35,9,,,0,0,0,205,0.5,3.5
1781,Fernando Monárrez,MEX,DF,Puebla,Liga MX,26,8.5,762,ND,ND,3,7,196,20,74.0,,,6,0,4,0,,1,5,17,16,0.1,,,5,21,31,56,42,,,13,18,8,533,1.2,1.7
1782,Jayson Molumby,IRL,MF,West Brom,Championship,25,9.5,858,1.83,65.0,0,6,305,15,87.6,,,10,1,0,0,,0,8,6,10,0.4,,,3,14,48,15,39,,,9,17,6,581,0.9,0.4
1783,Salvatore Molina,ITA,DF,Südtirol,Serie B,33,9.1,818,1.77,74.0,1,9,216,19,59.8,,,4,0,1,0,,0,6,19,13,0.2,,,21,18,45,40,47,,,9,15,5,476,1.4,0.2
1784,Tobias Mohr,GER,DFFW,Standard Liège,Belgian Pro League,29,12.8,1153,1.83,78.0,0,17,358,49,68.8,,,5,0,0,0,,0,21,18,9,0.3,,,9,13,45,38,58,,,20,41,12,783,1.3,0.3
1785,Matija Mitrovic,SRB,MF,Vitória,Primeira Liga,20,4.6,415,ND,ND,0,1,123,7,80.9,,,1,0,1,1,,1,8,7,8,0.3,,,2,6,25,6,27,,,4,12,3,245,0.2,0.3
1786,Billy Mitchell,ENG,MF,Millwall,Championship,25,6.1,551,ND,ND,1,7,202,17,79.9,,,4,0,1,0,,0,7,6,10,0.1,,,3,7,25,1,37,,,20,27,11,387,1.0,0.1
1787,Filippo Missori,ITA,DF,Avellino,Serie B,21,8.6,778,1.82,77.0,1,14,237,27,77.7,,,7,0,1,0,,0,5,10,9,1.2,,,14,18,26,44,30,,,13,18,7,488,0.8,1.2
1788,Virgil Misidjan,SUR,DFFW,NEC Nijmegen,Eredivisie,32,4.9,440,1.73,70.0,2,2,143,2,76.9,,,7,0,3,1,,1,1,7,13,0.2,,,5,23,17,39,16,,,3,4,2,224,1.5,0.2
1789,Damon Mirani,NED,DF,Heracles Almelo,Eredivisie,29,11.8,1066,1.82,77.0,0,22,382,90,85.8,,,0,1,1,1,,1,15,1,4,0.5,,,0,5,43,2,41,,,12,27,6,732,0.0,0.5
1790,Yang Minhyeok,KOR,FW,Portsmouth,Championship,19,5.5,498,1.72,62.0,1,8,119,5,69.0,,,13,0,3,2,,2,2,8,22,1.2,,,9,15,15,37,28,,,6,8,4,201,0.7,1.2
1791,Alan Minda,ECU,FWMF,Cercle Brugge,Belgian Pro League,22,9.4,849,1.71,68.0,1,3,223,0,79.9,,,13,0,4,3,,3,4,8,25,2.7,,,10,31,23,91,19,,,0,4,0,327,0.6,2.7
1792,David Min,NED,FWMF,Utrecht,Eredivisie,26,7.4,667,1.88,78.0,0,9,129,8,73.2,,,15,0,3,3,,3,3,7,27,3.3,,,3,10,14,27,24,,,4,7,1,233,0.5,3.3
1793,Marko Milovanović,SRB,FW,Alverca,Primeira Liga,21,8.6,770,1.96,85.0,0,5,101,8,70.7,,,6,0,3,1,,3,0,2,28,2.0,,,0,7,4,28,19,,,6,6,4,209,0.1,3.6
1794,Stanley Mills,ENG,MFFW,Oxford United,Championship,21,6.6,597,ND,ND,1,13,133,6,48.1,,,10,1,2,1,,1,1,10,20,1.2,,,6,24,17,49,31,,,13,14,10,287,0.9,1.2
1795,Lewis Miller,AUS,DF,Blackburn,Championship,24,9.8,886,1.87,83.0,1,19,238,59,63.0,,,7,0,1,0,,0,20,5,19,0.2,,,2,6,36,17,43,,,27,47,17,671,0.4,0.2
1796,Alessandro Milani,VEN,DF,Avellino,Serie B,20,5.0,452,ND,ND,0,5,124,16,73.6,,,3,0,0,0,,0,2,5,3,0.1,,,5,5,13,18,12,,,3,5,2,256,0.6,0.1
1797,Sven Mijnans,NED,MF,AZ Alkmaar,2 Comps,25,13.1,1180,1.8,74.0,5,15,383,23,79.1,,,24,0,10,5,,5,14,33,29,6.3,,,29,12,74,71,50,,,16,30,11,796,3.3,7.1
1798,Jovan Mijatović,SRB,FWMF,OH Leuven,Belgian Pro League,20,7.7,696,ND,ND,1,11,131,10,53.9,,,19,0,1,0,,0,1,9,20,0.7,,,2,8,19,33,18,,,2,3,1,256,0.8,0.7
1799,Francesco Mezzoni,ITA,DFFW,Virtus Entella,Serie B,25,8.2,740,ND,ND,0,7,189,17,68.5,,,8,0,0,0,,0,4,8,23,0.8,,,9,27,26,46,33,,,11,15,6,381,1.5,0.8
1800,Bastien Meupiyou,FRA,DF,Alverca,Primeira Liga,19,9.0,810,ND,ND,0,7,300,32,86.4,,,5,0,0,0,,0,8,1,6,0.4,,,1,7,19,3,36,,,16,24,11,486,0.0,0.4
1801,Melle Meulensteen,NED,MFDF,Go Ahead Eag,Eredivisie,26,9.7,876,1.84,81.0,0,16,425,36,86.9,,,7,0,3,3,,3,18,4,14,1.8,,,6,16,69,10,46,,,15,33,9,722,0.4,1.8
1802,Ivan Mesík,SVK,DF,Heracles Almelo,Eredivisie,24,11.9,1073,1.87,75.0,0,15,314,72,78.6,,,2,1,1,1,,1,7,7,11,0.6,,,6,16,30,29,43,,,17,24,13,679,0.9,0.6
1803,Andrea Meroni,ITA,DF,2 Teams,Serie B,28,5.7,514,ND,ND,0,6,177,36,92.6,,,1,0,0,0,,0,7,0,5,0.3,,,0,2,5,0,7,,,9,16,6,350,0.0,0.3
1804,Lucas Merolla,ARG,DF,Mazatlán,Liga MX,30,8.4,760,1.93,85.0,2,12,215,37,86.0,,,3,0,2,0,,0,11,4,9,0.3,,,0,0,12,3,30,,,16,27,11,443,0.6,0.4
1805,Silvio Merkaj,ALB,FW,Südtirol,Serie B,27,10.0,897,ND,ND,1,13,164,2,59.8,,,18,0,5,3,,4,2,14,37,3.4,,,6,16,11,76,30,,,6,8,3,299,1.2,4.1
1806,Roberto Meraz,MEX,MF,Mazatlán,Liga MX,25,6.0,536,1.77,71.0,0,9,151,9,83.8,,,0,0,1,1,,1,4,4,6,0.5,,,0,2,28,8,24,,,17,21,13,294,0.1,0.5
1807,Chris Mepham,WAL,DF,West Brom,Championship,27,10.0,900,1.91,77.0,0,11,401,69,89.5,,,2,2,0,0,,0,15,4,5,0.0,,,1,7,33,1,30,,,13,28,9,745,0.3,0.0
1808,Oucasse Mendy,FRA,FW,La Louvière,Belgian Pro League,24,8.2,734,1.76,67.0,0,15,99,5,63.0,,,16,0,1,1,,1,5,8,19,0.8,,,4,7,9,22,9,,,8,13,7,179,0.8,0.8
1809,Bruno Méndez,URU,DF,Toluca,Liga MX,25,11.6,1043,1.8,78.0,0,16,355,31,89.1,,,1,0,1,1,,1,19,3,4,1.1,,,2,7,54,7,35,,,11,30,7,716,0.4,1.1
1810,João Mendes,POR,DFMF,Vitória,Primeira Liga,25,9.0,809,ND,ND,0,8,230,34,70.4,,,2,0,0,0,,0,5,6,6,0.3,,,8,14,46,30,25,,,18,23,9,509,0.3,0.3
1811,Rick Meissen,NED,DFMF,Excelsior,Eredivisie,23,9.6,866,ND,ND,1,14,256,47,83.8,,,2,0,1,0,,0,14,2,7,0.5,,,1,10,27,2,30,,,8,22,4,471,0.3,0.5
1812,Jorge Meireles,POR,MFFW,Estrela,Primeira Liga,21,4.7,423,ND,ND,1,5,109,5,75.5,,,8,0,1,0,,0,4,7,14,0.2,,,5,1,23,10,36,,,2,6,2,212,0.4,0.2
1813,Bjorn Meijer,NED,DF,Club Brugge,Belgian Pro League,22,7.5,678,ND,ND,0,7,291,30,79.1,,,2,0,0,0,,0,8,8,13,0.5,,,15,15,47,69,18,,,11,19,7,533,1.0,0.5
1814,Anis Mehmeti,ALB,MF,Bristol City,Championship,24,14.6,1312,ND,ND,3,14,344,9,64.6,,,29,0,8,5,,5,4,20,26,5.3,,,19,38,53,105,76,,,20,24,14,558,2.4,5.3
1815,Ringo Meerveld,NED,MFFW,Heerenveen,Eredivisie,24,7.3,657,ND,ND,1,11,159,4,80.5,,,11,0,3,2,,2,1,14,6,1.8,,,10,18,37,40,21,,,6,7,4,273,2.0,1.8
1816,Mexx Meerdink,NED,FW,AZ Alkmaar,2 Comps,22,6.9,617,ND,ND,1,3,103,6,67.5,,,12,1,4,1,,3,0,5,13,3.2,,,4,8,11,31,14,,,3,3,1,195,0.3,4.6
1817,Ben Mee,ENG,DF,Sheffield Utd,Championship,35,8.4,757,1.8,72.0,1,5,225,60,77.1,,,2,1,1,0,,0,9,2,4,0.1,,,6,2,31,2,29,,,7,16,5,506,0.3,0.1
1818,Stefan Medina,COL,DF,Monterrey,Liga MX,33,12.3,1104,1.79,71.0,0,10,464,46,89.8,,,2,0,0,0,,0,5,1,5,0.0,,,3,7,50,22,34,,,14,19,11,810,0.0,0.0
1819,Brayan Medina,COL,DF,Tondela,Primeira Liga,23,9.0,809,ND,ND,0,13,226,52,85.8,,,1,0,0,0,,0,9,2,7,1.6,,,1,4,16,1,36,,,30,39,18,458,0.3,1.6
1820,Alan Medina,MEX,FWMF,2 Teams,Liga MX,27,9.2,828,1.82,74.0,0,8,238,3,80.3,,,14,0,3,3,,3,6,3,32,1.7,,,11,20,37,58,37,,,6,12,4,415,0.3,1.7
1821,Jakov Medić,CRO,DF,Norwich City,Championship,26,11.0,994,1.93,91.0,1,21,485,68,86.5,,,1,1,1,0,,0,12,3,7,0.1,,,3,10,52,7,29,,,5,17,3,819,0.1,0.1
1822,Brandon Mechele,BEL,DF,Club Brugge,Belgian Pro League,32,13.7,1236,1.88,81.0,2,26,764,44,92.3,,,2,0,4,2,,2,16,8,6,1.5,,,2,18,89,9,57,,,25,41,16,1202,0.8,1.5
1823,Sean McLoughlin,IRL,DF,Blackburn,Championship,28,11.4,1029,ND,ND,0,16,317,70,73.8,,,2,0,0,0,,0,23,3,9,1.0,,,4,10,50,10,44,,,18,41,11,751,0.2,1.0
1824,Kenny McLean,SCO,MFDF,Norwich City,Championship,33,10.8,970,1.83,78.0,1,10,534,26,77.7,,,9,2,1,0,,0,15,14,10,0.2,,,22,12,80,10,49,,,23,38,14,878,1.4,0.2
1825,Mark McGuinness,IRL,DF,Sheffield Utd,Championship,24,9.9,887,ND,ND,0,7,236,94,82.7,,,3,0,0,0,,0,12,1,5,0.5,,,0,1,23,4,13,,,5,17,3,538,0.0,0.5
1826,Ross McCrorie,SCO,DF,Bristol City,Championship,27,11.3,1016,ND,ND,3,13,251,35,67.7,,,13,1,4,1,,1,19,15,32,1.6,,,11,20,26,62,52,,,33,52,19,563,2.6,1.6
1827,Alistair McCann,NIR,MF,Preston,Championship,25,8.8,796,ND,ND,0,19,165,12,80.5,,,8,0,0,0,,0,11,12,19,0.7,,,7,4,24,18,42,,,27,38,14,408,0.5,0.7
1828,Sam McCallum,ENG,DF,Sheffield Utd,Championship,24,5.5,495,1.84,80.0,0,6,134,27,54.8,,,1,0,1,1,,1,9,12,3,1.1,,,3,8,14,25,23,,,9,18,5,418,1.2,1.1
1829,Oliver McBurnie,SCO,FW,Hull City,Championship,29,8.9,799,1.88,66.0,3,9,138,17,65.6,,,9,0,9,6,,6,1,15,27,3.3,,,3,2,14,29,28,,,8,9,3,280,2.1,3.3
1830,Kasey McAteer,IRL,DFFW,2 Teams,Championship,23,4.8,431,ND,ND,0,10,114,4,68.8,,,7,0,0,0,,0,1,7,10,0.6,,,4,11,5,42,16,,,8,9,5,199,0.8,0.6
1831,Xavier Mbuyamba,NED,DF,Volendam,Eredivisie,23,6.1,545,1.95,84.0,0,11,248,41,82.5,,,1,0,1,1,,1,5,2,7,0.4,,,1,7,40,1,21,,,12,17,6,428,0.3,0.4
1832,Amadou Mbengue,SEN,DF,QPR,Championship,23,11.4,1022,ND,ND,0,9,346,66,81.3,,,4,1,0,0,,0,10,6,11,0.1,,,3,13,37,7,49,,,21,31,15,698,0.2,0.1
1833,Dylan Mbayo,BEL,FWMF,Zwolle,Eredivisie,23,5.1,455,1.75,69.0,1,3,114,2,84.7,,,8,0,1,0,,0,1,5,13,0.3,,,6,11,7,32,15,,,1,2,0,166,0.4,0.3
1834,Noah Mbamba,BEL,MF,Dender,Belgian Pro League,20,11.8,1063,1.87,75.0,1,9,307,18,81.6,,,11,0,1,0,,0,16,6,27,1.1,,,4,16,40,24,69,,,35,51,22,576,1.2,1.1
1835,Derek Mazou-Sacko,FRA,MF,2 Teams,2 Comps,20,9.5,856,1.75,65.0,0,0,137,10,83.1,,,3,0,0,0,,0,6,2,4,0.1,,,1,2,21,5,40,,,17,21,9,266,0.0,0.1
1836,Youssef Maziz,FRA,MFFW,OH Leuven,Belgian Pro League,27,6.0,540,1.77,72.0,2,3,159,2,76.1,,,5,0,4,2,,2,4,13,11,1.3,,,9,14,32,34,36,,,5,9,3,295,1.9,1.3
1837,Alejandro Mayorga,MEX,DF,FC Juárez,Liga MX,28,16.0,1440,1.77,69.0,2,21,677,44,80.5,,,11,0,2,0,,0,15,17,21,0.3,,,25,38,124,38,86,,,29,44,21,1244,2.2,0.3
1838,Nor Maviram,NGA,DF,Tondela,Primeira Liga,24,7.1,640,ND,ND,0,8,172,29,67.3,,,2,0,0,0,,0,13,7,10,0.2,,,5,13,24,22,31,,,11,24,10,394,0.6,0.2
1839,Stephy Mavididi,ENG,FW,Leicester City,Championship,27,5.4,489,1.77,71.0,0,6,146,5,77.1,,,11,0,0,0,,0,2,4,17,1.7,,,5,28,11,48,22,,,11,13,8,237,0.6,1.7
1840,Azor Matusiwa,NED,MF,Ipswich Town,Championship,27,12.6,1138,1.73,74.0,0,26,350,29,85.2,,,12,1,0,0,,0,18,9,18,0.1,,,8,4,57,12,75,,,23,41,14,713,0.4,0.1
1841,Pelle Mattsson,DEN,MF,Norwich City,Championship,23,8.8,790,1.81,74.0,0,14,269,21,78.8,,,5,1,0,0,,0,14,11,17,0.2,,,7,6,43,13,43,,,25,39,18,528,0.6,0.2
1842,Aleš Matějů,CZE,DF,Spezia,Serie B,29,11.8,1065,1.84,79.0,0,10,365,54,79.3,,,1,0,0,0,,0,24,5,10,0.5,,,7,12,38,29,47,,,14,38,8,748,0.3,0.5
1843,Ephron Mason-Clark,ENG,FWMF,Coventry City,Championship,25,9.5,859,1.78,76.0,1,9,214,3,66.2,,,13,0,4,3,,3,1,17,30,2.7,,,10,52,19,106,36,,,10,11,6,333,1.2,2.7
1844,Andrea Masiello,ITA,DF,Südtirol,Serie B,39,5.2,464,1.85,79.0,0,4,62,38,63.0,,,1,0,0,0,,0,5,2,0,0.1,,,1,1,13,2,19,,,5,10,2,206,0.1,0.1
1845,Bruno Martins Indi,NED,DF,Sparta R'dam,Eredivisie,33,10.3,927,1.87,78.0,0,17,386,82,89.2,,,0,0,0,0,,0,13,1,2,0.1,,,6,5,34,3,32,,,5,18,4,658,0.0,0.1
1846,Jacopo Martini,ITA,MF,Südtirol,Serie B,20,6.1,545,ND,ND,1,2,109,14,69.2,,,4,0,3,2,,2,5,9,11,0.4,,,6,3,20,16,34,,,9,14,7,243,0.4,0.4
1847,Homer Martínez,COL,MF,FC Juárez,Liga MX,27,12.7,1142,ND,ND,1,13,307,21,82.2,,,6,2,1,0,,0,16,7,16,0.4,,,5,9,54,16,54,,,24,40,15,653,0.4,0.4
1848,Guillermo Martínez Ayala,MEX,FW,UNAM,Liga MX,30,9.4,842,1.8,78.0,0,5,83,5,71.1,,,12,0,4,3,,4,1,6,18,4.4,,,2,3,7,18,6,,,3,4,3,178,0.3,5.2
1849,José Marsà,ESP,DF,Mechelen,Belgian Pro League,23,10.3,928,ND,ND,1,16,347,45,74.8,,,4,0,1,0,,0,10,7,13,0.3,,,7,12,29,20,46,,,12,22,5,615,1.3,0.3
1850,Manuel Marras,ITA,DF,Reggiana,Serie B,32,10.4,938,ND,ND,3,11,312,30,76.1,,,1,0,4,1,,1,12,15,13,0.4,,,20,29,31,44,53,,,30,42,18,570,1.1,0.4
1851,Jeremy Márquez,MEX,MF,Cruz Azul,Liga MX,25,5.1,459,1.77,66.0,0,4,228,10,86.3,,,3,0,2,2,,2,9,4,8,0.5,,,3,5,17,9,28,,,14,23,12,359,0.1,0.5
1852,Iván Márquez,ESP,DF,Fortuna Sittard,Eredivisie,31,10.4,934,ND,ND,0,18,322,87,86.7,,,1,1,0,0,,0,11,0,2,0.4,,,0,2,15,1,27,,,11,22,8,610,0.0,0.4
1853,Christian Marques,SUI,DF,Tondela,Primeira Liga,22,9.0,810,1.87,75.0,0,13,248,39,87.9,,,0,0,0,0,,0,12,4,3,0.2,,,1,2,24,1,24,,,8,20,5,469,0.9,0.2
1854,Salvador Mariscal,MEX,MF,Santos,Liga MX,22,7.4,668,ND,ND,0,10,189,10,85.1,,,4,1,0,0,,0,17,4,4,0.3,,,3,4,21,3,21,,,11,28,4,366,0.3,0.3
1855,Ricardo Marín,MEX,FW,Puebla,Liga MX,27,9.6,861,1.81,72.0,2,9,144,9,65.6,,,13,0,6,4,,4,3,8,29,2.3,,,4,1,20,43,19,,,12,15,6,319,0.6,2.3
1856,Luc Marijnissen,NED,DF,Dender,Belgian Pro League,22,14.0,1260,ND,ND,0,13,474,77,81.5,,,7,1,1,1,,1,12,6,15,1.0,,,4,15,39,12,50,,,34,46,23,853,0.5,1.0
1857,Richonell Margaret,SUR,FWMF,Go Ahead Eag,Eredivisie,24,6.6,596,ND,ND,0,2,175,4,67.0,,,18,0,0,0,,0,4,4,21,0.7,,,7,25,20,67,31,,,11,15,4,282,0.3,0.7
1858,Abraham Marcus,NGA,FWMF,Estrela,Primeira Liga,25,8.8,795,ND,ND,2,7,180,7,79.0,,,18,0,2,0,,0,4,14,22,0.7,,,11,14,32,31,43,,,12,16,7,337,1.6,0.7
1859,Ivan Marconi,ITA,DF,Virtus Entella,Serie B,35,11.7,1051,ND,ND,0,17,323,51,83.2,,,1,1,1,1,,1,11,5,7,1.0,,,6,2,37,4,25,,,13,24,6,616,0.2,1.0
1860,Maranhão,BRA,FW,Tondela,Primeira Liga,26,8.9,798,1.72,68.0,0,11,198,7,65.9,,,7,0,2,1,,2,8,8,29,1.8,,,10,20,17,65,44,,,21,29,11,348,0.8,3.4
1861,Maracás,BRA,DF,Moreirense,Primeira Liga,31,9.8,884,1.85,72.0,0,13,354,74,91.8,,,2,1,1,1,,1,8,1,0,0.2,,,0,0,14,0,42,,,8,16,7,655,0.1,0.2
1862,Óscar Manzanarez,MEX,DF,Querétaro,Liga MX,30,5.0,450,1.8,70.0,0,3,120,33,88.3,,,0,0,0,0,,0,5,0,2,0.0,,,0,3,13,0,14,,,10,15,7,245,0.0,0.0
1863,Juan Manuel Sanabria,URU,DFFW,Atlético,Liga MX,25,16.0,1440,1.7,68.0,4,19,445,44,77.6,,,3,0,5,1,,1,17,29,26,0.9,,,29,31,83,77,54,,,25,42,13,1007,2.8,0.9
1864,Valerio Mantovani,ITA,DF,Mantova,Serie B,29,5.5,499,ND,ND,0,7,212,23,89.9,,,0,1,0,0,,0,3,3,1,0.2,,,2,9,12,3,10,,,3,6,1,381,0.2,0.2
1865,Tiago Manso,POR,DFFW,Tondela,Primeira Liga,25,7.3,661,ND,ND,0,15,180,21,62.6,,,1,0,1,0,,1,10,6,8,0.2,,,7,10,34,29,29,,,18,28,15,383,0.5,1.8
1866,Ryan Manning,IRL,DFMF,Southampton,Championship,29,11.2,1011,1.71,65.0,0,10,438,42,71.9,,,1,1,2,2,,2,14,24,7,0.8,,,20,26,87,58,58,,,14,28,7,856,3.0,0.8
1867,Million Manhoef,NED,FW,Stoke City,Championship,23,12.3,1103,1.79,75.0,1,5,303,8,70.6,,,26,1,5,4,,4,1,24,44,3.7,,,27,51,42,102,61,,,9,10,5,471,2.5,3.7
1868,Massimiliano Mangraviti,ITA,DF,Cesena,Serie B,27,10.9,983,1.88,79.0,0,14,364,67,85.8,,,1,0,1,1,,1,9,4,3,0.4,,,6,8,52,7,30,,,16,25,10,668,0.2,0.4
1869,Ricardo Mangas,POR,DF,Sporting CP,Primeira Liga,27,4.5,401,1.79,73.0,0,3,137,11,76.3,,,0,0,2,2,,2,4,8,3,0.8,,,6,15,12,49,21,,,6,10,5,254,1.2,0.8
1870,Leonardo Mancuso,ITA,FWMF,Mantova,Serie B,33,7.6,685,1.83,80.0,0,2,90,3,76.3,,,5,0,4,2,,4,1,4,17,0.8,,,1,2,8,32,6,,,3,4,2,193,0.2,3.1
1871,Dennis Man,ROU,FW,PSV Eindhoven,Eredivisie,26,5.6,501,1.82,80.0,4,6,223,3,84.2,,,4,0,6,2,,2,2,12,15,1.2,,,13,32,36,58,30,,,7,9,6,315,1.8,1.2
1872,Alessandro Mallamo,ITA,MFFW,Südtirol,Serie B,26,4.6,412,ND,ND,0,4,82,9,71.7,,,8,0,0,0,,0,3,7,14,0.7,,,6,3,15,21,23,,,6,9,6,216,0.5,0.7
1873,Jovon Makama,ENG,FWMF,Norwich City,Championship,21,5.9,530,ND,ND,0,10,127,5,61.5,,,9,0,3,3,,3,1,5,10,3.7,,,1,18,5,40,23,,,8,9,4,218,1.1,3.7
1874,Maxence Maisonneuve,FRA,DF,La Louvière,Belgian Pro League,26,6.8,614,ND,ND,0,3,137,61,76.4,,,1,0,0,0,,0,5,1,5,0.5,,,0,5,18,1,25,,,6,11,3,303,0.1,0.5
1875,Gary Magnée,BEL,DF,Cercle Brugge,Belgian Pro League,25,12.9,1162,ND,ND,4,25,396,68,68.7,,,13,1,4,0,,0,24,31,18,0.5,,,24,25,82,44,88,,,33,57,23,965,2.8,0.5
1876,Tommaso Maggioni,ITA,DF,Mantova,Serie B,23,4.9,440,ND,ND,0,5,193,13,87.0,,,2,0,0,0,,0,2,2,7,0.0,,,4,3,24,15,14,,,9,11,4,338,0.1,0.0
1877,Miguel Maga,POR,DF,Vitória,Primeira Liga,22,9.9,891,ND,ND,0,10,226,25,81.0,,,1,0,0,0,,0,8,7,5,0.0,,,8,10,43,22,43,,,19,27,12,518,0.5,0.0
1878,Owen Maes,FRA,MF,La Louvière,Belgian Pro League,26,9.2,825,1.75,67.0,1,16,169,8,51.0,,,18,0,1,0,,0,7,9,33,0.4,,,10,17,32,30,44,,,19,26,10,357,1.0,0.4
1879,Madson,BRA,MF,FC Juárez,Liga MX,25,11.0,993,ND,ND,0,7,290,13,73.6,,,5,0,2,2,,2,3,9,27,1.7,,,12,38,25,104,24,,,20,23,12,471,0.8,1.7
1880,Nicolas Madsen,DEN,MF,QPR,Championship,25,13.2,1185,ND,ND,1,11,361,29,76.7,,,2,0,2,0,,1,10,19,8,0.7,,,22,8,87,18,62,,,23,33,13,766,0.8,1.5
1881,Oscar Macías,MEX,MFFW,Atlético,Liga MX,27,8.9,800,1.78,74.0,1,5,214,16,83.5,,,4,0,2,1,,1,2,6,8,0.7,,,2,10,30,12,29,,,14,16,8,439,0.2,0.7
1882,Kevin Mac Allister,ARG,DF,Union SG,Belgian Pro League,27,12.9,1163,1.8,70.0,0,20,457,77,83.2,,,5,1,0,0,,0,19,5,5,0.2,,,6,14,67,8,39,,,47,66,30,926,0.7,0.2
1883,Łukasz Łakomy,POL,MF,OH Leuven,Belgian Pro League,24,8.4,752,ND,ND,1,10,196,15,66.1,,,8,0,3,2,,2,8,14,13,0.4,,,9,11,41,15,48,,,14,22,8,431,0.7,0.4
1884,Thierry Lutonda,BEL,DFFW,La Louvière,Belgian Pro League,24,10.6,957,1.67,65.0,0,8,166,22,66.0,,,14,1,1,1,,1,4,6,21,0.9,,,6,19,19,45,27,,,22,26,12,383,0.3,0.9
1885,Massimo Luongo,AUS,MF,Millwall,Championship,32,6.3,567,1.76,76.0,0,7,147,17,71.8,,,5,0,0,0,,0,10,6,7,0.3,,,2,4,34,10,47,,,23,33,14,362,0.2,0.3
1886,John Lundstram,ENG,MF,Hull City,Championship,31,7.9,711,1.81,70.0,0,8,246,17,80.3,,,1,0,1,1,,1,12,1,14,0.8,,,3,1,29,6,32,,,19,31,11,495,0.0,0.8
1887,Dodi Lukebakio,BEL,FW,Benfica,Primeira Liga,27,4.6,418,1.84,77.0,3,3,167,6,72.4,,,7,1,3,0,,0,1,13,13,1.2,,,3,34,19,56,17,,,4,5,3,252,2.8,1.2
1888,José Luis Rodríguez,PAN,MFDF,FC Juárez,Liga MX,27,14.3,1287,1.77,74.0,3,6,406,17,75.9,,,17,0,4,1,,1,7,23,37,1.6,,,18,46,50,127,44,,,17,24,10,665,2.0,1.6
1889,Lorenzo Lucchesi,ITA,DF,Monza,Serie B,22,6.0,544,ND,ND,0,7,200,23,88.4,,,4,0,0,0,,0,5,2,5,0.4,,,2,11,16,7,14,,,8,13,3,364,0.1,0.4
1890,Boyd Lucassen,NED,DFMF,NAC Breda,Eredivisie,27,8.3,748,ND,ND,0,12,149,35,74.7,,,3,0,0,0,,0,6,5,5,0.2,,,2,2,16,25,20,,,12,18,10,350,0.5,0.2
1891,Sayfallah Ltaief,TUN,FWMF,Sparta R'dam,Eredivisie,25,5.6,505,ND,ND,0,6,123,3,73.7,,,5,0,1,1,,1,2,6,22,1.4,,,3,26,11,38,23,,,12,14,4,198,0.4,1.4
1892,José Lozano,MEX,DFMF,Atlas,Liga MX,26,7.7,694,1.69,62.0,1,8,99,20,60.4,,,1,0,2,1,,1,2,4,13,1.1,,,3,5,8,18,30,,,10,12,4,244,0.5,1.1
1893,Esteban Lozano,MEX,FW,Puebla,Liga MX,22,7.9,712,ND,ND,0,3,100,6,63.6,,,11,0,1,1,,1,1,4,25,2.5,,,1,7,10,39,15,,,6,7,4,187,0.1,2.5
1894,Max Lowe,ENG,DF,Sheffield Weds,Championship,28,15.0,1349,1.68,70.0,1,28,408,61,75.7,,,5,1,1,0,,0,24,13,7,0.0,,,9,11,61,34,53,,,21,45,13,997,1.7,0.0
1895,Jamal Lowe,JAM,FWMF,Sheffield Weds,Championship,31,10.5,944,1.83,72.0,0,6,182,13,72.6,,,11,0,2,2,,2,5,9,16,3.2,,,4,18,27,46,27,,,13,18,10,359,0.4,3.2
1896,Matteo Lovato,ITA,DF,Empoli,Serie B,25,9.5,855,1.88,78.0,0,19,235,51,82.5,,,1,0,0,0,,0,12,1,3,0.3,,,3,12,32,5,33,,,14,26,10,549,0.2,0.3
1897,Imran Louza,MAR,MF,Watford,Championship,26,11.5,1035,1.78,65.0,3,12,505,11,85.0,,,11,0,9,5,,6,13,29,21,2.8,,,14,23,87,26,73,,,16,29,9,926,3.4,3.6
1898,Rodrigo López,MEX,FWMF,UNAM,Liga MX,23,7.1,641,1.72,65.0,2,7,179,6,71.9,,,12,1,3,1,,1,1,13,20,1.1,,,11,17,35,56,28,,,5,6,2,388,1.6,1.1
1899,Aldo López,MEX,MF,Santos,Liga MX,25,13.2,1191,1.73,67.0,1,13,168,17,84.3,,,7,0,3,2,,2,13,8,13,2.5,,,7,4,27,28,35,,,17,30,10,370,1.0,2.5
1900,Tom van de Looi,NED,MF,Famalicão,Primeira Liga,26,9.1,820,1.86,80.0,0,6,234,21,82.0,,,5,0,0,0,,0,4,6,8,0.4,,,9,2,45,4,45,,,19,23,14,477,0.8,0.4
1901,Justin Lonwijk,SUR,MFFW,Fortuna Sittard,Eredivisie,25,8.2,742,1.84,79.0,0,12,128,16,62.4,,,16,0,3,3,,3,10,6,14,1.3,,,8,2,25,32,21,,,18,28,13,289,0.6,1.3
1902,Ryan Longman,ENG,DFFW,Wrexham,Championship,24,9.4,842,ND,ND,1,19,235,25,73.8,,,6,0,2,1,,1,12,12,16,1.1,,,11,34,8,59,35,,,18,30,10,456,1.4,1.1
1903,Sam Long,ENG,DF,Oxford United,Championship,30,11.3,1014,1.79,70.0,0,20,234,59,74.1,,,2,1,0,0,,0,15,3,9,0.3,,,5,4,27,15,24,,,22,37,18,593,0.2,0.3
1904,Nodari Lominadze,GEO,MF,Estoril,Primeira Liga,23,5.5,493,ND,ND,0,3,136,12,67.2,,,6,0,2,2,,2,8,4,15,0.8,,,3,8,23,13,23,,,17,25,12,275,0.6,0.8
1905,Enric Llansana,NED,MF,Anderlecht,Belgian Pro League,24,6.4,576,ND,ND,0,13,214,10,83.6,,,3,0,0,0,,0,4,9,11,0.6,,,12,6,40,13,36,,,21,25,14,399,0.8,0.6
1906,Liziero,BRA,MF,Nacional,Primeira Liga,27,10.0,897,1.76,73.0,3,14,255,12,74.2,,,7,0,3,0,,0,14,16,17,0.5,,,7,3,42,14,57,,,18,32,13,539,1.2,0.5
1907,Jérémy Livolant,FRA,FWMF,Casa Pia,Primeira Liga,27,10.6,953,1.75,70.0,3,11,201,12,60.3,,,9,0,6,2,,3,4,22,19,3.1,,,8,22,17,69,34,,,8,12,6,419,2.0,3.9
1908,Erik Lira,MEX,MFDF,Cruz Azul,Liga MX,25,15.1,1355,1.72,62.0,0,16,548,23,90.3,,,8,0,0,0,,0,7,12,16,0.3,,,7,9,83,7,94,,,29,36,16,954,0.3,0.3
1909,Jordi Liongola,BDI,DFFW,La Louvière,Belgian Pro League,25,12.6,1131,ND,ND,1,21,256,42,59.5,,,15,0,2,1,,1,19,15,23,1.2,,,16,31,26,77,44,,,19,38,14,617,1.4,1.2
1910,Evert Linthorst,NED,MF,Go Ahead Eag,Eredivisie,25,7.4,669,1.85,81.0,0,7,250,14,83.9,,,2,0,1,1,,1,8,1,8,0.3,,,10,12,44,9,39,,,3,11,2,408,0.0,0.3
1911,Bryan Linssen,NED,FWMF,NEC Nijmegen,Eredivisie,34,8.9,798,1.7,64.0,5,10,139,6,61.6,,,3,0,8,3,,3,3,14,13,3.9,,,3,6,22,34,14,,,18,21,15,289,2.0,3.9
1912,Liam Lindsay,SCO,DF,Preston,Championship,29,5.2,470,1.9,77.0,0,10,69,62,64.3,,,1,0,0,0,,0,6,0,1,0.0,,,1,0,9,3,16,,,9,15,5,225,0.0,0.0
1913,Marcus Linday,SWE,MF,Heerenveen,Eredivisie,22,7.8,701,ND,ND,0,12,231,13,82.2,,,5,0,0,0,,0,6,9,13,0.3,,,9,15,48,14,39,,,25,31,15,439,0.8,0.3
1914,Lincoln,BRA,FWMF,Alverca,Primeira Liga,26,6.6,592,1.78,68.0,2,8,175,10,82.3,,,8,1,3,1,,1,4,12,12,0.7,,,10,11,39,28,26,,,15,19,10,340,1.2,1.5
1915,Dimitris Limnios,GRE,FWDF,Fortuna Sittard,Eredivisie,27,10.3,929,1.79,68.0,2,3,277,21,74.6,,,9,0,2,0,,0,3,17,15,1.0,,,11,21,26,40,46,,,15,18,5,453,1.6,1.0
1916,Bryan Limbombe,BEL,FWMF,Heracles Almelo,Eredivisie,24,9.4,850,1.72,70.0,3,3,192,8,70.6,,,14,0,4,1,,1,2,15,27,0.6,,,14,18,24,63,29,,,6,8,3,318,2.0,0.6
1917,Pedro Lima,BRA,MF,AVS Futebol,Primeira Liga,22,5.8,518,ND,ND,1,5,100,3,58.4,,,9,0,2,1,,1,2,6,10,0.4,,,6,5,15,14,23,,,11,13,9,192,0.6,0.4
1918,Igor Lichnovsky,CHI,DF,América,Liga MX,31,5.3,475,1.87,78.0,0,8,209,27,91.6,,,1,0,1,1,,1,10,0,0,0.8,,,1,3,19,2,12,,,3,13,2,346,0.0,0.8
1919,Lorenzo Libutti,ITA,DF,Reggiana,Serie B,27,9.7,873,ND,ND,0,11,352,46,84.4,,,0,0,0,0,,0,10,3,4,0.0,,,5,6,30,23,43,,,14,24,5,614,0.2,0.0
1920,Georgios Liavas,GRE,MF,Rio Ave,Primeira Liga,24,5.2,472,1.81,72.0,1,10,136,13,82.1,,,1,1,1,0,,0,5,3,5,0.0,,,2,0,9,3,25,,,16,21,9,282,0.5,0.0
1921,Ben Lhassine Kone,CIV,MF,Frosinone,Serie B,25,5.2,465,ND,ND,2,6,121,9,81.3,,,8,0,2,0,,0,2,9,11,0.1,,,5,9,29,4,28,,,14,16,4,215,0.8,0.1
1922,Ángel Leyva,MEX,DF,Mazatlán,Liga MX,18,6.1,549,ND,ND,0,3,171,30,87.8,,,2,1,0,0,,0,7,1,3,0.3,,,0,5,12,1,12,,,5,12,4,306,0.0,0.3
1923,Fedde Leysen,BEL,DF,Union SG,Belgian Pro League,22,11.2,1008,ND,ND,1,11,431,52,85.4,,,2,0,2,1,,1,12,6,8,0.8,,,4,12,65,8,50,,,22,34,14,779,0.2,0.8
1924,Gaetano Letizia,ITA,DF,Pescara,Serie B,35,7.0,632,1.73,63.0,2,4,264,11,71.5,,,5,0,2,0,,0,3,19,8,0.2,,,9,15,40,34,35,,,12,15,7,501,1.2,0.2
1925,Giuseppe Leone,ITA,MF,Juve Stabia,Serie B,24,9.9,893,ND,ND,0,6,352,18,82.0,,,6,1,0,0,,0,9,9,11,0.4,,,5,14,60,7,39,,,11,20,8,601,0.5,0.4
1926,Ryan Leonard,ENG,DF,Millwall,Championship,33,10.2,921,1.85,71.0,1,7,231,39,58.4,,,3,0,1,0,,0,10,9,7,0.1,,,7,9,50,30,40,,,36,46,22,631,0.8,0.1
1927,Marc Leonard,SCO,MF,Birmingham City,Championship,23,4.5,406,1.8,72.0,0,8,188,9,81.6,,,6,1,0,0,,0,6,2,7,0.4,,,3,7,27,4,30,,,17,23,8,379,0.1,0.4
1928,Laurent Lemoine,BEL,DF,Zulte Waregem,Belgian Pro League,27,6.4,577,1.86,72.0,0,10,218,47,86.2,,,0,2,0,0,,0,4,2,9,0.0,,,3,1,24,1,27,,,10,14,8,408,0.1,0.0
1929,Leonardo Lelo,POR,DFMF,Braga,Primeira Liga,25,10.1,909,ND,ND,4,13,412,21,80.2,,,3,0,4,0,,0,12,30,7,0.4,,,16,25,46,59,41,,,14,26,7,807,3.1,0.4
1930,Yannick Leliendal,SUR,DF,Volendam,Eredivisie,23,11.5,1031,1.69,71.0,1,17,395,50,82.2,,,15,0,2,1,,1,18,10,24,0.1,,,8,34,52,30,61,,,34,52,15,745,1.0,0.1
1931,Greg Leigh,JAM,DF,Oxford United,Championship,30,6.8,613,1.8,79.0,0,9,120,49,55.9,,,1,0,1,1,,1,9,1,5,1.7,,,3,5,15,14,18,,,12,21,10,345,0.1,1.7
1932,Richy Ledezma,USA,DFMF,Guadalajara,Liga MX,24,9.2,824,1.68,64.0,5,6,269,13,78.4,,,4,0,5,0,,0,3,21,18,1.4,,,12,11,47,58,26,,,10,13,4,494,3.0,1.4
1933,Miles Leaburn,ENG,FW,Charlton Ath,Championship,21,7.3,658,ND,ND,0,6,116,16,44.7,,,9,0,1,1,,1,3,6,25,2.0,,,5,4,19,31,22,,,9,12,5,279,0.3,2.0
1934,Jérémy Le Douaron,FRA,MFFW,Palermo,Serie B,27,6.3,567,1.89,81.0,1,4,110,7,57.3,,,9,0,2,1,,1,1,5,19,1.3,,,3,11,7,46,21,,,2,3,1,202,0.7,1.3
1935,Mohammed Lawal,IRL,DF,Stoke City,Championship,22,7.7,689,ND,ND,0,7,296,38,84.7,,,6,0,1,1,,1,7,2,3,0.5,,,1,4,36,4,32,,,8,15,4,491,0.3,0.5
1936,Tobias Lauritsen,NOR,FW,Sparta R'dam,Eredivisie,27,12.0,1079,1.92,85.0,1,7,153,18,57.5,,,3,0,7,4,,6,5,16,17,3.7,,,13,10,27,44,36,,,6,11,4,377,1.0,5.3
1937,Lion Lauberbach,GER,FW,Mechelen,Belgian Pro League,27,12.9,1159,1.94,88.0,1,6,256,17,70.4,,,23,0,6,5,,5,0,8,40,7.9,,,5,24,24,75,27,,,9,9,3,430,0.5,7.9
1938,Kevin Lasagna,ITA,FW,Padova,Serie B,32,7.0,630,1.86,80.0,0,9,87,6,56.4,,,9,0,1,1,,1,1,1,16,2.9,,,1,11,8,36,14,,,3,4,1,182,0.1,2.9
1939,Larra,ESP,MFDF,Casa Pia,Primeira Liga,27,10.3,925,ND,ND,1,8,253,28,73.7,,,8,0,1,0,,0,11,5,20,0.3,,,8,18,26,34,48,,,22,33,15,502,0.4,0.3
1940,Emilio Lara,MEX,DF,Necaxa,Liga MX,23,5.4,487,1.81,66.0,0,8,129,17,80.3,,,0,1,0,0,,0,9,5,3,0.0,,,3,6,20,6,16,,,9,18,5,312,0.1,0.0
1941,Gianluca Lapadula,PER,FW,Spezia,Serie B,35,5.8,520,1.79,69.0,0,0,64,0,73.4,,,4,0,3,3,,3,0,2,15,1.1,,,1,4,5,24,8,,,2,2,0,124,0.2,1.2
1942,Will Lankshear,ENG,FW,Oxford United,Championship,20,11.6,1044,ND,ND,0,3,164,7,72.0,,,21,0,5,5,,5,3,13,34,3.8,,,3,4,12,26,24,,,7,10,3,279,0.9,3.8
1943,Sondre Langås,NOR,DF,Derby County,Championship,24,4.5,405,ND,ND,1,5,69,35,69.3,,,0,0,1,0,,0,8,1,3,0.6,,,1,2,8,2,11,,,8,16,6,205,0.9,0.6
1944,Djibril Lamego,FRA,DF,La Louvière,Belgian Pro League,22,14.0,1260,ND,ND,0,16,256,78,72.1,,,3,0,0,0,,0,28,1,11,0.0,,,4,19,54,8,37,,,13,41,8,598,0.0,0.0
1945,Mauro Laínez,MEX,DFMF,Mazatlán,Liga MX,29,7.3,657,1.79,71.0,2,5,179,33,83.5,,,7,0,2,0,,0,5,5,15,0.1,,,5,21,7,24,26,,,16,21,12,356,0.4,0.1
1946,Diego Lainez,MEX,FWMF,UANL,Liga MX,25,12.7,1139,1.67,58.0,3,8,412,7,78.0,,,20,0,7,4,,4,5,27,28,1.7,,,36,54,93,110,51,,,18,23,14,612,2.7,1.7
1947,Sami Lahssaini,BEL,MF,La Louvière,Belgian Pro League,26,10.9,984,1.77,72.0,1,10,193,13,73.0,,,14,0,1,0,,0,13,7,22,0.1,,,5,12,41,12,79,,,16,29,8,430,0.5,0.1
1948,Gustaf Lagerbielke,SWE,DF,Braga,Primeira Liga,25,8.7,780,1.91,80.0,0,8,499,42,87.2,,,0,1,1,1,,1,9,3,2,0.3,,,1,7,52,3,27,,,10,19,6,772,0.1,0.3
1949,André Lacximicant,POR,FW,Estoril,Primeira Liga,24,5.7,512,ND,ND,1,4,104,1,68.6,,,7,0,2,1,,1,0,7,17,1.1,,,5,14,10,46,10,,,7,7,3,168,0.7,1.1
1950,Chiheb Labidi,TUN,MF,Nacional,Primeira Liga,24,7.2,650,ND,ND,0,19,125,11,76.2,,,14,1,0,0,,0,7,3,16,0.7,,,3,4,15,13,35,,,21,28,11,302,0.1,0.7
1951,Hector Kyprianou,CYP,MF,Watford,Championship,24,10.9,984,ND,ND,0,17,256,27,84.4,,,8,0,0,0,,0,19,4,18,0.5,,,2,0,40,9,35,,,15,34,10,564,0.1,0.5
1952,Roman Květ,CZE,MFFW,Dender,Belgian Pro League,27,13.1,1180,1.87,84.0,0,13,347,9,74.9,,,12,0,1,1,,1,9,20,33,1.9,,,17,21,54,73,55,,,23,32,15,669,1.7,1.9
1953,Giorgi Kvernadze,GEO,FW,Frosinone,Serie B,22,7.0,633,1.83,67.0,1,5,176,10,73.4,,,14,0,1,0,,0,2,7,26,1.0,,,10,40,14,51,34,,,7,9,3,273,0.5,1.0
1954,Brandley Kuwas,CUW,FW,Volendam,Eredivisie,32,8.5,762,1.78,70.0,1,6,210,7,77.4,,,26,1,2,1,,1,2,17,20,1.1,,,15,27,38,41,33,,,9,11,5,342,1.5,1.1
1955,Justin Kumi,ITA,MF,Avellino,Serie B,21,6.1,553,ND,ND,0,4,168,13,82.4,,,7,0,1,1,,1,7,8,12,2.0,,,8,11,22,20,15,,,15,22,3,305,0.7,2.0
1956,Luka Kulenović,BIH,FW,Heracles Almelo,Eredivisie,25,6.9,618,ND,ND,1,2,98,9,59.5,,,9,0,3,1,,2,2,6,25,2.2,,,4,6,18,26,14,,,3,5,2,236,0.6,3.0
1957,Filip Krastev,BUL,MFFW,Oxford United,Championship,23,5.8,521,ND,ND,0,14,144,8,79.5,,,16,0,0,0,,0,7,8,21,0.3,,,1,12,14,23,33,,,21,28,18,270,0.3,0.3
1958,Joris Kramer,NED,DF,Go Ahead Eag,Eredivisie,28,12.0,1080,1.87,76.0,2,20,545,85,88.0,,,2,1,2,0,,0,11,9,5,0.5,,,11,18,55,11,34,,,6,17,1,960,1.3,0.5
1959,Ilias Koutsoupias,GRE,MF,Frosinone,Serie B,24,11.1,1001,ND,ND,3,10,221,23,84.4,,,13,1,7,4,,4,0,11,15,3.0,,,3,13,33,44,46,,,18,18,12,424,1.8,3.0
1960,Therence Koudou,FRA,DFMF,Mechelen,Belgian Pro League,20,10.6,956,ND,ND,0,7,386,26,73.7,,,8,1,2,2,,2,9,11,21,0.5,,,14,34,47,93,55,,,11,20,9,674,1.5,0.5
1961,Rachid Kouda,ITA,MF,Spezia,Serie B,23,5.1,460,ND,ND,1,7,138,9,73.3,,,7,0,2,1,,1,3,5,9,0.8,,,18,12,28,29,20,,,5,8,3,237,0.4,0.8
1962,Devon Koswal,NED,DF,Telstar,Eredivisie,21,9.3,838,ND,ND,0,11,222,50,81.3,,,3,2,0,0,,0,1,3,4,0.1,,,5,6,39,4,27,,,14,15,9,444,0.1,0.1
1963,Koen Kostons,NED,FW,Zwolle,Eredivisie,25,10.7,964,ND,ND,3,8,202,7,74.0,,,15,0,9,6,,6,2,8,41,5.3,,,5,9,25,47,30,,,7,9,2,381,0.7,5.3
1964,Seid Korac,LUX,DF,Venezia,Serie B,23,8.5,765,ND,ND,0,10,319,61,89.4,,,0,0,1,1,,1,8,0,3,0.4,,,0,5,21,0,26,,,14,22,8,564,0.0,0.4
1965,Peer Koopmeiners,NED,MFDF,AZ Alkmaar,2 Comps,25,9.6,864,ND,ND,0,11,208,37,80.6,,,4,0,0,0,,0,8,9,13,0.7,,,6,8,44,19,38,,,28,36,19,548,0.6,0.7
1966,Richard Kone,CIV,MFFW,QPR,Championship,22,11.0,990,ND,ND,0,8,208,22,69.1,,,23,0,4,4,,4,1,11,43,2.5,,,9,16,19,77,30,,,12,13,9,408,1.1,2.5
1967,Mory Konaté,GUI,DF,Mechelen,Belgian Pro League,31,8.2,740,1.91,84.0,1,14,217,58,91.4,,,4,0,2,1,,1,8,2,3,0.4,,,1,1,4,3,16,,,8,16,5,431,0.2,0.4
1968,Ghislain Konan,CIV,DF,Gil Vicente FC,Primeira Liga,29,10.9,983,1.76,71.0,0,8,320,32,79.4,,,4,0,0,0,,0,10,4,9,0.3,,,5,32,44,23,70,,,17,27,9,643,0.4,0.3
1969,Ozan Kökcü,AZE,FWMF,Volendam,Eredivisie,26,5.8,524,ND,ND,0,4,176,6,80.0,,,0,0,1,1,,1,4,9,7,0.5,,,5,19,28,29,24,,,6,10,2,262,0.3,0.5
1970,Raphael Kofler,ITA,DF,Südtirol,Serie B,20,10.0,904,ND,ND,0,14,112,56,66.9,,,2,0,1,1,,1,11,3,9,0.3,,,5,3,39,5,37,,,18,29,14,450,0.3,0.3
1971,Josh Knight,ENG,DF,Portsmouth,Championship,27,7.8,704,1.85,69.0,0,6,191,55,81.2,,,0,0,0,0,,0,6,1,3,0.1,,,0,10,15,3,29,,,3,9,3,412,0.1,0.1
1972,Jason Knight,IRL,MF,Bristol City,Championship,24,6.9,624,1.73,63.0,0,3,279,17,79.9,,,6,1,0,0,,0,7,4,6,0.2,,,6,11,48,5,37,,,3,10,3,440,0.3,0.2
1973,Christoph Klarer,AUT,DF,Birmingham City,Championship,25,15.0,1350,1.91,82.0,0,6,743,110,87.5,,,4,0,1,1,,1,21,4,9,0.8,,,3,13,62,3,65,,,15,36,8,1320,0.6,0.8
1974,Davy Klaassen,NED,MF,Ajax,Eredivisie,32,6.7,603,1.85,79.0,1,6,142,6,83.1,,,1,0,3,2,,2,2,5,7,1.8,,,5,3,27,14,28,,,21,23,13,317,0.4,1.8
1975,Luca Kjerrumgaard,DEN,FW,Watford,Championship,22,9.5,854,ND,ND,0,11,122,14,65.3,,,22,0,3,3,,3,1,10,34,2.2,,,0,6,11,38,16,,,5,6,2,240,0.5,2.2
1976,Jakub Kiwior,POL,DF,Porto,Primeira Liga,25,7.0,630,1.82,78.0,1,8,429,24,88.8,,,1,0,1,0,,0,8,5,1,0.3,,,2,13,43,1,28,,,15,23,12,620,0.5,0.3
1977,Joshua Kitolano,NOR,MF,Sparta R'dam,Eredivisie,23,9.3,833,1.74,65.0,0,13,173,15,80.4,,,7,1,2,2,,2,6,13,14,0.5,,,3,12,24,14,38,,,14,20,7,329,0.7,0.5
1978,Liam Kitching,ENG,DF,Coventry City,Championship,25,14.6,1312,ND,ND,0,22,469,104,81.5,,,1,2,0,0,,0,14,6,7,1.2,,,8,15,62,7,40,,,18,32,7,903,0.2,1.2
1979,Cédric Kipré,CIV,DF,Ipswich Town,Championship,28,6.0,540,1.91,77.0,1,4,249,39,87.2,,,1,0,2,1,,1,4,2,7,0.2,,,2,10,30,3,26,,,2,6,2,442,0.3,0.2
1980,Seiji Kimura,JPN,DF,Westerlo,Belgian Pro League,23,10.5,945,1.84,71.0,0,13,329,64,89.2,,,1,0,0,0,,0,6,2,7,0.4,,,1,3,31,4,25,,,14,20,9,694,0.1,0.4
1981,Kiko,POR,DFMF,Moreirense,Primeira Liga,23,9.2,825,ND,ND,0,11,232,34,77.2,,,2,1,1,1,,1,8,10,6,0.5,,,6,8,27,22,24,,,23,31,15,601,0.5,0.5
1982,Kikas,POR,FW,Estrela,Primeira Liga,26,7.4,670,ND,ND,1,0,58,5,61.6,,,2,1,4,3,,3,1,5,13,2.8,,,2,4,4,26,8,,,3,4,1,126,0.3,3.6
1983,Jakob Kiilerich,DEN,DF,Zulte Waregem,Belgian Pro League,25,8.1,733,ND,ND,0,7,266,53,86.9,,,0,0,0,0,,0,8,2,6,0.3,,,4,5,23,0,19,,,9,17,6,534,0.1,0.3
1984,Anan Khalaili,ISR,DF,Union SG,Belgian Pro League,20,11.2,1009,ND,ND,0,18,434,40,76.4,,,8,0,1,1,,1,14,19,23,1.7,,,22,29,61,88,64,,,18,32,12,739,2.2,1.7
1985,Josh Key,ENG,DF,Swansea City,Championship,25,13.9,1247,ND,ND,0,11,466,58,75.7,,,9,1,0,0,,0,7,10,20,0.4,,,16,48,62,57,59,,,18,25,10,956,0.6,0.4
1986,Sam Kersten,NED,DF,Heerenveen,Eredivisie,27,7.5,675,1.91,86.0,0,14,315,42,88.2,,,2,2,1,1,,1,12,4,6,0.2,,,2,7,40,2,25,,,7,19,4,522,0.5,0.2
1987,Kenedy,BRA,FWMF,Pachuca,Liga MX,29,7.4,669,1.81,77.0,0,11,263,0,76.1,,,17,0,2,2,,2,3,9,22,1.0,,,12,14,47,49,37,,,10,13,6,406,1.2,1.0
1988,Boy Kemper,NED,DF,NAC Breda,Eredivisie,26,11.8,1062,1.85,82.0,2,17,294,41,68.8,,,7,0,3,1,,1,8,14,22,0.9,,,12,27,51,56,48,,,21,29,10,716,1.6,0.9
1989,Charlie Kelman,USA,FW,Charlton Ath,Championship,23,7.5,679,1.69,61.0,0,4,83,7,59.8,,,11,0,1,1,,1,0,3,16,1.0,,,2,15,6,26,13,,,3,3,2,138,0.2,1.0
1990,Check Keita,FRA,DF,Charleroi,Belgian Pro League,22,12.8,1152,ND,ND,0,12,348,65,88.6,,,3,1,1,1,,1,9,1,7,1.5,,,1,5,32,2,45,,,11,20,10,611,0.1,1.5
1991,Kévin Keben Biakolo,CMR,DF,Watford,Championship,21,12.0,1080,1.7,58.0,0,15,454,95,88.0,,,6,1,0,0,,0,11,4,11,0.4,,,1,6,22,1,30,,,12,23,9,815,0.3,0.4
1992,Joris Kayembe,COD,DF,Genk,Belgian Pro League,30,10.4,938,1.8,78.0,1,11,590,43,85.1,,,6,0,1,0,,0,12,8,8,0.2,,,9,23,62,62,57,,,15,27,9,956,0.4,0.2
1993,Edo Kayembe,COD,MF,Watford,Championship,27,7.1,640,1.83,80.0,0,4,237,15,83.3,,,11,1,0,0,,0,3,9,19,0.6,,,4,13,39,25,39,,,5,8,4,407,0.7,0.6
1994,Denso Kasius,NED,DF,AZ Alkmaar,2 Comps,22,12.6,1131,1.83,69.0,2,13,401,31,76.5,,,8,1,4,2,,2,9,26,19,1.1,,,19,47,25,115,54,,,17,26,8,764,3.9,1.1
1995,Souffian El Karouani,MAR,DF,Utrecht,Eredivisie,24,12.0,1079,ND,ND,8,17,360,20,69.8,,,10,1,10,2,,2,11,40,19,0.8,,,21,37,48,68,59,,,32,43,20,836,4.5,0.8
1996,Abdoul Karim Traoré,GUI,FW,OH Leuven,Belgian Pro League,18,5.9,532,ND,ND,0,2,101,3,64.6,,,11,0,0,0,,0,2,5,24,1.9,,,1,9,11,28,31,,,6,8,5,183,0.3,1.9
1997,Nermin Karic,SWE,MF,Virtus Entella,Serie B,26,6.2,560,ND,ND,0,4,194,8,76.9,,,4,0,1,1,,1,5,9,9,0.7,,,11,21,40,36,33,,,7,12,4,324,0.6,0.7
1998,Augustus Kargbo,SLE,FW,Blackburn,Championship,25,5.0,446,ND,ND,1,3,104,3,60.2,,,13,0,2,1,,1,2,4,16,1.7,,,4,15,6,29,23,,,7,9,5,169,0.7,1.7
1999,Konstantinos Karetsas,GRE,MFFW,Genk,Belgian Pro League,17,9.0,810,1.71,59.0,3,9,356,3,72.3,,,22,0,3,0,,0,3,19,22,1.4,,,16,28,51,73,34,,,12,15,5,547,1.5,1.4
2000,Ibrahim Karamoko,FRA,DFMF,Standard Liège,Belgian Pro League,24,7.0,627,1.87,80.0,0,10,209,46,86.3,,,0,0,0,0,,0,11,1,5,0.3,,,0,2,20,2,26,,,14,25,7,411,0.0,0.3
2001,Ahmetcan Kaplan,TUR,DF,2 Teams,Eredivisie,22,8.0,720,ND,ND,0,6,244,52,85.1,,,4,0,1,1,,1,9,4,6,0.6,,,1,7,25,5,42,,,20,29,13,579,0.1,0.6
2002,Hamza El Kaouakibi,MAR,DF,Südtirol,Serie B,27,5.6,501,ND,ND,0,12,105,16,75.8,,,4,0,1,1,,1,6,6,11,0.9,,,7,8,31,15,27,,,11,17,6,277,0.7,0.9
2003,Wilfried Kanga,CIV,FW,Gent,Belgian Pro League,27,10.1,913,1.85,76.0,3,3,151,8,75.9,,,9,0,6,2,,3,1,11,29,3.1,,,2,8,10,57,15,,,2,3,1,298,0.9,3.8
2004,Marco Kana,BEL,DF,Anderlecht,Belgian Pro League,22,12.8,1148,1.8,76.0,0,15,492,78,92.6,,,1,2,0,0,,0,10,1,4,0.1,,,4,2,38,1,50,,,9,19,6,889,0.1,0.1
2005,Jochem van de Kamp,NED,MFDF,Telstar,Eredivisie,21,8.9,800,ND,ND,1,7,185,17,75.5,,,4,0,4,3,,3,11,18,18,0.9,,,20,13,44,38,40,,,16,27,10,365,1.8,0.9
2006,Emmanuel Kakou,CIV,DF,Cercle Brugge,Belgian Pro League,20,7.2,651,ND,ND,0,8,227,51,85.9,,,2,0,1,1,,1,13,1,7,0.5,,,4,5,21,8,32,,,17,30,11,476,0.1,0.5
2007,Abdelkahar Kadri,ALG,MFDF,Gent,Belgian Pro League,25,7.4,669,1.78,69.0,2,5,314,6,87.6,,,12,1,3,1,,1,6,10,4,0.4,,,4,23,52,23,50,,,18,24,11,505,0.6,0.4
2008,Issa Kaboré,BFA,DF,Wrexham,Championship,24,9.3,841,ND,ND,3,16,262,16,71.4,,,15,1,3,0,,0,10,11,28,0.2,,,12,40,16,69,42,,,19,29,11,458,1.3,0.2
2009,Sory Kaba,GUI,FW,OH Leuven,Belgian Pro League,30,5.5,491,1.91,80.0,1,5,74,6,45.2,,,11,0,3,2,,2,0,6,15,1.4,,,3,2,6,22,15,,,3,3,2,156,0.3,1.4
2010,Mauro Júnior,BRA,MFDF,PSV Eindhoven,Eredivisie,26,7.3,656,1.69,60.0,5,14,359,16,89.2,,,7,3,6,1,,1,12,18,8,0.8,,,13,18,50,34,60,,,14,26,11,589,2.5,0.8
2011,Bae Junho,KOR,MF,Stoke City,Championship,21,10.0,903,1.8,70.0,1,9,184,12,80.0,,,8,0,1,0,,0,4,10,29,1.6,,,6,14,29,61,42,,,15,19,7,356,0.6,1.6
2012,Jhojan Julio,ECU,MFFW,Querétaro,Liga MX,27,7.5,671,1.68,63.0,0,3,130,4,74.8,,,19,0,1,1,,1,2,5,37,0.4,,,5,6,7,35,21,,,15,17,8,209,0.3,0.4
2013,Ramón Juárez,MEX,DF,América,Liga MX,24,10.9,981,1.82,80.0,0,9,334,64,89.2,,,1,0,2,2,,2,15,0,2,0.8,,,1,3,25,2,24,,,12,27,9,594,0.0,0.8
2014,Juanpe,ESP,DF,Atlético,Liga MX,34,10.3,928,1.91,80.0,0,10,299,25,90.2,,,1,0,0,0,,0,7,0,1,0.1,,,1,4,18,0,25,,,7,14,5,524,0.0,0.1
2015,Kyle Joseph,SCO,FW,Hull City,Championship,23,10.6,956,1.86,75.0,0,18,154,20,60.5,,,14,0,3,3,,3,5,10,33,4.4,,,2,12,14,41,27,,,18,23,12,326,0.9,4.4
2016,Juan José Sánchez,MEX,DF,UANL,Liga MX,27,8.2,739,1.8,77.0,0,20,351,72,90.1,,,0,0,0,0,,0,5,0,1,0.3,,,1,1,28,0,27,,,10,15,6,652,0.0,0.3
2017,Tika de Jonge,NED,MF,Groningen,Eredivisie,22,10.9,981,ND,ND,0,13,234,18,75.1,,,13,3,1,1,,1,9,4,17,0.7,,,6,8,40,12,37,,,32,41,12,522,0.8,0.7
2018,Lloyd Jones,ENG,DF,Charlton Ath,Championship,29,14.9,1343,1.91,79.0,0,24,329,146,74.1,,,2,0,0,0,,0,27,2,6,1.1,,,0,1,19,5,36,,,19,46,14,838,0.5,1.1
2019,Alfie Jones,CAN,DF,Middlesbrough,Championship,27,13.7,1236,1.85,74.0,0,20,407,68,88.2,,,4,0,1,1,,1,7,1,8,0.4,,,0,3,32,1,53,,,24,31,17,846,0.1,0.4
2020,Michael Johnston,IRL,FWMF,West Brom,Championship,26,10.8,968,ND,ND,4,5,386,6,71.6,,,19,0,6,2,,2,4,24,22,1.2,,,19,59,41,93,59,,,9,13,6,591,2.4,1.2
2021,Max Johnston,SCO,DF,Derby County,Championship,21,8.7,783,ND,ND,0,8,152,27,57.0,,,2,0,0,0,,0,2,3,7,0.3,,,10,8,18,32,23,,,13,15,8,377,0.3,0.3
2022,José Joaquín Esquivel,MEX,MF,Mazatlán,Liga MX,27,11.9,1073,1.77,67.0,1,11,210,23,81.1,,,4,0,2,1,,1,15,5,10,0.5,,,4,2,35,10,35,,,27,42,13,480,0.7,0.5
2023,Joaquim,BRA,DF,UANL,Liga MX,26,10.3,926,1.87,83.0,0,8,405,56,86.4,,,1,1,0,0,,0,17,1,3,1.4,,,1,11,42,7,27,,,14,31,10,761,0.0,1.4
2024,Eom Jisung,KOR,FWMF,Swansea City,Championship,23,6.7,602,1.74,64.0,1,5,167,13,67.1,,,11,0,2,1,,1,5,11,20,0.4,,,4,13,16,43,18,,,11,16,7,297,1.1,0.4
2025,Isak Jensen,DEN,FW,AZ Alkmaar,2 Comps,21,8.3,744,ND,ND,1,11,276,10,77.9,,,20,0,1,0,,0,5,14,11,1.8,,,17,43,33,63,48,,,11,16,8,421,1.1,1.8
2026,Daniel Jebbison,CAN,FW,Preston,Championship,21,4.8,433,1.9,69.0,2,3,71,5,66.3,,,9,0,4,2,,2,0,4,17,2.8,,,0,2,3,26,16,,,6,6,4,141,0.5,2.8
2027,Luis Javier Suárez,COL,FW,Sporting CP,Primeira Liga,27,10.0,900,1.85,83.0,2,13,205,4,71.5,,,10,0,9,5,,7,1,18,17,6.7,,,7,19,14,61,19,,,8,9,1,324,1.8,8.3
2028,Vincent Janssen,NED,FW,Antwerp,Belgian Pro League,31,13.9,1255,1.8,79.0,2,10,221,31,74.3,,,18,0,5,2,,3,3,9,32,3.7,,,9,10,30,56,31,,,16,19,9,457,1.2,4.5
2029,Dies Janse,NED,DF,2 Teams,Eredivisie,19,10.0,900,ND,ND,0,9,303,52,86.0,,,1,0,0,0,,0,6,3,7,0.1,,,1,4,33,5,32,,,12,18,9,613,0.6,0.1
2030,Caspar Jander,GER,MF,2 Teams,2 Comps,22,10.0,899,ND,ND,0,18,264,13,90.8,,,9,1,1,1,,1,8,9,9,1.1,,,5,11,34,17,33,,,31,37,20,490,0.7,1.1
2031,Matty James,ENG,MF,Wrexham,Championship,34,10.0,900,1.78,73.0,0,14,229,17,80.4,,,5,0,0,0,,0,11,8,5,0.1,,,0,4,25,2,48,,,28,39,19,483,0.5,0.1
2032,Jordan James,WAL,MF,Leicester City,Championship,21,8.1,729,ND,ND,1,4,217,12,77.2,,,11,0,4,3,,3,4,27,10,1.4,,,16,18,37,41,28,,,8,12,6,392,2.2,1.4
2033,Dean James,IDN,DF,Go Ahead Eag,Eredivisie,25,9.1,820,ND,ND,1,1,261,34,72.1,,,1,0,2,1,,1,9,11,8,0.4,,,6,16,21,56,37,,,13,22,7,515,1.8,0.5
2034,Tomás Jacob,ARG,DFMF,Necaxa,Liga MX,21,11.9,1067,ND,ND,0,15,265,34,85.8,,,5,0,1,1,,1,11,2,10,0.5,,,1,5,30,11,41,,,35,46,22,542,0.1,0.5
2035,Armando Izzo,ITA,DF,Monza,Serie B,33,7.8,703,1.83,76.0,1,6,316,27,86.0,,,2,0,4,3,,3,11,3,8,0.5,,,7,9,47,6,23,,,11,22,2,578,0.8,0.5
2036,Tomoki Iwata,JPN,MFDF,Birmingham City,Championship,28,14.6,1311,1.77,73.0,1,15,430,24,78.2,,,3,0,2,1,,1,9,18,12,1.2,,,18,20,69,40,66,,,22,31,13,897,1.4,1.2
2037,Mihailo Ivanović,SRB,FW,Millwall,Championship,20,11.5,1037,ND,ND,1,12,150,17,53.5,,,8,0,3,2,,2,2,10,29,3.7,,,8,5,23,46,16,,,4,6,4,338,2.1,4.5
2038,Franjo Ivanović,CRO,FW,Benfica,Primeira Liga,21,5.2,472,ND,ND,0,7,134,2,66.7,,,14,0,3,2,,3,1,3,21,2.4,,,1,7,8,47,16,,,4,5,2,198,0.1,3.2
2039,José Iván Rodríguez,MEX,MF,Necaxa,Liga MX,29,14.3,1285,1.71,61.0,0,18,347,23,85.7,,,9,1,0,0,,0,16,12,14,0.1,,,4,16,65,6,77,,,35,51,28,693,0.4,0.1
2040,Ryotaro Ito,JPN,MF,Sint-Truiden,Belgian Pro League,27,10.0,903,1.74,62.0,1,5,377,5,78.7,,,5,0,5,3,,4,2,40,13,1.8,,,25,5,65,38,63,,,6,8,0,665,3.6,2.6
2041,Junya Ito,JPN,FW,Genk,Belgian Pro League,32,4.5,403,1.76,68.0,0,5,191,0,72.5,,,11,0,2,2,,2,4,10,10,0.7,,,13,11,22,61,20,,,7,11,4,290,0.8,0.7
2042,Joël Ito,BEL,MF,La Louvière,Belgian Pro League,27,11.0,990,ND,ND,1,16,165,12,73.0,,,12,0,1,0,,0,8,9,31,0.5,,,8,9,37,28,61,,,30,38,19,371,1.5,0.5
2043,Atsuki Ito,JPN,MF,Gent,Belgian Pro League,26,13.7,1230,1.82,78.0,1,15,382,9,83.2,,,9,0,4,3,,3,9,16,27,3.0,,,16,19,69,63,44,,,21,30,11,682,1.3,3.0
2044,Ko Itakura,JPN,DF,Ajax,Eredivisie,28,5.8,518,1.86,82.0,0,13,244,41,90.6,,,3,1,1,1,,1,8,0,5,0.6,,,1,5,17,0,15,,,7,15,5,434,0.0,0.6
2045,Omar Israel Mendoza,MEX,DF,Querétaro,Liga MX,36,10.2,922,1.73,72.0,0,5,254,46,77.1,,,3,0,0,0,,0,3,2,4,0.0,,,3,6,36,7,22,,,9,12,3,548,0.3,0.0
2046,Nestory Irankunda,AUS,FWMF,Watford,Championship,19,8.5,764,ND,ND,1,2,181,1,69.3,,,21,0,3,2,,2,0,14,23,1.8,,,7,23,24,52,23,,,15,15,8,329,1.6,1.8
2047,Dominic Iorfa,ENG,DF,Sheffield Weds,Championship,30,14.1,1268,1.93,78.0,0,18,315,119,81.0,,,4,3,1,1,,1,12,4,10,0.7,,,1,1,27,8,43,,,27,39,16,829,0.4,0.7
2048,Nicholas Ioannou,CYP,DF,Sampdoria,Serie B,29,6.4,575,1.83,77.0,1,4,165,16,64.6,,,3,0,3,2,,2,3,15,11,0.4,,,9,11,35,33,23,,,11,14,3,385,1.3,0.4
2049,Roberto Insigne,ITA,MFFW,Avellino,Serie B,31,6.6,597,1.72,65.0,1,6,226,6,81.2,,,5,0,2,0,,1,4,10,14,0.8,,,5,14,26,52,25,,,4,8,1,383,1.6,1.6
2050,Zeidane Inoussa,SWE,FWMF,Swansea City,Championship,23,7.6,683,1.79,67.0,2,6,186,11,76.3,,,6,0,2,0,,0,2,11,26,1.0,,,8,18,18,58,39,,,11,13,9,331,1.8,1.0
2051,Svante Ingelsson,SWE,MF,Sheffield Weds,Championship,27,14.2,1275,1.89,83.0,0,13,270,11,62.8,,,19,0,0,0,,0,10,19,42,1.4,,,17,23,41,75,59,,,23,33,16,612,2.4,1.4
2052,Gonçalo Inácio,POR,DF,Sporting CP,Primeira Liga,23,11.0,990,1.86,80.0,2,12,747,36,90.0,,,4,0,2,0,,0,10,11,6,0.3,,,5,14,98,2,69,,,19,29,13,1107,0.6,0.3
2053,André Inácio,BRA,FW,Rio Ave,Primeira Liga,23,9.6,864,ND,ND,4,13,224,7,75.1,,,9,0,8,4,,4,1,9,36,3.6,,,6,50,12,57,35,,,15,16,5,360,1.0,3.6
2054,Marco Imperiale,ITA,DF,Carrarese,Serie B,26,11.0,990,ND,ND,0,15,306,38,87.3,,,3,0,0,0,,0,8,4,7,0.0,,,3,6,40,4,31,,,14,22,10,644,0.1,0.0
2055,Julián Illanes,ARG,DF,Carrarese,Serie B,28,8.8,795,ND,ND,0,7,213,40,85.8,,,1,0,1,1,,1,11,1,4,0.6,,,1,1,12,0,33,,,8,19,7,465,0.0,0.6
2056,Samuel Iling-Junior,ENG,FWDF,West Brom,Championship,21,6.4,578,1.82,71.0,0,5,150,10,69.7,,,10,0,1,1,,1,5,6,15,1.2,,,1,18,11,39,27,,,6,11,4,274,0.3,1.2
2057,Rareş Ilie,ROU,MFFW,Empoli,Serie B,22,5.4,482,1.83,73.0,3,10,98,0,68.2,,,14,0,3,0,,0,4,7,20,0.5,,,6,11,13,27,19,,,11,15,5,223,1.2,0.5
2058,Marco Ilaimaharitra,MAD,MF,Standard Liège,Belgian Pro League,30,11.2,1007,1.77,77.0,0,13,269,21,79.4,,,9,0,2,0,,2,14,6,19,0.1,,,5,10,53,8,71,,,18,32,6,607,0.2,1.7
2059,Chukwubuikem Ikwuemesi,NGA,FW,OH Leuven,Belgian Pro League,23,5.2,471,ND,ND,0,4,60,3,78.2,,,2,0,1,1,,1,1,5,12,0.9,,,3,9,4,24,5,,,2,3,1,114,0.2,0.9
2060,Mohammed Ihattaren,NED,FWMF,Fortuna Sittard,Eredivisie,23,7.2,650,1.83,74.0,2,8,227,3,68.7,,,10,0,6,2,,4,1,13,18,1.5,,,10,19,42,28,29,,,5,6,1,396,1.1,3.1
2061,Lorenzo Ignacchiti,ITA,MF,Empoli,Serie B,21,6.5,587,ND,ND,2,9,131,9,70.9,,,1,0,2,0,,0,3,10,14,0.3,,,4,7,22,19,13,,,9,12,4,268,1.1,0.3
2062,Pietro Iemmello,ITA,FWMF,Catanzaro,Serie B,33,10.9,985,1.8,75.0,2,13,185,6,73.5,,,11,0,5,3,,3,0,13,28,3.6,,,7,11,25,39,13,,,7,7,4,374,1.4,4.4
2063,Younes Taha El Idrissi,MAR,MFFW,Groningen,Eredivisie,22,10.9,985,ND,ND,3,9,239,4,59.2,,,16,0,5,2,,2,3,22,39,1.9,,,15,28,31,62,31,,,20,23,11,445,3.4,1.9
2064,Oussama Idrissi,MAR,FW,Pachuca,Liga MX,29,6.7,606,1.83,78.0,0,3,256,2,75.0,,,12,0,2,1,,2,3,25,24,0.5,,,22,46,37,85,29,,,10,13,7,421,1.6,2.2
2065,Joël Ideho,NED,MF,2 Teams,Eredivisie,22,4.8,429,ND,ND,1,8,151,5,58.6,,,10,0,1,0,,0,2,3,13,0.6,,,6,25,12,32,25,,,9,11,5,222,0.3,0.6
2066,Adam Idah,IRL,FW,Swansea City,Championship,24,4.7,421,1.9,82.0,1,1,82,6,63.4,,,7,0,3,1,,2,0,7,11,1.1,,,0,6,4,23,10,,,1,1,1,143,0.5,1.9
2067,Nicolás Ibáñez,ARG,FW,UANL,Liga MX,30,4.5,402,1.78,70.0,0,3,48,0,80.6,,,2,0,3,3,,3,1,2,10,2.6,,,0,3,1,15,11,,,2,3,1,98,0.1,3.4
2068,Lee Hyunju,KOR,MF,Arouca,Primeira Liga,22,6.9,620,ND,ND,2,1,179,3,87.9,,,11,1,2,0,,0,0,4,13,0.9,,,2,18,13,32,24,,,6,6,4,268,0.7,0.9
2069,Oh Hyeon-gyu,KOR,FW,Genk,Belgian Pro League,24,8.7,785,1.85,75.0,2,7,132,4,81.8,,,8,0,7,5,,5,1,11,34,5.5,,,5,11,11,51,18,,,8,9,4,228,1.7,5.5
2070,Dominic Hyam,SCO,DF,2 Teams,Championship,29,13.9,1250,1.88,77.0,0,11,368,108,79.4,,,0,1,0,0,,0,15,0,6,0.6,,,1,1,24,1,44,,,12,27,7,781,0.0,0.6
2071,Charlie Hughes,ENG,DF,Hull City,Championship,21,14.0,1260,ND,ND,1,34,466,130,82.4,,,5,2,1,0,,0,14,4,11,0.3,,,2,16,55,4,69,,,20,34,12,931,0.5,0.3
2072,Andrew Hughes,WAL,DF,Preston,Championship,33,13.8,1239,1.88,70.0,0,16,357,66,73.0,,,1,1,0,0,,0,17,8,10,0.6,,,8,11,55,15,51,,,19,36,11,872,0.9,0.6
2073,Ajdin Hrustic,AUS,MF,Heracles Almelo,Eredivisie,29,9.1,816,1.83,74.0,5,10,294,9,74.1,,,5,3,5,0,,0,5,19,17,0.6,,,5,19,38,24,41,,,22,27,12,559,3.4,0.6
2074,Patrik Hrošovský,SVK,MF,Genk,Belgian Pro League,33,7.1,639,1.72,67.0,0,7,232,10,85.6,,,8,0,1,1,,1,5,6,6,0.9,,,6,6,51,15,46,,,13,18,6,463,0.5,0.9
2075,Petko Hristov,BUL,DF,Spezia,Serie B,26,7.4,669,1.91,79.0,0,4,181,42,81.3,,,0,0,0,0,,0,6,3,7,0.1,,,1,2,17,0,19,,,17,23,7,444,0.1,0.1
2076,Ricardo Horta,POR,MFFW,Braga,Primeira Liga,30,6.8,610,1.73,71.0,0,2,234,2,80.9,,,3,0,4,3,,4,3,10,19,2.0,,,8,7,33,42,17,,,12,15,7,366,0.9,2.8
2077,Jizz Hornkamp,NED,FW,Heracles Almelo,Eredivisie,27,8.4,757,1.82,75.0,1,7,105,9,62.4,,,7,0,7,6,,6,4,8,14,4.2,,,5,4,13,23,19,,,7,11,6,250,0.5,4.2
2078,Siebe Horemans,BEL,DF,Utrecht,Eredivisie,27,11.5,1035,1.84,77.0,0,11,292,38,80.2,,,2,0,0,0,,0,12,11,4,0.4,,,12,5,36,32,48,,,23,35,10,726,0.9,0.4
2079,Sydney van Hooijdonk,NED,FW,NAC Breda,Eredivisie,25,9.7,869,1.9,81.0,0,4,156,4,66.7,,,8,0,5,3,,5,1,6,23,3.0,,,0,12,7,39,20,,,13,14,6,298,0.5,4.6
2080,Santiago Homenchenko,URU,MF,2 Teams,Liga MX,21,12.5,1125,1.85,78.0,0,14,324,65,75.5,,,2,0,4,2,,4,28,1,13,0.7,,,3,4,40,8,52,,,40,68,24,706,0.0,2.3
2081,Josué Homawoo,TOG,DF,Standard Liège,Belgian Pro League,27,9.8,878,1.91,84.0,0,17,312,87,84.6,,,1,0,0,0,,0,22,1,2,0.3,,,1,5,21,0,40,,,20,42,10,610,0.2,0.3
2082,Lewis Holtby,GER,MF,NAC Breda,Eredivisie,34,9.5,856,1.76,72.0,3,15,231,22,76.4,,,7,2,4,1,,1,4,16,7,0.5,,,9,9,34,20,38,,,24,28,16,509,1.4,0.5
2083,Jordan Holsgrove,SCO,MF,Estoril,Primeira Liga,25,10.4,935,1.8,70.0,3,5,499,10,80.4,,,9,1,4,1,,1,11,28,15,0.5,,,13,10,73,19,47,,,19,30,12,841,2.0,0.5
2084,Morten Hjulmand,DEN,MF,Sporting CP,Primeira Liga,26,11.0,990,1.85,73.0,1,7,483,8,91.0,,,8,0,3,2,,2,7,16,13,1.0,,,4,9,87,16,72,,,23,30,16,855,0.7,1.0
2085,George Hirst,SCO,FW,Ipswich Town,Championship,26,10.5,945,1.72,68.0,1,3,148,14,69.1,,,13,0,6,4,,5,1,13,25,4.5,,,3,10,15,61,16,,,4,5,2,262,0.9,6.1
2086,Rio Hillen,NED,DF,NAC Breda,Eredivisie,22,9.4,843,ND,ND,0,16,356,56,87.7,,,1,0,0,0,,0,8,1,9,1.4,,,0,9,30,1,52,,,16,24,14,602,0.1,1.4
2087,Bryan Heynen,BEL,MF,Genk,Belgian Pro League,28,14.0,1257,1.81,74.0,0,22,836,34,87.5,,,12,0,1,1,,1,20,17,22,1.3,,,28,26,190,42,92,,,39,59,25,1345,1.6,1.3
2088,Lucas Hey,DEN,DF,Anderlecht,Belgian Pro League,22,13.0,1173,ND,ND,0,14,427,68,83.0,,,1,0,0,0,,0,12,2,6,0.4,,,2,4,58,3,52,,,10,22,6,802,0.2,0.4
2089,Soufiane Hetli,NED,FWMF,Telstar,Eredivisie,24,8.0,716,ND,ND,0,4,188,4,77.7,,,12,1,2,2,,2,4,5,24,2.5,,,5,29,24,63,38,,,7,11,5,276,0.3,2.5
2090,Ozziel Herrera,MEX,MFFW,UANL,Liga MX,24,11.0,989,1.82,63.0,2,5,304,6,72.6,,,24,0,6,4,,4,3,18,25,3.0,,,9,48,35,102,39,,,13,16,8,473,1.5,3.0
2091,Sergio Hernandez,MEX,DFMF,Atlas,Liga MX,21,9.5,851,ND,ND,1,17,181,20,69.4,,,9,2,1,0,,0,5,12,28,0.2,,,9,15,21,33,38,,,18,23,15,358,1.0,0.2
2092,Jesús Hernández,MEX,MFFW,Mazatlán,Liga MX,23,7.5,672,ND,ND,1,5,227,10,72.2,,,12,0,1,0,,0,6,14,23,0.4,,,9,13,24,47,31,,,6,12,4,362,1.2,0.4
2093,Thomas Henry,FRA,FW,Standard Liège,Belgian Pro League,30,11.4,1023,1.92,86.0,2,9,185,13,62.4,,,21,0,5,2,,3,1,9,39,1.4,,,3,4,25,48,23,,,5,6,4,334,1.0,2.2
2094,Liam Henderson,SCO,MF,Sampdoria,Serie B,29,9.0,811,1.83,78.0,0,7,222,11,64.9,,,5,0,1,1,,1,6,22,9,0.7,,,10,3,36,38,36,,,20,26,9,521,1.6,0.7
2095,Michał Helik,POL,DF,Oxford United,Championship,29,15.0,1350,1.91,80.0,1,25,309,134,75.4,,,0,0,1,0,,0,25,9,7,0.8,,,2,3,37,14,30,,,18,43,7,774,2.2,0.8
2096,Aune Heggebø,NOR,FW,West Brom,Championship,24,11.5,1034,1.85,84.0,2,5,180,10,70.4,,,33,0,4,2,,2,1,9,37,2.8,,,7,8,24,47,14,,,11,12,8,305,1.2,2.8
2097,Ryan Hedges,WAL,FWDF,Blackburn,Championship,30,10.8,971,1.79,70.0,1,19,276,13,71.7,,,6,0,2,1,,1,13,18,20,2.3,,,16,35,47,50,58,,,28,41,16,572,2.4,2.3
2098,Thorgan Hazard,BEL,MFFW,Anderlecht,Belgian Pro League,32,11.0,988,1.74,69.0,3,7,379,6,71.9,,,18,0,7,3,,4,7,27,33,4.2,,,26,39,52,94,48,,,16,23,10,634,3.1,5.0
2099,Ibe Hautekiet,BEL,DF,Standard Liège,Belgian Pro League,23,7.8,698,1.84,83.0,0,11,181,54,83.9,,,0,1,0,0,,0,14,1,1,0.0,,,0,2,16,4,20,,,10,24,7,411,0.1,0.0
2100,Taiga Hata,JPN,DF,Sint-Truiden,Belgian Pro League,23,13.3,1195,1.75,70.0,1,19,387,32,79.3,,,4,0,1,0,,0,7,11,16,1.2,,,15,24,65,92,43,,,13,20,8,831,1.3,1.2
2101,Dogucan Haspolat,TUR,MF,Westerlo,Belgian Pro League,25,14.0,1260,1.77,76.0,1,15,385,24,73.9,,,3,0,1,0,,0,21,29,20,0.7,,,7,22,74,11,56,,,40,61,22,872,2.2,0.7
2102,Luis Hasa,ITA,MF,Carrarese,Serie B,21,4.5,403,ND,ND,2,3,151,5,88.4,,,2,0,4,2,,2,1,6,6,0.6,,,3,9,23,18,21,,,4,5,2,222,0.7,0.6
2103,Taylor Harwood-Bellis,ENG,DF,Southampton,Championship,23,10.0,900,1.88,78.0,1,7,472,76,85.1,,,2,1,2,1,,1,12,8,7,0.8,,,2,3,46,4,38,,,11,23,8,815,0.7,0.8
2104,Jeff Hardeveld,NED,DF,Telstar,Eredivisie,30,11.6,1046,1.84,76.0,2,15,313,55,68.8,,,3,1,3,1,,1,9,22,6,0.8,,,20,16,46,51,42,,,24,33,11,773,2.8,0.8
2105,Jonas Harder,ITA,MF,Padova,Serie B,19,5.2,467,ND,ND,0,7,153,21,80.6,,,6,0,1,1,,1,7,4,8,0.1,,,1,4,18,9,25,,,13,20,6,296,0.1,0.1
2106,Fredrik Hammer,SWE,MF,Mechelen,Belgian Pro League,24,13.6,1227,ND,ND,0,38,311,40,80.6,,,11,1,0,0,,0,20,8,14,0.6,,,6,3,50,11,75,,,56,76,38,735,0.4,0.6
2107,Gustavo Hamer,NED,MFFW,Sheffield Utd,Championship,28,8.3,744,1.69,61.0,1,4,253,4,73.3,,,3,1,1,0,,0,4,13,9,0.8,,,18,14,70,32,35,,,7,11,3,530,1.8,0.8
2108,Sébastien Haller,CIV,FW,Utrecht,Eredivisie,31,6.0,543,1.87,86.0,1,5,106,4,66.5,,,9,0,2,1,,1,2,6,18,1.7,,,1,4,5,23,15,,,7,9,3,238,0.4,1.7
2109,Redouane Halhal,MAR,DF,Mechelen,Belgian Pro League,22,13.8,1245,1.85,73.0,1,15,591,91,90.1,,,1,3,1,0,,0,13,3,13,0.5,,,1,13,50,2,47,,,20,33,14,983,0.7,0.5
2110,Antoine Hainaut,FRA,DFFW,Venezia,Serie B,23,8.9,798,ND,ND,2,10,255,31,77.4,,,3,1,3,1,,1,10,17,12,0.8,,,14,14,21,53,36,,,18,28,11,523,2.5,0.8
2111,Dennis Hadzikadunic,BIH,DF,Sampdoria,Serie B,27,7.9,714,1.85,70.0,0,7,224,47,82.8,,,1,0,0,0,,0,11,4,2,0.6,,,0,1,20,0,23,,,14,25,9,459,0.3,0.6
2112,Amir Hadžiahmetović,BIH,MF,Hull City,Championship,28,7.5,673,1.79,71.0,0,12,185,19,72.3,,,3,2,0,0,,0,5,2,5,0.1,,,1,4,24,3,44,,,23,28,14,420,0.1,0.1
2113,Anis Hadj Moussa,ALG,FW,Feyenoord,Eredivisie,23,10.1,907,ND,ND,1,4,305,6,62.1,,,9,0,5,4,,4,3,23,26,1.5,,,24,39,41,99,41,,,11,14,7,488,3.2,1.5
2114,Anouar Ait El Hadj,BEL,MFFW,Union SG,Belgian Pro League,23,10.9,984,1.74,69.0,1,8,310,11,81.0,,,3,0,1,0,,0,3,20,12,1.4,,,22,27,57,51,42,,,8,11,5,500,2.7,1.4
2115,Hayden Hackney,ENG,MF,Middlesbrough,Championship,23,14.2,1282,ND,ND,2,19,617,15,81.7,,,20,1,5,3,,3,12,22,28,2.1,,,21,37,97,58,78,,,25,37,19,1108,2.0,2.1
2116,Justin de Haas,NED,DF,Famalicão,Primeira Liga,25,9.0,810,1.94,85.0,0,10,359,55,88.6,,,0,0,2,2,,2,5,1,3,0.7,,,2,3,32,2,25,,,16,21,8,619,0.0,0.7
2117,Emmanuel Gyasi,GHA,MFDF,Palermo,Serie B,31,4.9,445,1.81,74.0,0,4,97,7,77.4,,,4,0,0,0,,0,3,6,8,0.8,,,5,6,6,25,21,,,7,10,3,179,0.6,0.8
2118,Víctor Guzmán,MEX,DF,Monterrey,Liga MX,23,9.2,832,1.74,75.0,0,15,355,46,90.8,,,1,2,1,1,,1,11,2,5,0.4,,,1,9,37,3,31,,,12,23,7,628,0.1,0.4
2119,Víctor Guzmán,MEX,MFFW,Pachuca,Liga MX,30,9.1,820,1.75,70.0,4,13,325,9,80.5,,,10,0,4,0,,0,1,22,11,1.7,,,9,18,47,68,32,,,14,15,10,580,1.9,1.7
2120,Erick Gutiérrez,MEX,MF,Guadalajara,Liga MX,30,7.3,659,1.81,69.0,2,1,286,12,82.5,,,7,0,2,0,,0,3,9,12,0.5,,,11,4,40,21,39,,,18,21,8,500,1.7,0.5
2121,Alexis Gutiérrez,MEX,MFFW,América,Liga MX,25,7.8,706,1.73,74.0,2,0,242,6,86.0,,,7,0,2,0,,0,5,16,12,0.8,,,6,9,30,50,27,,,5,10,5,411,1.4,0.8
2122,Rafik Guitane,FRA,FWMF,Estoril,Primeira Liga,26,4.9,437,1.64,60.0,2,4,163,3,81.2,,,18,0,4,2,,2,0,12,13,0.8,,,7,19,18,42,18,,,1,1,0,219,1.6,0.8
2123,Mo Guindo,MLI,FW,La Louvière,Belgian Pro League,21,5.5,492,ND,ND,0,4,73,4,49.1,,,12,0,0,0,,0,2,1,25,1.3,,,1,8,4,21,13,,,5,7,3,124,0.1,1.3
2124,Parfait Guiagon,CIV,FW,Charleroi,Belgian Pro League,24,9.4,843,1.69,64.0,2,5,317,3,74.8,,,15,0,6,3,,4,5,13,22,1.5,,,15,38,43,62,52,,,7,12,3,477,1.6,2.3
2125,Samuel Gueulette,RWA,MF,La Louvière,Belgian Pro League,25,4.6,412,ND,ND,0,2,49,8,71.4,,,0,0,0,0,,0,5,1,8,0.3,,,0,1,15,0,18,,,17,22,8,154,0.1,0.3
2126,Edgar Guerra,COL,MFFW,Puebla,Liga MX,24,8.4,756,ND,ND,1,6,230,6,70.3,,,12,0,2,1,,1,6,12,25,0.7,,,9,32,25,82,46,,,17,23,11,374,1.8,0.7
2127,Javier Güemez,MEX,MF,Santos,Liga MX,33,15.1,1356,1.74,77.0,0,11,324,18,80.5,,,8,0,0,0,,0,11,7,19,0.5,,,3,9,54,11,49,,,22,33,13,704,0.7,0.5
2128,Andri Guðjohnsen,ISL,FW,2 Teams,2 Comps,23,7.6,684,ND,ND,0,5,118,6,67.8,,,13,0,3,3,,3,1,9,18,2.9,,,4,5,19,41,27,,,2,3,0,249,0.5,2.9
2129,Gabriele Guarino,ITA,DF,Empoli,Serie B,21,8.9,797,ND,ND,0,14,254,74,87.9,,,1,1,1,1,,1,5,1,2,1.1,,,4,4,28,1,27,,,12,17,10,546,0.2,1.1
2130,Matt Grimes,ENG,MF,Coventry City,Championship,30,14.9,1338,1.78,70.0,1,9,626,17,83.8,,,7,0,1,0,,0,10,32,7,0.2,,,16,16,118,19,79,,,29,39,19,1217,2.6,0.2
2131,Leo Greiml,AUT,DF,NAC Breda,Eredivisie,24,6.5,584,1.86,73.0,0,13,216,44,85.0,,,0,0,1,1,,1,4,4,2,0.5,,,0,3,13,0,23,,,14,18,10,464,0.6,0.5
2132,Jacob Greaves,ENG,DF,Ipswich Town,Championship,24,8.1,732,1.85,70.0,0,6,318,57,87.1,,,1,0,1,1,,1,6,5,2,1.1,,,3,7,56,12,21,,,6,12,2,604,0.4,1.1
2133,Demarai Gray,JAM,FWMF,Birmingham City,Championship,29,12.1,1090,1.78,66.0,1,21,285,12,69.0,,,20,0,4,3,,3,4,12,34,2.5,,,10,30,24,84,44,,,14,18,11,521,2.4,2.5
2134,Simon Graves Jensen,DEN,DF,Zwolle,Eredivisie,26,12.0,1080,ND,ND,0,20,415,93,84.1,,,1,1,0,0,,0,13,2,3,0.0,,,5,11,50,2,46,,,11,24,7,801,0.1,0.0
2135,Jaume Grau,ESP,MF,AVS Futebol,Primeira Liga,28,10.7,965,1.82,79.0,0,10,234,20,79.4,,,5,1,0,0,,0,12,3,8,0.4,,,0,5,40,5,48,,,25,37,17,486,0.2,0.4
2136,Karlan Grant,ENG,FWMF,West Brom,Championship,27,4.8,435,1.83,70.0,0,4,153,3,73.0,,,8,0,0,0,,0,3,3,8,0.3,,,5,12,8,36,20,,,6,9,4,243,0.4,0.3
2137,Omar Govea,MEX,MF,Guadalajara,Liga MX,29,9.5,858,1.76,68.0,0,9,332,8,89.8,,,3,0,1,1,,1,14,5,7,0.1,,,10,8,69,16,29,,,14,28,7,613,0.3,0.1
2138,Kenzo Goudmijn,NED,MF,2 Teams,2 Comps,23,5.6,503,1.73,68.0,0,6,177,4,67.9,,,12,1,0,0,,0,1,6,7,0.5,,,6,8,35,30,16,,,8,9,4,283,0.7,0.5
2139,Keisuke Goto,JPN,FW,Sint-Truiden,Belgian Pro League,20,7.8,706,1.91,70.0,0,7,95,7,64.8,,,4,0,4,4,,4,2,8,21,4.9,,,5,2,11,31,10,,,10,12,6,227,1.5,4.9
2140,Fernando Gorriarán,URU,MF,UANL,Liga MX,30,12.4,1119,1.68,69.0,0,8,432,19,85.1,,,7,0,0,0,,0,16,16,22,0.7,,,9,11,72,32,48,,,25,41,15,803,1.4,0.7
2141,Jean Gorby,FRA,MF,Braga,Primeira Liga,23,8.3,743,ND,ND,0,10,458,7,91.4,,,0,1,0,0,,0,8,5,9,0.3,,,4,10,44,12,47,,,14,22,9,669,0.4,0.3
2142,Hyllarion Goore,CIV,FWMF,Gent,Belgian Pro League,19,7.1,639,ND,ND,2,6,128,2,64.9,,,12,0,4,2,,2,2,6,18,1.8,,,8,21,13,51,18,,,1,3,1,218,1.6,1.8
2143,Owen González,MEX,MFFW,Puebla,Liga MX,22,7.2,644,1.69,68.0,0,6,233,1,73.6,,,16,0,0,0,,0,2,9,17,0.8,,,9,23,33,82,33,,,7,9,5,344,1.2,0.8
2144,Diego González,PAR,MF,Atlas,Liga MX,22,15.7,1416,ND,ND,5,11,407,17,69.5,,,34,0,10,4,,5,7,23,37,2.9,,,10,36,28,64,77,,,16,23,6,720,1.9,3.7
2145,Bryan González,MEX,DFFW,Guadalajara,Liga MX,22,15.8,1424,1.72,67.0,1,14,417,34,81.9,,,9,1,3,2,,2,9,17,28,1.5,,,11,33,55,104,57,,,24,33,16,849,3.6,1.5
2146,Armando González,MEX,FW,Guadalajara,Liga MX,22,12.5,1126,ND,ND,1,8,196,5,75.2,,,11,0,13,11,,12,1,10,35,10.6,,,2,21,11,70,32,,,5,6,3,388,0.8,11.4
2147,Cedric Gondo,CIV,FW,Reggiana,Serie B,28,6.7,603,1.87,77.0,0,4,117,8,66.9,,,8,0,1,0,,1,0,5,23,0.7,,,3,11,5,25,10,,,7,7,4,207,0.2,1.5
2148,Pedro Gonçalves,POR,FWMF,Sporting CP,Primeira Liga,27,10.0,899,1.73,66.0,5,5,332,4,75.7,,,9,0,13,7,,8,2,30,27,4.7,,,15,34,47,89,34,,,7,9,5,608,3.8,5.5
2149,Victor Gomez,ESP,DF,Braga,Primeira Liga,25,8.5,769,ND,ND,0,11,405,12,80.9,,,0,1,1,1,,1,10,11,12,0.4,,,20,27,61,65,25,,,18,28,12,737,0.6,0.4
2150,Jaime Gómez Valencia,MEX,DFMF,Querétaro,Liga MX,32,9.2,832,1.75,68.0,0,11,204,23,75.6,,,11,0,0,0,,0,4,3,12,0.1,,,3,10,23,24,40,,,18,22,12,432,0.6,0.1
2151,Sergi Gómez,ESP,DF,Alverca,Primeira Liga,33,9.8,880,1.85,77.0,0,4,273,47,86.7,,,0,1,0,0,,0,7,1,4,0.0,,,0,1,4,0,16,,,5,12,3,468,0.2,0.0
2152,Emiliano Gómez,URU,MFFW,Puebla,Liga MX,23,13.1,1175,1.76,70.0,4,7,282,14,73.1,,,7,0,10,6,,6,3,18,30,2.6,,,20,55,46,84,42,,,3,6,0,476,2.9,2.6
2153,Alejandro Gómez,MEX,DFMF,Tijuana,Liga MX,23,14.1,1271,1.83,72.0,0,11,439,69,82.7,,,5,1,1,1,,1,24,11,5,0.9,,,8,8,49,6,47,,,28,52,11,888,0.4,0.9
2154,José Gomes,POR,DF,Nacional,Primeira Liga,29,10.7,959,1.85,85.0,3,15,161,35,59.8,,,5,1,4,1,,1,9,13,17,1.0,,,12,14,20,42,45,,,14,23,6,464,2.4,1.0
2155,Wouter Goes,NED,DF,AZ Alkmaar,2 Comps,21,14.5,1307,ND,ND,0,23,632,53,88.9,,,1,0,0,0,,0,19,6,8,0.1,,,11,21,91,8,63,,,16,35,9,1037,0.2,0.1
2156,Mika Godts,BEL,FW,Ajax,Eredivisie,20,8.2,741,ND,ND,4,13,266,3,72.1,,,18,0,9,5,,5,5,20,15,2.5,,,24,34,42,81,24,,,7,12,2,383,3.3,2.5
2157,Oscar Gloukh,ISR,MFFW,Ajax,Eredivisie,21,7.5,679,ND,ND,2,3,314,2,80.1,,,18,0,6,4,,4,0,8,13,2.6,,,11,32,47,46,29,,,10,10,6,470,0.9,2.6
2158,Ettore Gliozzi,ITA,FW,Modena,Serie B,29,9.2,827,ND,ND,0,1,123,4,64.3,,,5,0,7,1,,7,1,8,21,3.7,,,5,3,16,36,14,,,5,6,2,242,0.5,9.2
2159,Paul Gladon,NED,FW,Fortuna Sittard,Eredivisie,33,4.6,418,1.88,80.0,1,1,53,6,50.6,,,5,0,5,4,,4,0,3,12,2.0,,,1,1,9,10,6,,,1,1,1,139,0.1,2.0
2160,Andrea Giorgini,ITA,DF,2 Teams,Serie B,23,10.0,900,ND,ND,0,13,517,54,85.2,,,1,0,0,0,,0,7,1,1,0.2,,,2,5,45,4,20,,,10,17,8,804,0.1,0.2
2161,Simone Giordano,ITA,DF,Sampdoria,Serie B,23,4.8,432,ND,ND,0,7,131,15,81.5,,,1,0,0,0,,0,5,1,5,0.0,,,6,4,18,9,17,,,7,12,4,236,0.0,0.0
2162,Tristan van Gilst,NED,FWMF,Heracles Almelo,Eredivisie,22,5.4,488,ND,ND,0,4,52,11,61.8,,,6,0,0,0,,0,2,1,4,0.4,,,0,8,3,11,12,,,1,3,1,107,0.0,0.4
2163,Brodie Gilmore,NIR,DF,Oxford United,Championship,21,9.1,820,ND,ND,0,17,209,38,65.3,,,9,0,0,0,,0,10,1,7,0.1,,,3,6,24,17,37,,,29,39,18,518,0.1,0.1
2164,Macaulay Gillesphey,ENG,DF,Charlton Ath,Championship,29,8.7,780,1.8,75.0,0,8,203,61,64.7,,,0,1,2,2,,2,2,4,4,0.9,,,10,3,24,4,25,,,12,14,6,530,0.2,0.9
2165,Ryan Giles,ENG,DF,Hull City,Championship,25,14.6,1311,1.83,72.0,6,18,294,55,68.9,,,5,0,6,0,,0,9,21,9,0.1,,,23,38,31,66,30,,,13,22,8,691,4.5,0.1
2166,Óscar Gil,ESP,DFMF,OH Leuven,Belgian Pro League,28,9.6,868,1.75,71.0,0,17,161,20,78.0,,,6,0,0,0,,0,15,5,28,0.7,,,3,6,10,34,23,,,25,40,16,397,0.5,0.7
2167,André-Pierre Gignac,FRA,FW,UANL,Liga MX,39,5.9,527,1.86,84.0,0,1,89,2,78.3,,,8,0,2,1,,2,0,8,8,2.7,,,4,4,12,31,6,,,1,1,1,186,1.1,3.5
2168,Lewis Gibson,ENG,DF,Preston,Championship,25,11.4,1022,ND,ND,0,11,351,73,80.8,,,4,0,0,0,,0,15,3,4,0.5,,,3,4,25,7,48,,,15,30,8,715,0.1,0.5
2169,Andrea Ghion,ITA,MF,Empoli,Serie B,25,8.3,745,ND,ND,0,6,267,15,85.1,,,7,1,0,0,,0,9,7,11,0.2,,,10,18,52,10,33,,,23,32,16,474,0.5,0.2
2170,Mourad El Ghezouani,MAR,FW,Tijuana,Liga MX,27,6.7,607,ND,ND,0,2,75,6,74.6,,,8,0,2,2,,2,1,2,24,1.1,,,1,6,8,24,15,,,9,10,3,186,0.1,1.1
2171,Farés Ghedjemis,FRA,FW,Frosinone,Serie B,22,10.6,954,ND,ND,2,6,266,2,78.3,,,9,0,6,4,,4,1,21,19,2.0,,,15,49,24,69,25,,,6,7,4,382,2.2,2.0
2172,Fabio Gerli,ITA,MF,Modena,Serie B,28,8.5,768,ND,ND,0,5,312,17,87.8,,,8,0,0,0,,0,10,7,9,0.1,,,5,32,51,5,45,,,10,20,6,512,0.3,0.1
2173,Pieter Gerkens,BEL,MF,Cercle Brugge,Belgian Pro League,29,14.0,1257,1.8,72.0,0,16,296,32,77.1,,,7,0,2,1,,2,13,16,18,1.8,,,11,6,51,54,46,,,18,31,13,662,1.6,2.5
2174,André Geraldes,POR,DFMF,Casa Pia,Primeira Liga,34,8.4,760,1.81,70.0,0,6,160,30,81.2,,,1,1,0,0,,0,3,3,10,0.1,,,1,6,25,17,22,,,11,14,4,367,0.1,0.1
2175,Wouter George,BEL,MF,OH Leuven,Belgian Pro League,23,5.0,451,1.72,73.0,1,8,85,5,72.7,,,4,0,1,0,,0,8,6,10,0.0,,,3,4,20,8,19,,,19,27,14,200,0.3,0.0
2176,Jacopo Gelli,ITA,DF,Frosinone,Serie B,24,5.3,474,ND,ND,0,5,89,30,74.1,,,0,1,0,0,,0,12,0,4,0.3,,,0,1,14,2,20,,,8,20,7,272,0.0,0.3
2177,Joe Gelhardt,ENG,FWMF,Hull City,Championship,23,12.2,1101,1.72,66.0,2,16,300,9,71.8,,,13,0,9,7,,7,6,13,27,4.6,,,18,28,38,62,61,,,14,20,11,531,1.6,4.6
2178,Stavros Gavriel,CYP,FWMF,Zulte Waregem,Belgian Pro League,23,5.6,500,ND,ND,1,3,136,6,64.2,,,4,0,1,0,,0,1,7,16,1.1,,,5,13,17,54,15,,,4,5,3,223,0.6,1.1
2179,Valentín Gauthier,URU,DF,León,Liga MX,21,4.9,439,ND,ND,0,4,138,29,81.6,,,0,0,0,0,,0,6,0,1,0.0,,,0,1,8,1,11,,,6,12,3,247,0.0,0.0
2180,Yarek Gasiorowski,ESP,DF,PSV Eindhoven,Eredivisie,20,10.5,943,ND,ND,1,22,516,58,91.7,,,1,2,3,2,,2,15,2,5,1.1,,,2,4,47,1,29,,,11,26,5,850,0.1,1.1
2181,Jesús Garza,MEX,DF,UANL,Liga MX,25,7.3,654,1.61,55.0,1,8,214,21,85.6,,,3,0,1,0,,0,9,3,4,0.1,,,3,11,27,32,36,,,16,25,12,456,0.1,0.1
2182,Taylor Gardner-Hickman,ENG,MF,2 Teams,Championship,23,8.2,734,1.88,77.0,0,8,179,19,70.1,,,5,0,0,0,,0,12,11,14,0.4,,,6,12,34,13,29,,,16,28,9,444,0.7,0.4
2183,Santiago García,ESP,MF,Gil Vicente FC,Primeira Liga,23,8.3,743,ND,ND,0,8,204,7,72.4,,,20,1,2,2,,2,2,5,22,1.0,,,5,7,34,34,37,,,7,9,6,385,0.2,1.0
2184,Miguel Garcia,MEX,FWMF,Atlético,Liga MX,23,11.1,997,ND,ND,2,9,215,10,78.3,,,13,0,2,0,,0,4,12,28,1.1,,,5,18,26,56,48,,,19,23,10,409,1.3,1.1
2185,Mateo García,ARG,MF,Atlas,Liga MX,28,6.1,547,1.67,55.0,0,16,183,6,81.1,,,5,0,2,2,,2,8,3,9,1.2,,,2,8,15,20,36,,,11,19,7,310,0.1,1.2
2186,Anselmo García MacNulty,IRL,DF,Zwolle,Eredivisie,22,12.0,1080,ND,ND,0,17,411,72,85.4,,,0,0,0,0,,0,10,3,4,0.2,,,6,8,47,0,41,,,16,26,9,726,0.1,0.2
2187,José García,MEX,DF,FC Juárez,Liga MX,29,10.7,959,1.86,76.0,0,12,332,74,89.2,,,0,0,0,0,,0,10,2,3,0.4,,,0,0,7,1,26,,,10,20,4,674,0.1,0.4
2188,Denzell García,MEX,DFMF,FC Juárez,Liga MX,21,15.9,1427,ND,ND,0,20,461,33,80.7,,,8,0,1,1,,1,18,18,17,1.0,,,11,11,81,20,99,,,45,63,29,1046,1.4,1.0
2189,Brian García,MEX,DF,Pachuca,Liga MX,27,11.4,1029,1.68,62.0,0,10,344,34,79.6,,,5,0,0,0,,0,13,10,9,0.2,,,10,26,54,49,46,,,16,29,9,698,0.3,0.2
2190,Omri Gandelman,ISR,MFFW,Gent,Belgian Pro League,25,10.7,964,ND,ND,1,7,147,18,77.0,,,10,1,8,7,,7,5,7,15,4.1,,,2,3,19,36,34,,,9,14,7,376,0.7,4.1
2191,Ariel Gamarra,PAR,MF,Puebla,Liga MX,22,8.8,795,1.7,77.0,0,8,182,16,87.0,,,10,0,0,0,,0,3,1,16,0.1,,,3,4,28,3,44,,,27,30,19,396,0.1,0.1
2192,Jesús Gallardo,MEX,DF,Toluca,Liga MX,30,13.0,1169,1.77,68.0,1,8,453,34,82.1,,,7,0,5,4,,4,13,18,20,2.1,,,13,36,51,84,40,,,19,32,12,846,2.5,2.1
2193,Benjamín Galdames,MEX,FWMF,Atlético,Liga MX,24,11.4,1026,ND,ND,0,13,248,14,70.2,,,12,0,3,3,,3,4,5,26,2.3,,,4,20,23,70,40,,,19,23,15,429,0.3,2.3
2194,Ethan Galbraith,NIR,MF,Swansea City,Championship,24,13.4,1206,1.75,67.0,1,7,562,15,81.8,,,11,1,1,0,,0,9,12,18,0.7,,,17,27,88,26,63,,,21,30,13,923,0.9,0.7
2195,Eduardo Gabriel,BRA,DF,Pachuca,Liga MX,29,15.0,1349,1.86,76.0,0,16,479,68,89.2,,,0,0,0,0,,0,11,4,6,0.2,,,1,3,44,5,35,,,18,29,9,888,0.3,0.2
2196,Anton Gaaei,DEN,DF,Ajax,Eredivisie,22,5.8,518,ND,ND,1,4,202,14,76.4,,,5,0,1,0,,0,7,8,5,0.3,,,11,24,32,37,23,,,3,10,3,379,1.2,0.3
2197,Sean Fusire,ZIM,DFMF,Sheffield Weds,Championship,20,7.3,660,ND,ND,0,11,161,22,85.5,,,10,1,1,1,,1,7,4,11,0.7,,,10,8,22,25,29,,,17,24,10,329,0.7,0.7
2198,Pietro Fusi,ITA,MF,Padova,Serie B,27,9.1,817,ND,ND,1,22,236,10,78.0,,,5,0,1,0,,0,6,17,16,1.1,,,11,13,28,26,51,,,33,39,21,486,1.7,1.1
2199,Kyogo Furuhashi,JPN,FW,Birmingham City,Championship,30,6.9,623,1.7,63.0,0,2,62,3,47.6,,,3,0,0,0,,0,4,3,20,3.4,,,0,11,7,30,6,,,2,6,1,129,0.4,3.4
2200,Darnell Furlong,ENG,DF,2 Teams,Championship,29,12.0,1079,1.8,76.0,2,9,362,54,74.5,,,3,0,2,0,,0,10,9,12,0.3,,,5,9,41,20,31,,,17,27,12,790,1.0,0.3
2201,Rogelio Funes Mori,MEX,FW,León,Liga MX,34,4.9,440,1.85,74.0,0,1,60,3,82.6,,,3,0,0,0,,0,2,7,12,1.4,,,1,3,8,22,4,,,3,5,2,123,0.4,1.4
2202,Tommaso Fumagalli,ITA,FWMF,Virtus Entella,Serie B,25,7.9,707,ND,ND,3,8,172,6,64.3,,,6,1,4,1,,1,3,18,13,2.2,,,5,11,24,49,26,,,8,11,1,347,2.6,2.2
2203,Raymundo Fulgencio,MEX,MFFW,FC Juárez,Liga MX,25,6.4,574,1.76,60.0,2,3,184,4,73.2,,,8,0,3,1,,1,3,15,10,0.3,,,11,12,25,60,20,,,3,6,2,300,1.3,0.3
2204,Taichi Fukui,JPN,MF,Arouca,Primeira Liga,21,9.6,862,ND,ND,1,6,297,12,85.4,,,6,1,2,1,,1,7,3,12,0.2,,,4,10,42,19,44,,,17,24,14,510,0.1,0.2
2205,Dael Fry,ENG,DF,Middlesbrough,Championship,27,9.4,844,1.9,72.0,0,19,256,68,89.9,,,1,1,2,2,,2,6,4,3,0.4,,,1,0,9,0,24,,,10,16,3,563,0.3,0.4
2206,Victor Froholdt,DEN,MF,Porto,Primeira Liga,19,10.6,957,ND,ND,3,15,223,11,82.0,,,13,1,5,2,,2,8,15,21,1.8,,,3,26,30,41,43,,,9,17,6,386,2.1,1.8
2207,Iván Fresneda,ESP,DF,Sporting CP,Primeira Liga,20,5.1,458,1.62,60.0,0,8,187,16,81.5,,,3,0,0,0,,0,2,3,3,0.0,,,3,17,38,34,17,,,18,20,9,381,0.3,0.0
2208,Benjamin Fredrick,NGA,DFFW,Dender,Belgian Pro League,20,9.6,860,ND,ND,0,14,246,39,80.8,,,5,0,0,0,,0,14,4,5,0.4,,,3,12,25,16,25,,,22,36,11,526,0.8,0.4
2209,Ryan Fraser,SCO,DFFW,Southampton,Championship,31,8.4,753,1.63,70.0,2,8,310,13,78.0,,,2,0,2,0,,0,1,11,7,0.3,,,11,18,33,83,21,,,3,4,1,506,1.5,0.3
2210,Andrea Franzoni,ITA,MF,Virtus Entella,Serie B,28,11.4,1030,ND,ND,0,6,206,12,71.4,,,12,0,2,1,,2,9,12,21,3.2,,,9,12,40,46,47,,,13,22,8,428,1.2,4.0
2211,Bartol Franjić,CRO,DF,Venezia,Serie B,25,5.1,461,1.86,77.0,0,8,191,18,83.8,,,1,0,0,0,,0,5,1,4,0.2,,,2,8,23,13,20,,,7,12,2,346,0.1,0.2
2212,Gonçalo Franco,POR,MF,Swansea City,Championship,24,12.2,1102,1.76,70.0,0,24,321,16,81.4,,,14,0,2,2,,2,13,6,18,0.9,,,7,4,43,33,52,,,37,50,23,658,0.7,0.9
2213,Alexis Francisco Peña,MEX,DF,Necaxa,Liga MX,29,11.9,1071,1.87,72.0,0,8,412,77,88.0,,,0,0,0,0,,0,11,0,1,0.2,,,0,6,21,2,28,,,7,18,3,681,0.0,0.2
2214,Matteo Francesconi,ITA,MF,Cesena,Serie B,21,7.8,704,ND,ND,0,6,154,14,74.4,,,5,0,0,0,,0,10,7,12,0.6,,,6,5,35,7,30,,,13,23,7,329,0.7,0.6
2215,Gianluca Frabotta,ITA,DF,Cesena,Serie B,26,7.3,661,1.87,78.0,0,12,224,28,68.4,,,4,0,2,2,,2,4,3,9,1.0,,,6,22,15,34,26,,,10,14,3,463,0.7,1.0
2216,Daam Foulon,BEL,DFFW,Antwerp,Belgian Pro League,26,9.5,851,1.8,72.0,2,7,238,33,74.8,,,2,0,2,0,,0,12,9,8,0.4,,,12,18,36,43,25,,,13,25,6,511,1.6,0.4
2217,Ryan Fosso,SUI,MFDF,Fortuna Sittard,Eredivisie,23,11.8,1061,ND,ND,0,13,389,17,87.5,,,6,1,0,0,,0,18,4,18,0.3,,,3,10,31,6,85,,,28,46,17,615,0.1,0.3
2218,Marlon Fossey,USA,DF,Standard Liège,Belgian Pro League,26,10.2,916,ND,ND,0,11,258,40,71.3,,,5,0,1,1,,1,15,6,19,0.7,,,8,30,21,47,35,,,11,26,5,555,0.4,0.7
2219,Craig Forsyth,SCO,DF,Derby County,Championship,36,7.9,713,1.89,74.0,0,9,183,39,66.2,,,1,1,0,0,,0,14,3,6,0.1,,,6,14,40,11,28,,,11,25,9,483,0.1,0.1
2220,Carlos Forbs,POR,FW,Club Brugge,Belgian Pro League,21,9.0,806,ND,ND,3,4,339,7,77.9,,,9,0,5,2,,2,5,17,21,1.3,,,28,47,46,143,28,,,12,17,8,479,1.6,1.3
2221,José Fonte,POR,DF,Casa Pia,Primeira Liga,41,9.0,809,1.87,81.0,0,12,176,53,85.7,,,0,2,1,1,,1,6,2,4,0.6,,,1,1,16,3,25,,,3,9,2,415,0.0,0.6
2222,Alessandro Fontanarosa,ITA,DF,Avellino,Serie B,22,7.8,701,ND,ND,0,11,302,39,84.5,,,5,0,0,0,,0,14,0,3,0.0,,,2,12,25,3,25,,,17,31,9,552,0.0,0.0
2223,José Fontán,ESP,DF,Arouca,Primeira Liga,25,9.9,887,1.82,75.0,0,13,477,65,88.1,,,1,0,1,1,,1,9,3,6,0.4,,,1,5,37,3,39,,,15,24,11,780,0.1,0.4
2224,Nicolas Fonseca,URU,MF,León,Liga MX,26,12.6,1135,ND,ND,0,29,475,22,85.7,,,9,2,0,0,,0,10,5,15,0.3,,,4,5,61,14,71,,,33,43,20,808,0.5,1.1
2225,Raul Florucz,AUT,FW,Union SG,Belgian Pro League,24,7.9,708,ND,ND,3,4,162,3,63.3,,,18,0,9,4,,6,3,11,38,3.5,,,19,14,25,64,28,,,10,13,6,271,1.0,5.0
2226,Sherel Floranus,CUW,DF,Zwolle,Eredivisie,26,11.8,1059,1.81,74.0,1,13,309,49,80.5,,,8,0,1,0,,0,22,5,12,0.3,,,8,18,36,43,48,,,11,33,5,658,0.8,0.3
2227,Ryan Flamingo,NED,DF,PSV Eindhoven,Eredivisie,22,7.8,700,ND,ND,1,11,349,53,90.6,,,3,1,2,1,,1,6,2,0,0.6,,,4,6,45,1,19,,,10,16,7,613,1.5,0.6
2228,Kellen Fisher,ENG,DFMF,Norwich City,Championship,21,8.5,769,ND,ND,0,14,272,26,78.0,,,9,2,0,0,,0,14,2,11,0.1,,,4,9,33,22,37,,,24,38,16,535,0.1,0.1
2229,Mattia Finotto,ITA,FWMF,Carrarese,Serie B,32,9.3,838,ND,ND,3,5,123,3,63.2,,,4,0,5,2,,2,1,11,21,2.8,,,7,15,12,55,12,,,3,4,3,214,1.7,2.8
2230,Sam Field,ENG,MFDF,QPR,Championship,27,6.0,538,1.8,65.0,0,10,115,22,79.9,,,3,0,0,0,,0,6,1,6,0.3,,,3,5,20,14,21,,,11,17,6,271,0.0,0.3
2231,Álvaro Fidalgo,ESP,MF,América,Liga MX,28,12.1,1088,1.71,68.0,0,13,736,12,90.5,,,15,0,1,1,,1,2,20,15,0.5,,,20,30,145,40,67,,,21,23,16,1051,1.4,0.5
2232,Nacho Ferri,ESP,FW,Westerlo,Belgian Pro League,20,11.6,1041,1.92,80.0,1,7,166,16,57.1,,,19,0,5,4,,4,1,9,44,5.8,,,6,13,22,55,20,,,12,13,8,351,0.7,5.8
2233,Pedro Ferreira,POR,MF,Santa Clara,Primeira Liga,27,6.7,606,ND,ND,0,15,154,17,72.8,,,3,0,0,0,,0,9,4,11,0.2,,,3,3,27,29,35,,,23,32,15,337,0.2,0.2
2234,Marcelo dos Santos Ferreira,BRA,DF,Moreirense,Primeira Liga,36,10.0,900,1.82,72.0,0,16,332,92,84.3,,,0,3,1,1,,1,14,0,2,1.5,,,0,1,13,1,21,,,11,25,6,683,0.0,1.5
2235,Fabio Ferraro,BEL,DFFW,Dender,Belgian Pro League,22,13.6,1223,ND,ND,1,15,389,34,68.9,,,12,0,1,0,,0,13,23,28,0.9,,,17,30,39,78,47,,,24,37,18,810,1.5,0.9
2236,Andrés Ferrari,URU,FWMF,Sint-Truiden,Belgian Pro League,22,8.9,797,ND,ND,1,14,125,8,74.0,,,10,0,3,1,,2,6,8,41,2.3,,,3,11,11,34,20,,,12,18,7,246,1.0,3.8
2237,Alex Ferrari,ITA,DF,Sampdoria,Serie B,31,4.6,418,1.83,70.0,0,9,130,25,86.7,,,0,1,0,0,,0,4,0,1,0.0,,,0,0,6,0,23,,,9,13,7,269,0.0,0.0
2238,Gustavo Ferrareis,BRA,DF,Atlas,Liga MX,29,16.4,1476,1.77,71.0,3,17,391,60,76.5,,,11,1,3,0,,0,9,23,22,0.4,,,18,31,43,53,63,,,25,34,20,776,2.8,0.4
2239,Rafael Fernández,MEX,DF,Tijuana,Liga MX,24,13.6,1226,ND,ND,1,13,326,46,79.0,,,8,1,2,1,,1,9,7,18,0.7,,,13,13,48,33,42,,,37,46,25,766,0.8,0.7
2240,Gabriel Fernández,URU,FW,Cruz Azul,Liga MX,31,9.2,831,1.86,80.0,1,5,140,8,69.8,,,14,0,8,6,,7,1,8,31,3.9,,,7,11,14,45,18,,,8,9,4,266,0.4,4.7
2241,Derensili Fernandes,NED,FW,Excelsior,Eredivisie,24,9.3,835,ND,ND,1,5,282,7,76.6,,,25,0,2,1,,1,3,6,38,1.4,,,8,36,31,81,53,,,9,12,7,432,1.0,1.4
2242,Tom Fellows,ENG,FWMF,2 Teams,Championship,22,8.7,787,ND,ND,1,6,266,10,77.6,,,7,0,1,0,,0,4,16,13,1.1,,,17,53,21,78,21,,,11,15,8,412,1.3,1.1
2243,Juan Fedorco,ARG,DF,Puebla,Liga MX,24,10.2,922,ND,ND,0,22,313,60,84.6,,,3,0,0,0,,0,16,1,6,0.3,,,0,4,18,2,41,,,21,37,10,620,0.0,0.3
2244,Wagane Faye,SEN,DF,La Louvière,Belgian Pro League,31,14.0,1260,1.8,74.0,1,14,266,74,65.2,,,4,1,2,1,,1,12,2,9,0.6,,,8,9,47,2,53,,,30,42,19,649,0.3,0.6
2245,Costantino Favasuli,ITA,DF,Catanzaro,Serie B,21,10.4,938,ND,ND,0,14,251,16,81.1,,,3,1,1,1,,1,6,7,21,1.1,,,2,32,14,63,39,,,31,37,20,470,0.4,1.1
2246,Abdul Fatawu Issahaku,GHA,FW,Leicester City,Championship,21,14.4,1297,1.77,73.0,3,14,505,24,65.1,,,24,0,6,3,,3,10,20,59,2.5,,,33,76,49,154,64,,,16,26,7,746,2.1,2.5
2247,Marco Farfan,USA,DF,UANL,Liga MX,26,10.0,900,1.78,70.0,1,8,348,13,87.8,,,8,0,3,2,,2,7,10,7,1.0,,,5,15,39,32,27,,,16,23,6,646,0.8,1.0
2248,Lorenzo Faravelli,ARG,MF,Cruz Azul,Liga MX,32,7.2,652,1.71,69.0,1,5,291,6,88.2,,,3,0,1,0,,0,6,6,10,0.2,,,6,10,35,14,28,,,17,23,11,475,0.3,0.2
2249,Wout Faes,BEL,DF,Leicester City,Championship,27,7.0,633,1.88,80.0,1,3,312,45,90.1,,,0,0,2,1,,1,6,2,2,0.7,,,1,7,42,4,28,,,5,11,4,545,0.3,0.7
2250,Carlo Faedo,ITA,DF,Padova,Serie B,26,9.9,894,ND,ND,0,11,324,43,80.9,,,4,1,0,0,,0,18,3,10,0.4,,,7,15,47,16,34,,,29,47,16,686,0.1,0.4
2251,Fábio,BRA,FW,Mazatlán,Liga MX,28,12.6,1131,1.92,81.0,0,7,161,10,60.6,,,21,0,3,2,,3,0,5,38,3.2,,,2,9,16,46,25,,,1,1,1,301,0.6,4.0
2252,Milan van Ewijk,NED,DF,Coventry City,Championship,24,13.6,1220,1.75,71.0,5,16,301,38,65.6,,,7,1,5,0,,0,16,17,18,0.8,,,13,23,48,53,43,,,23,39,19,774,2.1,0.8
2253,Oscar Estupiñan,COL,FW,FC Juárez,Liga MX,28,11.3,1021,1.82,76.0,0,2,119,14,70.6,,,7,0,8,4,,8,2,8,20,2.8,,,2,4,12,44,19,,,4,6,4,249,0.5,5.9
2254,Luís Esteves,POR,MF,Gil Vicente FC,Primeira Liga,27,9.3,836,ND,ND,2,2,310,8,72.5,,,9,0,5,3,,3,9,23,21,1.5,,,15,15,50,30,52,,,15,24,8,532,2.5,1.5
2255,Salvatore Esposito,ITA,MF,Spezia,Serie B,24,9.9,895,1.77,70.0,2,13,384,15,81.9,,,4,0,3,0,,1,9,19,7,0.6,,,17,7,67,9,59,,,15,24,7,747,1.4,2.1
2256,Dagoberto Espinoza,MEX,DFMF,América,Liga MX,21,5.6,507,ND,ND,0,4,176,16,84.9,,,3,0,1,1,,1,2,4,9,0.1,,,4,19,10,34,26,,,12,14,9,317,0.6,0.1
2257,Tiago Esgaio,POR,DF,Arouca,Primeira Liga,29,8.6,776,1.75,72.0,0,11,200,39,68.7,,,1,1,0,0,,0,6,6,4,0.1,,,8,5,32,22,25,,,11,17,5,518,0.3,0.1
2258,Kevin Escamilla,MEX,MFDF,2 Teams,Liga MX,31,6.0,544,1.8,72.0,0,7,143,23,88.7,,,0,2,0,0,,0,6,1,5,0.0,,,2,2,15,3,12,,,7,13,5,262,0.1,0.0
2259,Jeppe Erenbjerg,DEN,MFFW,Zulte Waregem,Belgian Pro League,25,11.6,1040,ND,ND,1,9,296,6,78.7,,,9,1,8,6,,7,5,15,31,4.0,,,17,28,63,58,35,,,8,13,6,482,1.3,4.8
2260,Luis Enrique Quiñones,COL,MFFW,Pachuca,Liga MX,34,12.8,1149,1.78,72.0,0,15,437,5,76.8,,,22,0,2,2,,2,2,25,42,1.8,,,20,38,51,91,56,,,41,43,29,774,1.8,1.8
2261,Patrick Enrici,ITA,DF,Avellino,Serie B,24,5.3,479,ND,ND,0,6,210,34,89.2,,,1,0,0,0,,0,4,3,2,0.0,,,2,5,13,2,18,,,6,10,5,349,0.1,0.0
2262,Alonzo Engwanda,BEL,MF,Utrecht,Eredivisie,22,11.0,993,ND,ND,0,11,259,28,84.9,,,7,2,0,0,,0,15,3,12,0.1,,,3,5,33,3,42,,,37,52,21,566,0.2,0.1
2263,Anosike Ementa,DEN,FW,Zulte Waregem,Belgian Pro League,23,8.3,743,ND,ND,2,2,160,25,56.4,,,14,0,3,1,,1,1,21,37,1.7,,,12,8,30,64,12,,,5,6,3,363,2.1,1.7
2264,Aidomo Emakhu,IRL,FWMF,Millwall,Championship,21,6.6,592,ND,ND,0,14,128,6,50.9,,,10,0,0,0,,0,3,12,16,0.6,,,15,18,19,57,17,,,14,17,6,260,1.3,0.6
2265,Simon Elisor,FRA,FW,Famalicão,Primeira Liga,26,9.0,807,ND,ND,1,3,132,8,75.0,,,8,0,2,1,,1,0,10,17,2.2,,,4,6,14,31,20,,,7,7,5,212,1.3,2.2
2266,Marvin Elimbi,FRA,DF,Gil Vicente FC,Primeira Liga,22,11.0,990,1.86,74.0,0,11,315,76,82.5,,,1,1,0,0,,0,2,2,2,0.4,,,0,7,22,4,25,,,9,11,6,551,0.2,0.4
2267,Salvatore Elia,ITA,DFFW,Empoli,Serie B,26,9.4,843,ND,ND,2,5,185,21,62.4,,,2,1,2,0,,0,4,7,23,0.7,,,10,30,32,37,44,,,25,29,17,375,0.9,0.7
2268,Callum Elder,AUS,DF,Derby County,Championship,30,9.6,861,1.8,77.0,1,18,208,40,57.6,,,5,0,2,1,,1,11,13,10,0.1,,,12,15,36,17,25,,,16,27,11,568,1.0,0.1
2269,Sindre Egeli,NOR,FW,Ipswich Town,Championship,19,5.4,489,ND,ND,1,6,157,4,65.2,,,6,0,1,0,,0,3,7,16,0.7,,,12,23,29,41,25,,,8,11,3,249,0.9,0.7
2270,John Egan,IRL,DF,Hull City,Championship,32,13.0,1171,1.85,87.0,0,22,356,93,81.7,,,0,1,1,1,,1,12,2,6,0.6,,,0,3,19,1,35,,,16,28,10,736,0.2,0.6
2271,Ronnie Edwards,ENG,DF,Southampton,Championship,22,7.3,657,1.8,75.0,0,7,364,43,86.0,,,1,0,0,0,,0,4,2,6,0.3,,,1,7,49,12,25,,,7,11,4,638,0.1,0.3
2272,Joshua Edwards,ENG,DF,Charlton Ath,Championship,25,6.1,549,ND,ND,0,6,111,29,58.3,,,0,0,0,0,,0,2,7,7,0.1,,,4,9,23,12,13,,,12,14,6,347,0.7,0.1
2273,Nosa Edward Obaretin,ITA,DF,Empoli,Serie B,22,9.0,809,ND,ND,1,5,264,34,86.6,,,4,0,1,0,,0,6,3,4,0.0,,,1,5,39,14,18,,,18,24,10,525,0.2,0.0
2274,Victor Edvardsen,SWE,FWMF,Go Ahead Eag,Eredivisie,29,5.8,518,1.85,87.0,2,1,108,2,61.2,,,3,0,3,1,,1,0,11,10,1.3,,,6,2,14,48,8,,,4,4,3,197,1.7,1.3
2275,Oliver Edvardsen,NOR,FW,Ajax,Eredivisie,26,4.8,432,1.76,70.0,0,6,119,6,81.7,,,9,0,0,0,,0,2,3,7,0.5,,,7,7,12,34,20,,,6,8,5,211,0.3,0.5
2276,Francisco Eduardo Venegas,MEX,DF,Querétaro,Liga MX,27,10.9,984,1.78,65.0,0,6,224,30,71.6,,,3,0,0,0,,0,10,3,5,0.4,,,1,10,30,38,38,,,20,30,11,504,0.3,0.4
2277,Jorge Eduardo Sánchez,MEX,DF,Cruz Azul,Liga MX,27,11.2,1009,1.75,76.0,1,8,264,24,82.4,,,6,1,1,0,,0,6,18,19,0.5,,,9,16,15,58,35,,,23,29,14,554,1.1,0.5
2278,Dennis Eckert,GER,MF,Standard Liège,Belgian Pro League,28,7.3,654,1.83,80.0,0,4,102,10,69.2,,,17,0,1,1,,1,3,4,17,1.4,,,3,10,7,32,16,,,9,12,6,247,0.3,1.4
2279,Rodrigo Echeverría,CHI,MFDF,León,Liga MX,30,15.7,1411,1.83,73.0,0,16,560,24,87.6,,,4,0,0,0,,0,15,8,14,0.8,,,6,6,69,11,79,,,26,41,18,899,0.7,0.8
2280,Uroš Đurđević,MNE,FW,Atlas,Liga MX,31,15.1,1361,1.82,82.0,1,10,220,5,65.7,,,15,0,8,3,,7,2,12,46,2.1,,,7,14,23,63,24,,,0,2,0,358,1.1,5.3
2281,Jean-Kevin Duverne,HAI,DF,Gent,Belgian Pro League,28,6.6,593,1.84,71.0,1,8,243,48,78.5,,,1,1,1,0,,0,7,2,7,0.1,,,4,6,27,8,22,,,14,21,11,487,1.0,0.1
2282,Noë Dussenne,BEL,DF,OH Leuven,Belgian Pro League,33,9.9,889,1.91,85.0,0,6,351,60,78.9,,,1,1,0,0,,0,14,4,7,0.4,,,2,1,36,4,34,,,17,31,10,696,0.5,0.4
2283,Jimmy Dunne,IRL,DF,QPR,Championship,27,12.7,1141,1.83,75.0,2,14,332,72,72.6,,,10,0,2,0,,0,9,10,16,0.6,,,10,23,48,34,36,,,26,35,18,808,1.4,0.6
2284,Lance Duijvestijn,NED,MF,Sparta R'dam,Eredivisie,26,4.8,432,ND,ND,0,3,136,10,74.0,,,5,0,0,0,,0,2,7,8,0.7,,,7,9,25,13,31,,,15,17,11,237,0.5,0.7
2285,Rubén Duarte,ESP,DF,UNAM,Liga MX,29,14.3,1290,1.72,68.0,1,15,463,66,85.2,,,5,1,3,2,,2,15,7,4,0.9,,,6,19,78,35,58,,,23,38,15,938,0.9,0.9
2286,Anderson Duarte,URU,FWMF,Mazatlán,Liga MX,21,7.6,681,1.75,64.0,0,4,123,1,66.7,,,10,0,2,2,,2,2,8,18,2.6,,,4,11,9,26,24,,,8,10,4,235,1.3,2.6
2287,Cody Drameh,ENG,DFFW,Hull City,Championship,23,8.4,760,1.75,68.0,1,17,191,32,75.6,,,2,0,1,0,,0,7,6,11,0.4,,,6,8,26,33,33,,,20,27,14,494,0.8,0.4
2288,Andre Dozzell,ENG,MF,Portsmouth,Championship,26,14.8,1328,1.72,70.0,0,15,281,19,79.7,,,4,1,1,1,,1,10,14,12,0.4,,,13,10,69,24,43,,,15,25,10,688,1.0,0.4
2289,Tommy Doyle,ENG,MFFW,Birmingham City,Championship,23,7.2,650,1.72,73.0,1,11,236,12,80.3,,,3,0,1,0,,0,9,13,5,0.4,,,6,1,46,6,38,,,11,20,5,479,0.9,0.4
2290,Callum Doyle,ENG,DF,Wrexham,Championship,21,5.1,457,1.85,72.0,0,9,140,27,69.9,,,4,0,0,0,,0,7,1,4,0.1,,,2,4,18,3,23,,,13,20,7,343,0.0,0.1
2291,Flynn Downes,ENG,MF,Southampton,Championship,26,6.2,558,1.72,66.0,0,5,178,11,85.9,,,5,0,0,0,,0,11,4,7,1.0,,,3,7,22,8,25,,,7,18,5,331,0.5,1.0
2292,Rodrigo Dourado,BRA,MF,Atlético,Liga MX,31,11.9,1069,1.86,78.0,2,20,267,28,86.2,,,6,0,2,0,,0,11,3,15,0.6,,,3,10,55,10,55,,,27,38,14,593,0.2,0.6
2293,Mamadou Doumbia,MLI,FW,Watford,Championship,19,5.5,497,ND,ND,1,8,99,9,74.8,,,11,0,2,1,,1,1,4,14,1.1,,,1,7,11,35,20,,,3,4,2,172,0.7,1.1
2294,Mahamadou Doumbia,MLI,MF,Antwerp,Belgian Pro League,21,5.8,526,ND,ND,1,3,177,1,86.1,,,9,1,3,1,,2,4,7,12,0.2,,,5,10,44,17,30,,,4,8,3,249,0.5,1.8
2295,Issa Doumbia,ITA,MF,Venezia,Serie B,21,10.8,974,ND,ND,1,15,372,9,89.2,,,15,1,3,2,,2,4,14,39,3.0,,,3,33,36,81,53,,,9,13,5,584,1.0,3.0
2296,Mehdi Dorval,ALG,DF,Bari,Serie B,24,9.3,837,ND,ND,1,11,232,31,74.2,,,10,0,2,1,,1,7,8,18,0.7,,,7,26,30,43,35,,,11,18,7,477,1.5,0.7
2297,Dória,BRA,DF,Atlas,Liga MX,30,12.4,1115,1.88,82.0,0,9,250,76,81.2,,,0,0,1,1,,1,16,0,9,0.2,,,1,5,11,2,23,,,8,24,6,508,0.0,0.2
2298,Juan Domínguez,MEX,FWMF,Toluca,Liga MX,26,5.0,453,ND,ND,1,0,141,1,77.4,,,9,0,2,1,,1,1,8,7,1.7,,,7,24,16,40,19,,,8,9,6,231,2.0,1.7
2299,Alexei Dominguez,MEX,FWMF,Pachuca,Liga MX,20,5.2,467,1.71,67.0,0,5,114,2,66.7,,,6,0,1,1,,1,4,2,7,0.6,,,0,15,12,28,16,,,5,9,3,200,0.1,0.6
2300,Greg Docherty,SCO,MF,Charlton Ath,Championship,28,13.7,1234,1.77,72.0,2,19,187,32,65.9,,,9,0,2,0,,0,10,13,17,0.9,,,10,5,38,22,55,,,26,36,14,501,0.8,1.7
2301,George Dobson,ENG,MF,Wrexham,Championship,27,13.1,1183,1.85,75.0,0,23,398,30,82.9,,,9,0,1,1,,1,12,11,18,1.1,,,16,8,96,19,61,,,43,55,27,750,0.6,1.1
2302,Lewis Dobbin,ENG,FW,Preston,Championship,22,6.8,611,1.75,64.0,2,5,171,1,78.5,,,15,0,5,3,,3,0,9,33,2.2,,,5,25,11,47,24,,,4,4,1,245,0.6,2.2
2303,Naïs Djouahra,FRA,FW,Arouca,Primeira Liga,25,8.9,798,ND,ND,1,7,194,7,72.8,,,5,0,6,5,,5,8,5,15,0.7,,,8,16,29,43,20,,,10,18,5,361,1.0,0.7
2304,Willer Ditta,COL,DF,Cruz Azul,Liga MX,28,16.2,1462,ND,ND,0,16,677,70,90.2,,,2,2,0,0,,0,19,7,11,0.2,,,5,19,58,9,70,,,22,41,17,1133,0.4,0.2
2305,Gora Diouf,SEN,DF,Mechelen,Belgian Pro League,21,7.2,648,ND,ND,1,12,257,58,83.3,,,2,0,1,0,,0,7,3,6,0.2,,,1,2,17,0,21,,,16,23,10,477,0.2,0.2
2306,Edan Diop,FRA,MF,Cercle Brugge,Belgian Pro League,20,12.4,1120,ND,ND,1,26,464,14,76.3,,,16,0,4,2,,3,9,25,32,2.7,,,26,43,77,99,63,,,19,28,11,742,2.3,3.5
2307,Daan Dierckx,BEL,DF,Standard Liège,Belgian Pro League,22,7.7,695,1.92,81.0,0,17,222,57,85.9,,,1,0,0,0,,0,6,0,6,0.2,,,2,3,22,0,25,,,9,15,5,447,0.0,0.2
2308,Matisse Didden,BEL,DF,Utrecht,Eredivisie,23,5.6,500,ND,ND,0,9,221,37,83.0,,,0,2,1,1,,1,6,3,4,0.3,,,1,1,16,1,22,,,5,11,1,375,0.1,0.3
2309,Lorenzo Dickmann,ITA,DF,Bari,Serie B,28,11.0,990,1.77,70.0,3,9,271,38,80.1,,,4,1,3,0,,0,8,14,15,0.2,,,11,16,25,42,53,,,18,26,9,531,2.0,0.2
2310,Robert Dickie,ENG,DF,Bristol City,Championship,29,12.7,1144,1.93,75.0,0,17,438,105,81.2,,,2,1,0,0,,0,17,4,6,0.9,,,2,1,30,0,64,,,14,31,9,854,0.2,0.9
2311,Jair Díaz,MEX,DF,Mazatlán,Liga MX,26,5.3,481,1.8,78.0,0,6,115,7,84.6,,,1,0,0,0,,0,6,0,4,0.0,,,3,2,15,5,12,,,10,16,6,221,0.0,0.0
2312,Ismael Díaz,PAN,FWMF,León,Liga MX,28,8.5,768,1.82,72.0,1,9,213,9,84.5,,,12,0,6,4,,5,3,10,28,4.0,,,10,22,24,66,27,,,8,11,5,350,0.5,4.7
2313,Nicolás Díaz Huincales,CHI,DFMF,Puebla,Liga MX,26,14.4,1293,1.78,75.0,1,20,494,59,83.9,,,5,1,1,0,,0,19,8,10,0.8,,,8,14,89,17,80,,,35,54,23,1036,0.3,0.8
2314,Matheus Dias,BRA,MFDF,Nacional,Primeira Liga,23,9.4,843,ND,ND,0,10,184,45,84.4,,,1,0,0,0,,0,25,2,11,0.8,,,2,2,16,2,33,,,15,40,9,422,0.5,0.8
2315,Salim Diakité,MLI,DF,Palermo,Serie B,25,6.4,575,ND,ND,0,10,156,13,69.1,,,3,0,1,1,,1,6,5,11,0.6,,,1,19,12,21,24,,,12,18,8,307,0.3,0.6
2316,Ousmane Diakité,MLI,MF,West Brom,Championship,25,5.7,517,ND,ND,0,5,202,12,87.2,,,4,0,0,0,,0,8,5,4,0.5,,,4,7,27,4,45,,,12,20,11,366,0.2,0.5
2317,Oumar Diakité,CIV,FW,2 Teams,2 Comps,21,7.4,662,1.78,65.0,0,4,134,2,74.3,,,14,0,2,2,,2,5,11,35,3.5,,,5,11,17,49,21,,,5,8,4,238,0.8,3.5
2318,Giuseppe Di Serio,ITA,FW,Spezia,Serie B,24,6.1,549,1.82,76.0,1,6,104,4,67.3,,,19,0,2,1,,1,0,5,20,2.0,,,2,10,9,34,15,,,6,6,4,177,0.8,2.0
2319,Antonio Di Nardo,ITA,FW,Pescara,Serie B,26,9.4,849,ND,ND,2,6,132,6,76.0,,,11,0,5,3,,3,1,5,31,1.6,,,1,5,7,50,22,,,0,1,0,282,0.3,1.6
2320,Stefano Di Mario,ITA,DFFW,Virtus Entella,Serie B,20,11.8,1066,ND,ND,1,12,226,45,69.0,,,7,0,1,0,,0,8,10,18,1.1,,,6,19,19,33,47,,,37,45,24,545,0.9,1.1
2321,Francesco Di Mariano,ITA,FW,Modena,Serie B,29,7.3,658,1.77,68.0,2,2,186,4,72.6,,,6,0,2,0,,0,2,19,12,0.8,,,14,26,30,47,19,,,8,10,1,315,2.0,0.8
2322,Gianluca Di Chiara,ITA,DF,Catanzaro,Serie B,31,4.9,445,1.85,80.0,1,4,169,18,73.5,,,0,0,1,0,,0,2,8,6,0.1,,,6,8,30,14,12,,,15,17,8,320,0.7,0.1
2323,Alfie Devine,ENG,MF,Preston,Championship,20,9.1,817,1.79,75.0,1,17,218,9,68.0,,,4,0,3,2,,2,4,12,14,1.7,,,6,20,27,41,34,,,24,28,16,448,2.2,1.7
2324,Sergiño Dest,USA,DF,PSV Eindhoven,Eredivisie,24,10.5,941,1.73,69.0,2,6,478,17,87.1,,,12,1,3,1,,1,5,16,31,0.6,,,16,44,77,56,72,,,21,26,12,812,2.0,0.6
2325,David van der Werff,NED,FWMF,Groningen,Eredivisie,20,7.4,670,ND,ND,0,8,142,5,72.3,,,2,0,2,2,,2,6,13,9,2.5,,,8,12,25,34,21,,,19,25,9,315,1.4,2.5
2326,Djevencio van der Kust,SUR,DF,Heracles Almelo,Eredivisie,24,5.0,454,ND,ND,0,9,93,24,75.2,,,4,0,0,0,,0,4,2,9,0.0,,,3,5,8,10,23,,,12,16,9,230,0.1,0.0
2327,Mike van der Hoorn,NED,DF,Utrecht,Eredivisie,32,7.9,708,1.9,81.0,0,9,338,44,84.6,,,2,0,0,0,,0,16,4,0,0.4,,,3,3,36,2,23,,,7,23,2,626,0.4,0.4
2328,Fabio Depaoli,ITA,DFFW,Sampdoria,Serie B,28,7.9,708,1.78,74.0,0,8,91,14,61.9,,,2,0,2,2,,2,6,5,13,1.0,,,3,5,16,25,14,,,12,18,6,229,0.4,1.0
2329,Thomas van den Belt,NED,MF,Twente,Eredivisie,24,7.0,627,1.81,74.0,0,9,206,10,79.3,,,2,0,2,2,,2,10,8,14,1.3,,,7,13,26,20,33,,,14,24,8,408,0.6,1.3
2330,Siriki Dembélé,CIV,MFFW,Oxford United,Championship,28,5.9,535,1.73,67.0,0,8,142,4,73.3,,,24,0,0,0,,0,5,11,22,0.9,,,8,18,13,29,40,,,8,13,6,232,0.8,0.9
2331,Karamoko Dembélé,ENG,FW,QPR,Championship,22,7.9,709,1.68,56.0,0,3,184,4,71.9,,,19,0,0,0,,0,1,11,23,1.1,,,23,21,35,52,31,,,9,10,8,325,1.0,1.1
2332,Mathias Delorge,BEL,MF,Gent,Belgian Pro League,21,9.6,860,ND,ND,2,10,402,10,85.7,,,7,1,2,0,,0,10,9,17,0.2,,,4,8,70,14,45,,,17,27,11,722,0.7,0.2
2333,Filippo Delli Carri,ITA,DF,Monza,Serie B,26,5.4,487,ND,ND,0,9,202,39,89.1,,,4,0,0,0,,0,8,2,2,0.3,,,0,2,12,1,19,,,11,19,7,377,0.4,0.3
2334,Everardo Del Villar,MEX,DF,Toluca,Liga MX,20,7.4,666,1.8,68.0,0,10,269,33,91.1,,,1,0,0,0,,0,6,2,2,0.1,,,1,6,31,5,19,,,5,11,2,508,0.1,0.1
2335,Mats Deijl,NED,DF,Go Ahead Eag,Eredivisie,28,12.0,1080,ND,ND,1,13,341,40,81.2,,,2,0,2,0,,1,6,9,11,0.6,,,13,16,45,55,44,,,17,23,16,707,1.4,2.1
2336,Amar Dedić,BIH,DF,Benfica,Primeira Liga,22,7.4,666,1.8,67.0,1,2,288,16,82.2,,,8,0,2,1,,1,6,9,9,0.2,,,9,39,40,54,27,,,14,20,7,490,1.4,0.2
2337,Alessandro Debenedetti,ITA,FWMF,Virtus Entella,Serie B,21,7.0,634,ND,ND,0,8,90,4,72.2,,,12,0,1,1,,1,0,4,22,1.6,,,1,4,8,26,28,,,7,7,3,191,0.9,1.6
2338,Zeno Debast,BEL,DF,Sporting CP,Primeira Liga,21,7.4,663,1.89,73.0,0,4,425,24,90.2,,,2,1,0,0,,0,3,3,2,0.2,,,8,6,47,2,37,,,8,11,6,635,0.2,0.2
2339,Kamiel Van De Perre,BEL,MF,Union SG,Belgian Pro League,21,6.0,538,1.81,70.0,2,3,139,17,80.4,,,3,0,2,0,,0,8,6,10,0.1,,,4,2,32,6,32,,,26,34,19,296,0.3,0.1
2340,Dion De Neve,BEL,DFFW,Blackburn,Championship,23,4.4,400,1.8,68.0,1,5,99,8,59.9,,,2,0,1,0,,0,2,5,12,0.5,,,5,16,10,39,22,,,15,17,9,197,1.4,0.5
2341,Brian De Keersmaecker,BEL,MF,Oxford United,Championship,25,12.7,1143,ND,ND,3,20,326,25,77.5,,,10,0,3,0,,0,14,23,18,1.3,,,7,15,60,16,73,,,26,40,13,701,3.5,1.3
2342,Luc De Fougerolles,CAN,DF,Dender,Belgian Pro League,19,10.6,954,ND,ND,1,16,370,44,83.4,,,7,0,1,0,,0,15,4,5,0.3,,,2,5,31,3,40,,,18,33,11,675,0.2,0.3
2343,Nathan De Cat,BEL,MF,Anderlecht,Belgian Pro League,17,12.1,1086,ND,ND,1,8,317,18,72.7,,,8,0,2,1,,1,12,9,10,0.7,,,10,9,68,19,53,,,19,31,9,575,0.8,0.7
2344,Diego De Buen,MEX,MFDF,Necaxa,Liga MX,34,11.0,989,1.81,75.0,1,7,305,23,85.0,,,2,1,2,1,,1,6,12,10,0.5,,,5,4,45,9,33,,,17,23,12,545,1.0,0.5
2345,Mathias De Amorim,POR,MF,Famalicão,Primeira Liga,20,9.4,842,ND,ND,1,6,228,4,75.3,,,10,1,2,1,,1,6,10,26,1.2,,,5,10,29,39,55,,,27,33,14,399,0.6,1.2
2346,Leif Davis,ENG,DF,Ipswich Town,Championship,25,12.5,1121,1.66,67.0,1,4,373,41,69.9,,,5,0,1,0,,0,11,16,27,0.5,,,17,32,47,85,41,,,8,19,4,753,2.6,0.5
2347,José David Ramírez,MEX,DFFW,León,Liga MX,29,6.2,555,1.68,64.0,0,3,232,10,88.2,,,1,0,0,0,,0,6,3,5,0.1,,,3,12,27,33,19,,,9,15,7,398,0.2,0.1
2348,Promise David,CAN,FW,Union SG,Belgian Pro League,24,6.4,578,1.96,91.0,0,6,109,6,53.2,,,9,0,5,5,,5,1,2,21,5.7,,,1,15,11,53,19,,,2,3,2,212,0.1,6.4
2349,Jesús David Murillo,COL,DF,FC Juárez,Liga MX,31,7.8,702,1.83,82.0,1,9,294,38,89.0,,,0,1,2,1,,1,6,3,8,0.1,,,2,2,26,5,25,,,9,15,5,532,0.3,0.1
2350,Simone Davì,ITA,DF,Südtirol,Serie B,25,10.2,917,ND,ND,2,12,138,27,54.5,,,8,0,2,0,,0,5,5,11,0.8,,,12,5,42,19,29,,,6,11,4,430,0.6,0.8
2351,Federico Davi,ITA,DF,Südtirol,Serie B,23,5.3,476,ND,ND,0,7,52,28,61.5,,,1,0,0,0,,0,4,0,4,0.0,,,1,0,18,4,16,,,7,11,4,191,0.0,0.0
2352,Jay Dasilva,WAL,DF,Coventry City,Championship,27,13.3,1197,1.7,66.0,0,13,386,27,82.9,,,10,1,0,0,,0,17,10,10,0.2,,,18,28,83,57,54,,,28,45,20,867,0.5,0.2
2353,Brynjolfur Darri Willumsson,ISL,FW,Groningen,Eredivisie,24,4.8,433,1.85,78.0,0,6,59,3,69.1,,,7,0,5,5,,5,1,4,14,2.7,,,1,2,2,25,9,,,4,5,2,132,0.2,2.7
2354,Harry Darling,ENG,DF,Norwich City,Championship,25,15.0,1350,ND,ND,0,18,607,83,86.4,,,3,2,1,1,,1,12,3,8,1.0,,,2,5,43,9,51,,,16,28,9,1089,0.3,1.0
2355,Amadou Dante,MLI,DF,Arouca,Primeira Liga,24,5.3,480,1.79,70.0,0,7,138,24,80.6,,,3,0,0,0,,0,5,3,4,0.2,,,2,9,15,25,18,,,11,16,9,307,0.2,0.2
2356,Maat Daniel Caprini,ITA,FWDF,Mantova,Serie B,19,4.6,417,ND,ND,0,7,139,9,84.9,,,4,0,0,0,,0,0,2,9,0.8,,,4,17,3,23,20,,,4,4,1,197,0.2,0.8
2357,Marco Dalla Vecchia,ITA,MF,Virtus Entella,Serie B,20,6.0,538,ND,ND,1,3,109,9,76.8,,,4,0,1,0,,0,6,6,16,0.4,,,5,14,15,23,18,,,8,14,4,207,0.7,0.4
2358,Patson Daka,ZAM,FWMF,Leicester City,Championship,26,6.3,563,1.8,71.0,2,4,103,4,74.0,,,8,0,2,0,,0,0,6,22,1.8,,,0,3,4,36,2,,,2,2,1,183,0.7,1.8
2359,Cristián Dajome,COL,FWMF,Santos,Liga MX,31,9.1,815,1.72,69.0,0,6,185,20,73.1,,,6,0,4,4,,4,8,9,25,1.6,,,7,22,19,60,36,,,14,22,11,349,0.6,1.6
2360,Jasper Dahlhaus,NED,DF,Fortuna Sittard,Eredivisie,23,11.8,1061,1.76,70.0,1,17,353,56,76.4,,,7,2,1,0,,0,31,9,18,0.2,,,5,27,33,24,62,,,32,63,15,732,0.9,0.2
2361,Samuel Dahl,SWE,DF,Benfica,Primeira Liga,25,9.8,885,1.71,68.0,0,12,390,15,86.6,,,0,0,1,1,,1,6,10,11,0.1,,,17,24,64,80,47,,,27,33,17,712,0.7,0.1
2362,Matteo Dagasso,ITA,MF,Pescara,Serie B,21,10.7,962,ND,ND,3,8,361,12,81.6,,,9,1,3,0,,0,9,15,8,0.7,,,10,17,48,13,51,,,25,34,13,616,0.9,0.7
2363,Ro-Zangelo Daal,NED,FW,AZ Alkmaar,2 Comps,21,5.5,495,ND,ND,0,4,170,4,79.6,,,5,1,1,1,,1,1,11,14,0.4,,,17,37,21,51,18,,,16,17,10,263,1.4,0.4
2364,Marco Curto,ITA,DF,Empoli,Serie B,26,6.1,549,ND,ND,1,9,152,17,76.7,,,3,1,1,0,,0,9,3,5,0.1,,,3,6,17,3,19,,,11,20,7,317,0.4,0.1
2365,Jack Currie,ENG,DF,Oxford United,Championship,22,8.0,724,ND,ND,0,10,224,35,68.5,,,7,0,0,0,,0,15,13,13,0.2,,,7,17,25,38,28,,,29,44,19,502,0.8,0.2
2366,Marvin Cuni,ALB,FWMF,Sampdoria,Serie B,24,7.7,692,1.88,80.0,1,11,134,6,57.5,,,18,0,2,1,,1,0,9,28,2.9,,,3,14,10,46,19,,,8,8,6,269,0.3,2.9
2367,Luke Cundle,ENG,MF,Millwall,Championship,23,7.3,655,1.74,68.0,0,6,190,10,81.3,,,7,0,1,1,,1,3,8,10,1.4,,,4,5,18,22,36,,,14,17,7,333,0.3,1.4
2368,Liam Cullen,WAL,FWMF,Swansea City,Championship,26,6.6,593,1.7,66.0,0,4,102,13,72.7,,,5,0,1,1,,1,3,8,12,1.2,,,4,2,15,22,13,,,8,11,4,206,0.2,1.2
2369,Aldo Cruz,MEX,DFFW,Atlético,Liga MX,27,4.6,410,1.73,62.0,0,6,88,23,76.3,,,2,0,0,0,,0,3,1,4,0.1,,,1,4,19,9,13,,,8,11,6,265,0.1,0.1
2370,Robin van Cruijsen,nan,MF,Volendam,Eredivisie,0,5.7,514,ND,ND,2,2,127,13,67.0,,,6,0,4,2,,2,2,18,14,1.1,,,9,7,18,26,9,,,3,5,2,254,2.5,1.1
2371,Matt Crooks,ENG,MF,Hull City,Championship,31,7.5,678,1.9,72.0,2,13,204,11,83.5,,,2,0,3,1,,1,6,10,14,0.9,,,3,13,36,24,28,,,23,29,11,419,1.1,0.9
2372,Ante Crnac,CRO,FWMF,Norwich City,Championship,21,8.4,758,ND,ND,0,12,123,10,69.3,,,10,0,0,0,,0,1,7,16,1.5,,,6,12,20,43,24,,,11,12,4,250,0.9,1.5
2373,Lorenzo Crisetig,ITA,MF,Padova,Serie B,32,5.9,527,1.83,80.0,0,2,163,9,87.4,,,1,0,0,0,,0,5,0,5,0.1,,,1,2,20,5,25,,,5,10,2,317,0.0,0.1
2374,Aaron Cresswell,ENG,DF,Stoke City,Championship,35,12.5,1123,1.7,68.0,2,10,447,33,79.6,,,0,0,2,0,,0,12,14,10,0.4,,,13,19,71,28,45,,,14,26,7,852,1.0,0.4
2375,Valerio Crespi,ITA,FW,Avellino,Serie B,20,6.6,595,ND,ND,2,5,120,7,78.1,,,8,0,3,1,,1,0,4,22,1.4,,,3,3,7,30,14,,,5,5,2,206,1.7,1.4
2376,Tristan Crama,FRA,DF,Millwall,Championship,23,14.7,1325,1.92,78.0,1,21,371,111,72.2,,,7,1,2,1,,1,22,9,13,0.6,,,14,8,41,25,52,,,24,46,12,840,1.1,0.6
2377,Lewie Coyle,ENG,DF,Hull City,Championship,29,8.1,725,1.72,65.0,3,5,202,31,68.8,,,2,0,3,0,,0,4,10,3,0.0,,,12,15,23,20,31,,,7,11,7,463,1.0,0.0
2378,Cade Cowell,USA,FWDF,Guadalajara,Liga MX,21,5.5,492,1.75,70.0,0,1,127,2,65.9,,,14,0,1,1,,1,1,5,24,0.8,,,5,11,11,57,16,,,8,9,7,193,0.5,0.8
2379,Conor Coventry,IRL,MF,Charlton Ath,Championship,25,14.2,1276,1.77,69.0,1,14,359,33,75.0,,,8,2,1,0,,0,17,11,10,0.8,,,19,6,80,11,69,,,22,39,13,767,0.8,0.8
2380,Tanguy Coulibaly,FRA,MF,2 Teams,2 Comps,24,4.5,407,1.75,72.0,0,2,33,3,88.2,,,3,0,1,1,,1,5,1,3,0.1,,,2,8,2,5,8,,,7,9,11,54,0.0,0.1
2381,Mamadou Coulibaly,SEN,MF,Südtirol,Serie B,26,4.6,418,1.83,78.0,1,11,57,7,54.8,,,5,1,2,1,,1,2,7,10,0.5,,,0,1,9,11,25,,,7,9,4,182,0.5,0.5
2382,Murilo Costa,BRA,FWMF,Gil Vicente FC,Primeira Liga,30,6.8,613,1.77,68.0,3,7,163,6,68.3,,,13,0,3,0,,0,2,12,14,2.0,,,7,17,15,50,29,,,8,10,7,281,0.9,2.0
2383,Alberto costa,POR,DF,Porto,Primeira Liga,21,7.8,703,1.86,77.0,5,14,228,14,78.7,,,9,1,5,0,,0,7,9,18,0.6,,,4,12,18,29,30,,,12,19,8,449,2.7,0.6
2384,Jordi Cortizo,MEX,FW,2 Teams,Liga MX,29,7.2,645,1.72,69.0,0,2,334,7,80.7,,,12,0,0,0,,0,4,10,17,0.4,,,10,23,38,56,37,,,12,16,5,448,0.8,0.5
2385,Omar Correia,FRA,MF,Juve Stabia,Serie B,25,8.9,802,ND,ND,1,13,237,11,79.1,,,14,1,2,1,,1,5,13,22,0.5,,,5,25,37,23,42,,,10,15,7,377,0.8,0.5
2386,Ángel Correa,ARG,FWMF,UANL,Liga MX,30,16.1,1446,1.73,70.0,4,12,473,8,77.3,,,35,1,12,8,,8,1,39,51,7.1,,,19,35,69,132,51,,,16,17,9,761,3.0,8.1
2387,Jesús Corona,MEX,FWMF,Monterrey,Liga MX,32,9.1,816,1.73,62.0,1,4,323,1,79.1,,,19,0,2,1,,1,3,7,28,1.2,,,13,33,34,99,33,,,7,10,6,491,0.3,1.2
2388,José Cordoba,PAN,DF,Norwich City,Championship,24,5.9,529,ND,ND,1,7,272,33,84.0,,,3,0,1,0,,0,6,3,7,0.2,,,2,11,41,3,26,,,9,15,8,494,1.0,0.2
2389,Gabriele Corbo,ITA,DF,Pescara,Serie B,25,9.5,852,ND,ND,0,7,295,52,80.9,,,2,0,0,0,,0,11,0,6,0.2,,,1,3,27,10,37,,,8,19,7,570,0.0,0.2
2390,Tommaso Corazza,ITA,DFMF,Pescara,Serie B,21,6.9,618,ND,ND,1,7,108,27,64.7,,,6,1,1,0,,0,5,8,10,0.5,,,3,4,10,25,13,,,12,17,5,242,0.4,0.5
2391,Jake Cooper,ENG,DF,Millwall,Championship,30,15.0,1350,1.93,81.0,1,15,414,127,76.0,,,6,0,3,2,,2,13,6,8,2.1,,,1,2,34,2,36,,,7,20,6,882,1.1,2.1
2392,Kobe Cools,BEL,DF,Dender,Belgian Pro League,28,6.9,622,ND,ND,0,13,184,49,85.0,,,0,0,0,0,,0,7,1,2,0.3,,,1,0,7,0,15,,,9,16,4,389,0.4,0.3
2393,Steve Cook,ENG,DF,QPR,Championship,34,9.0,811,1.85,82.0,0,11,279,66,83.1,,,0,2,0,0,,0,8,2,6,0.3,,,2,7,22,5,27,,,2,10,1,563,0.1,0.3
2394,Tommy Conway,SCO,FWMF,Middlesbrough,Championship,22,12.5,1127,ND,ND,1,11,188,4,86.0,,,16,1,3,2,,2,3,17,18,3.9,,,9,21,17,72,30,,,15,18,10,372,1.0,3.9
2395,Bryan Colula,MEX,DFMF,Mazatlán,Liga MX,29,13.9,1248,1.76,66.0,0,12,368,48,77.6,,,4,1,2,2,,2,26,2,12,1.4,,,8,14,50,34,29,,,29,55,17,788,0.3,1.4
2396,Andrea Colpani,ITA,MF,Monza,Serie B,26,5.2,472,1.86,75.0,1,3,196,3,79.1,,,6,0,2,1,,1,6,18,11,1.2,,,7,25,39,50,29,,,10,16,5,335,2.1,1.2
2397,Massimo Coda,ITA,FW,Sampdoria,Serie B,36,8.9,799,1.84,76.0,2,3,157,9,64.1,,,12,0,6,3,,4,0,9,24,3.6,,,5,11,12,50,18,,,2,2,1,283,1.7,4.4
2398,Alex Cochrane,ENG,DF,Birmingham City,Championship,25,11.6,1048,ND,ND,3,4,396,46,71.5,,,3,0,4,1,,1,9,12,6,0.3,,,5,13,63,25,29,,,14,23,6,875,1.6,0.3
2399,Josh Coburn,ENG,FWMF,Millwall,Championship,22,7.1,643,1.91,74.0,0,8,104,11,68.4,,,8,0,1,1,,1,2,8,20,1.6,,,4,9,11,34,22,,,6,8,4,178,0.8,1.6
2400,Conor Coady,ENG,DF,Wrexham,Championship,32,4.9,441,1.85,78.0,0,8,136,30,89.4,,,1,0,0,0,,0,2,1,3,0.5,,,1,0,11,0,18,,,9,11,4,276,0.1,0.5
2401,Max Cleworth,WAL,DF,Wrexham,Championship,22,15.0,1350,ND,ND,3,20,466,75,78.4,,,4,0,3,0,,0,16,8,12,0.9,,,4,7,49,15,53,,,25,41,21,989,0.8,0.9
2402,Pelle Clement,NED,MF,Sparta R'dam,Eredivisie,29,8.9,802,1.77,66.0,0,16,160,18,78.4,,,4,0,1,1,,1,5,3,5,0.4,,,5,7,29,8,29,,,11,16,6,328,0.6,0.4
2403,Clayton,BRA,FW,Rio Ave,Primeira Liga,26,9.7,877,1.8,79.0,2,5,140,12,79.2,,,15,0,9,6,,7,1,8,31,2.5,,,2,13,15,35,23,,,2,3,1,242,1.5,3.3
2404,Jordy Clasie,NED,MF,AZ Alkmaar,Eredivisie,34,5.9,530,1.69,69.0,0,4,205,14,88.4,,,4,1,0,0,,0,3,10,4,0.1,,,6,3,38,11,27,,,12,15,9,410,0.6,0.1
2405,Matthew Clarke,ENG,DF,Derby County,Championship,28,15.0,1350,1.88,70.0,0,31,337,133,75.6,,,4,0,1,1,,1,19,3,17,0.7,,,2,1,28,4,57,,,25,44,17,929,0.5,0.7
2406,Jack Clarke,ENG,FWMF,Ipswich Town,Championship,24,6.8,608,1.85,69.0,0,8,235,4,73.3,,,17,0,6,4,,6,3,17,21,1.7,,,15,24,30,56,18,,,11,14,7,331,2.3,3.3
2407,Bobby Clark,ENG,MFFW,Derby County,Championship,20,9.4,847,ND,ND,0,16,198,10,66.8,,,11,1,0,0,,0,6,7,22,0.3,,,2,13,20,25,56,,,21,27,10,387,0.9,0.3
2408,Thomas Claes,BEL,MF,Zulte Waregem,Belgian Pro League,21,13.4,1209,1.81,70.0,1,21,373,22,84.7,,,15,0,3,2,,2,7,13,22,0.8,,,6,16,72,30,68,,,20,27,11,697,0.9,0.8
2409,Patrick Ciurria,ITA,DFMF,Monza,Serie B,30,4.9,445,1.78,67.0,1,3,121,6,76.4,,,3,0,1,0,,0,0,9,8,0.7,,,7,6,15,27,19,,,3,3,2,248,0.3,0.7
2410,Alphadjo Cissè,ITA,MFFW,Catanzaro,Serie B,18,10.8,969,ND,ND,0,6,361,3,72.1,,,23,1,5,5,,5,2,17,27,1.8,,,18,39,47,64,43,,,6,8,3,475,1.1,1.8
2411,Andrea Ciofi,ITA,DF,Cesena,Serie B,26,11.6,1041,ND,ND,1,12,375,58,84.3,,,2,0,1,0,,0,13,5,10,0.7,,,7,9,55,13,39,,,19,32,10,785,1.0,0.7
2412,Riccardo Ciervo,ITA,DF,Cesena,Serie B,23,9.6,862,1.9,83.0,1,3,254,9,71.8,,,7,0,5,4,,4,3,16,10,1.3,,,15,42,25,58,37,,,10,13,5,427,1.6,1.3
2413,Manuel Cicconi,ITA,DFMF,Carrarese,Serie B,28,9.9,895,ND,ND,0,7,299,20,71.5,,,4,0,1,0,,1,6,27,17,0.4,,,18,20,45,64,50,,,12,18,10,623,2.0,1.2
2414,Hamza Choudhury,BAN,DF,Leicester City,Championship,27,5.2,464,1.78,77.0,0,9,231,14,89.1,,,4,1,0,0,,0,2,4,2,0.0,,,3,3,21,13,16,,,15,17,6,441,0.5,0.0
2415,Francisco Chissumba,POR,MFDF,Alverca,Primeira Liga,20,6.9,619,ND,ND,0,4,182,19,82.1,,,8,0,0,0,,0,7,3,10,0.6,,,2,9,20,28,39,,,19,26,10,387,0.1,0.6
2416,Tjaronn Chery,SUR,MFFW,NEC Nijmegen,Eredivisie,37,10.9,977,1.7,68.0,2,5,352,2,77.0,,,11,0,5,1,,3,1,13,15,2.0,,,17,22,56,58,37,,,2,3,0,549,1.5,5.1
2417,Luigi Cherubini,ITA,MFFW,Sampdoria,Serie B,21,7.3,661,1.75,75.0,0,8,201,4,75.7,,,8,0,0,0,,0,3,7,18,0.5,,,13,22,34,48,45,,,23,26,12,347,0.6,0.5
2418,Atanas Chernev,BUL,DF,Estrela,Primeira Liga,23,10.6,955,1.91,79.0,0,5,260,44,84.1,,,3,0,0,0,,0,2,2,0,1.1,,,3,2,24,3,27,,,18,20,6,515,0.0,1.1
2419,Ricardo Chávez Soto,MEX,DFMF,Monterrey,Liga MX,30,9.7,870,1.76,66.0,0,10,273,40,85.1,,,2,0,1,1,,1,9,11,11,0.3,,,10,12,42,55,28,,,13,22,8,592,0.9,0.3
2420,Charlys,BRA,MF,Reggiana,Serie B,21,6.7,600,ND,ND,1,11,209,29,80.9,,,1,0,1,0,,0,12,5,9,0.4,,,6,17,23,5,33,,,25,37,11,382,0.2,0.4
2421,Shea Charles,NIR,MF,Southampton,Championship,21,11.3,1020,ND,ND,1,15,439,21,82.6,,,9,1,1,0,,0,13,11,19,1.3,,,10,20,69,26,66,,,30,43,20,745,1.3,1.3
2422,Conor Chaplin,ENG,MFFW,2 Teams,Championship,28,9.7,877,1.68,69.0,0,8,211,5,67.5,,,15,0,0,0,,0,3,12,17,2.2,,,10,11,24,42,25,,,8,11,7,408,0.9,2.2
2423,Ilias Chair,MAR,MFFW,QPR,Championship,27,5.4,486,1.58,55.0,0,4,194,4,72.9,,,4,0,0,0,,0,1,15,6,1.1,,,5,21,27,35,19,,,9,10,5,324,1.4,1.1
2424,Alan Cervantes,MEX,MF,América,Liga MX,27,5.7,514,1.8,68.0,0,3,202,0,92.8,,,6,1,1,1,,1,2,6,4,0.4,,,0,4,19,3,26,,,10,12,7,329,0.1,0.4
2425,Stefano Cella,ITA,DF,Mantova,Serie B,24,10.0,900,ND,ND,0,10,509,53,94.0,,,1,1,0,0,,0,7,3,2,0.3,,,0,2,30,3,25,,,9,16,7,886,0.4,0.3
2426,Joseph Ceesay,GAM,MFDF,Empoli,Serie B,27,6.6,594,ND,ND,0,6,114,10,67.2,,,17,0,2,2,,2,3,8,18,0.4,,,7,21,9,53,17,,,5,8,2,197,1.3,0.4
2427,Pietro Ceccaroni,ITA,DF,Palermo,Serie B,29,11.0,989,1.87,73.0,0,18,392,44,80.9,,,1,2,0,0,,0,15,4,5,0.4,,,8,25,59,17,44,,,21,36,11,755,0.2,0.4
2428,Ivan Cavaleiro,POR,FW,Tondela,Primeira Liga,31,6.1,546,1.75,72.0,0,4,146,5,65.5,,,6,0,1,1,,1,4,16,16,2.1,,,9,18,20,57,26,,,1,5,0,265,1.6,2.1
2429,Geny Catamo,MOZ,FW,Sporting CP,Primeira Liga,24,5.1,456,ND,ND,1,3,192,5,78.7,,,9,1,1,0,,0,0,9,21,0.6,,,12,26,28,64,20,,,7,7,5,286,0.8,0.6
2430,Gaetano Castrovilli,ITA,MF,Bari,Serie B,28,6.8,608,1.87,78.0,0,10,215,2,72.7,,,13,0,0,0,,0,3,13,24,0.4,,,13,29,41,34,25,,,17,20,12,377,1.4,0.4
2431,Nicolás Castro,ARG,MFFW,Toluca,Liga MX,24,13.1,1179,ND,ND,7,11,503,8,87.1,,,15,0,10,3,,3,6,22,28,2.8,,,17,31,72,54,71,,,22,28,13,842,3.3,2.8
2432,Cristian Castro,COL,DF,AVS Futebol,Primeira Liga,24,9.5,855,1.92,86.0,0,6,293,75,84.6,,,1,2,0,0,,0,13,3,5,0.0,,,4,1,24,2,42,,,9,22,3,547,0.1,0.0
2433,José Castillo Pérez,MEX,DF,Guadalajara,Liga MX,23,12.4,1112,1.78,74.0,0,12,444,46,87.7,,,0,0,0,0,,0,9,4,5,0.2,,,6,5,48,22,55,,,16,25,11,817,0.5,0.2
2434,Moises Castillo,COL,DF,FC Juárez,Liga MX,24,12.5,1125,ND,ND,0,6,452,56,90.7,,,7,0,0,0,,0,22,0,16,0.4,,,0,14,32,3,43,,,16,38,11,751,0.0,0.4
2435,Alessio Castellini,ITA,DF,Mantova,Serie B,22,9.9,888,ND,ND,0,20,518,40,90.4,,,1,1,0,0,,0,7,10,6,0.5,,,4,4,38,7,41,,,17,24,10,832,0.3,0.5
2436,Kevin Castañeda,MEX,FWMF,Tijuana,Liga MX,25,14.6,1311,1.71,73.0,4,3,376,7,76.5,,,17,0,9,2,,5,3,33,19,3.3,,,23,39,96,49,63,,,12,15,7,669,3.8,6.5
2437,Michele Castagnetti,ITA,MF,Cesena,Serie B,35,8.3,745,1.8,71.0,1,9,299,26,80.2,,,4,0,2,1,,1,8,4,10,0.9,,,8,9,47,7,50,,,16,24,7,609,0.7,0.9
2438,Cassiano,BRA,FW,Casa Pia,Primeira Liga,36,6.5,587,1.84,79.0,0,10,65,3,60.0,,,2,0,2,2,,2,0,3,13,0.6,,,1,2,6,8,18,,,5,5,2,147,0.3,1.4
2439,Francesco Cassata,ITA,MFFW,Spezia,Serie B,28,6.1,549,1.83,76.0,0,8,124,8,65.7,,,7,0,0,0,,0,2,4,10,0.0,,,7,11,24,17,23,,,10,12,4,228,0.2,0.0
2440,Tommaso Cassandro,ITA,DF,Catanzaro,Serie B,25,6.9,623,ND,ND,0,5,157,22,79.8,,,2,0,0,0,,0,2,4,10,0.4,,,7,9,20,24,20,,,12,14,6,321,0.5,0.4
2441,Facundo Cáseres,ARG,MF,Gil Vicente FC,Primeira Liga,24,10.1,909,ND,ND,0,19,248,19,88.0,,,1,0,0,0,,0,15,4,6,0.4,,,3,5,30,2,41,,,28,43,18,500,0.4,0.4
2442,Pedro Carvalho,POR,MFDF,Estoril,Primeira Liga,22,7.4,668,ND,ND,1,9,191,16,70.1,,,7,0,1,0,,0,4,3,10,0.6,,,9,12,21,55,26,,,9,13,6,407,0.2,0.6
2443,João Carvalho,POR,FWMF,Estoril,Primeira Liga,28,10.8,971,1.72,64.0,3,11,351,2,70.1,,,11,0,6,3,,3,5,20,25,2.9,,,10,10,55,59,58,,,16,21,9,590,2.3,2.9
2444,Guilherme Carvalho,BRA,MF,FC Juárez,Liga MX,25,11.6,1048,1.8,70.0,2,11,293,23,73.7,,,9,1,5,3,,3,15,14,27,2.4,,,6,9,48,35,38,,,25,40,16,618,0.9,2.4
2445,Adalberto Carrasquilla,PAN,MFFW,UNAM,Liga MX,26,13.9,1249,1.7,60.0,4,10,463,8,78.8,,,21,0,4,0,,0,11,21,33,0.8,,,18,38,95,66,74,,,12,23,10,815,2.2,0.8
2446,Zé Carlos,POR,DF,Gil Vicente FC,Primeira Liga,27,8.6,775,1.77,75.0,0,7,169,40,67.7,,,1,0,0,0,,0,15,9,11,0.2,,,6,11,26,21,28,,,23,38,15,467,0.4,0.2
2447,Adam Carlén,SWE,MF,Excelsior,Eredivisie,25,11.3,1015,1.93,87.0,1,19,213,29,78.2,,,6,0,1,0,,0,8,6,11,0.2,,,1,1,33,5,65,,,28,36,17,501,0.3,0.2
2448,Lorenzo Carissoni,ITA,DF,Juve Stabia,Serie B,28,10.3,930,ND,ND,0,7,248,29,75.2,,,3,1,2,2,,2,4,4,19,0.8,,,16,10,34,48,36,,,11,15,8,507,0.3,0.8
2449,Sonny Carey,ENG,MF,Charlton Ath,Championship,24,13.3,1197,ND,ND,0,11,242,16,72.4,,,20,0,5,5,,5,5,16,21,2.2,,,9,25,52,47,56,,,14,19,8,499,0.7,2.2
2450,Franco Carboni,ITA,DFFW,Empoli,Serie B,22,8.5,763,1.83,76.0,1,11,179,39,67.7,,,6,0,1,0,,0,5,4,12,0.3,,,6,4,22,35,26,,,16,21,9,403,0.3,0.3
2451,Andrea Carboni,ITA,DF,Monza,Serie B,24,6.1,546,1.85,80.0,0,8,262,24,82.9,,,2,0,1,1,,1,5,7,2,1.2,,,4,6,24,16,21,,,15,20,10,466,0.4,1.2
2452,Yannick Cappelle,BEL,DF,Zulte Waregem,Belgian Pro League,22,13.0,1171,ND,ND,1,20,439,51,78.3,,,4,0,2,1,,1,7,11,14,0.6,,,11,28,54,53,47,,,31,38,21,877,0.7,0.6
2453,Riccardo Capellini,ITA,DF,Pescara,Serie B,25,8.2,735,1.85,78.0,0,13,230,44,89.8,,,3,0,1,1,,1,9,1,3,0.4,,,0,3,18,1,22,,,20,29,13,493,0.0,0.4
2454,Alessandro Capelli,ITA,DFMF,Padova,Serie B,28,9.9,887,ND,ND,2,7,283,24,72.0,,,1,0,2,0,,0,13,13,13,0.7,,,19,17,33,76,45,,,18,31,12,501,1.3,0.7
2455,Todd Cantwell,ENG,MF,Blackburn,Championship,27,7.0,626,1.77,66.0,1,8,210,4,76.6,,,10,0,4,3,,3,2,14,23,1.0,,,7,11,35,24,37,,,13,15,10,475,1.4,1.0
2456,Thomas Cannon,IRL,FWMF,Sheffield Utd,Championship,22,4.6,410,1.78,64.0,0,0,53,6,64.3,,,1,0,0,0,,0,1,2,12,0.5,,,2,2,7,24,4,,,1,2,1,96,0.2,0.5
2457,Leonardo Candellone,ITA,FW,Juve Stabia,Serie B,27,7.3,661,ND,ND,1,2,114,6,73.4,,,19,0,4,3,,3,0,5,23,1.5,,,2,7,6,40,16,,,2,2,2,177,0.5,1.5
2458,Antonio Candela,ITA,DFMF,Spezia,Serie B,25,7.4,667,ND,ND,0,4,112,17,75.2,,,2,0,0,0,,0,4,6,10,0.2,,,4,6,13,24,19,,,6,10,5,263,0.4,0.2
2459,Tommaso Cancellotti,ITA,DF,Avellino,Serie B,33,8.0,717,ND,ND,1,9,274,34,83.4,,,3,0,1,0,,0,3,6,4,0.1,,,7,18,39,15,15,,,11,14,3,514,0.4,0.1
2460,Sergio Canales,ESP,FWMF,Monterrey,Liga MX,34,13.3,1195,1.76,65.0,3,6,522,1,81.1,,,13,0,12,7,,9,7,38,22,2.4,,,27,33,89,86,43,,,10,17,6,872,2.5,4.8
2461,Omar Campos,MEX,DF,Cruz Azul,Liga MX,23,4.9,442,1.79,73.0,0,7,166,11,78.0,,,4,1,1,1,,1,3,8,8,0.6,,,4,23,7,48,19,,,10,13,9,317,1.6,0.6
2462,Diego Campillo,MEX,DFMF,Guadalajara,Liga MX,23,12.7,1144,ND,ND,0,13,476,36,85.8,,,5,0,1,1,,1,21,5,7,1.0,,,4,17,78,30,48,,,20,41,11,826,0.2,1.0
2463,Tyrese Campbell,ENG,FW,Sheffield Utd,Championship,25,11.8,1065,1.83,74.0,2,6,108,10,65.9,,,11,0,5,3,,3,0,7,23,3.4,,,6,15,8,47,20,,,8,8,6,261,1.1,3.4
2464,Tyreece Campbell,JAM,FWMF,Charlton Ath,Championship,21,12.6,1132,ND,ND,2,8,240,10,76.5,,,22,0,2,0,,0,3,16,32,1.9,,,8,29,16,76,31,,,8,11,7,386,0.9,1.9
2465,George Campbell,USA,DF,West Brom,Championship,24,10.4,935,1.88,80.0,0,10,429,51,83.4,,,7,1,0,0,,0,6,4,8,0.6,,,4,17,41,31,38,,,26,32,17,821,0.2,0.6
2466,Diber Cambindo,COL,FW,Necaxa,Liga MX,29,11.9,1070,ND,ND,2,8,153,6,76.1,,,17,0,8,6,,6,2,13,33,7.6,,,4,17,7,69,12,,,5,7,2,274,0.9,7.6
2467,Etienne Camara,FRA,MF,Charleroi,Belgian Pro League,22,13.4,1204,ND,ND,2,11,326,46,82.8,,,12,1,2,0,,0,20,9,11,0.4,,,0,3,42,5,85,,,36,56,23,691,0.7,0.4
2468,Gabriele Calvani,ITA,DF,Frosinone,Serie B,21,10.7,961,ND,ND,0,18,208,64,82.4,,,4,0,0,0,,0,12,4,10,0.8,,,2,4,22,2,42,,,19,31,14,515,0.2,0.8
2469,Giacomo Calò,ITA,MF,Frosinone,Serie B,28,11.4,1027,ND,ND,3,11,367,21,72.4,,,1,0,7,2,,4,3,31,7,1.3,,,6,12,51,12,33,,,4,7,4,773,1.7,2.9
2470,Cristian Calderón,MEX,DF,Necaxa,Liga MX,28,12.2,1094,1.71,66.0,1,12,374,34,82.2,,,1,0,2,1,,1,8,10,10,0.3,,,10,12,38,28,66,,,22,30,13,773,0.6,0.3
2471,Jens Cajuste,SWE,MF,Ipswich Town,Championship,25,6.4,573,1.88,77.0,1,10,203,15,78.6,,,9,1,1,0,,0,5,11,16,0.6,,,6,15,36,17,32,,,14,19,11,359,0.9,0.6
2472,José Caicedo,COL,MF,UNAM,Liga MX,23,12.8,1150,ND,ND,0,24,403,33,88.2,,,8,1,0,0,,0,17,2,13,0.1,,,6,9,61,10,40,,,20,37,10,833,0.1,0.1
2473,Andrea Cagnano,ITA,DF,Avellino,Serie B,27,6.2,558,ND,ND,0,9,158,26,75.1,,,3,0,0,0,,0,4,3,7,0.1,,,6,7,12,16,18,,,6,10,4,330,0.1,0.1
2474,Jhonder Cádiz,VEN,FW,Pachuca,Liga MX,30,6.8,614,1.91,85.0,2,4,84,6,63.4,,,1,0,4,2,,2,1,12,13,2.5,,,4,0,7,29,11,,,3,4,2,170,2.2,2.5
2475,Bailey-Tye Cadamarteri,JAM,FW,Sheffield Weds,Championship,20,10.7,962,ND,ND,0,12,112,14,56.9,,,6,0,1,1,,1,2,7,30,2.5,,,5,10,8,36,22,,,11,13,4,246,0.6,2.5
2476,Sebastián Cáceres,URU,DF,América,Liga MX,25,12.2,1101,1.8,77.0,0,11,425,48,85.9,,,2,2,0,0,,0,13,6,11,0.2,,,3,9,44,4,37,,,20,33,14,718,0.3,0.2
2477,Alessio Cacciamani,ITA,DFFW,Juve Stabia,Serie B,18,5.4,489,ND,ND,0,6,119,2,65.7,,,8,0,2,2,,2,3,2,15,1.0,,,3,23,9,40,18,,,6,9,3,245,0.5,1.0
2478,Liberato Cacace,NZL,DFFW,Wrexham,Championship,24,5.4,483,1.84,77.0,0,8,119,13,69.4,,,5,1,0,0,,0,4,6,3,0.2,,,4,15,13,16,22,,,3,7,1,246,0.4,0.2
2479,Sidny Cabral,CPV,DFMF,Estrela,Primeira Liga,22,10.8,974,ND,ND,2,11,274,17,69.6,,,12,1,7,2,,5,4,19,22,1.0,,,14,40,18,75,34,,,10,14,6,562,4.3,3.4
2480,Jovane Cabral,CPV,MFFW,Estrela,Primeira Liga,27,4.6,418,1.76,71.0,0,5,140,4,71.4,,,5,0,0,0,,0,4,4,19,0.6,,,5,13,23,18,32,,,13,17,9,261,0.2,0.6
2481,Ben Cabango,WAL,DF,Swansea City,Championship,25,14.8,1334,1.88,81.0,0,23,667,98,86.4,,,1,3,0,0,,0,14,4,9,0.2,,,2,11,57,0,42,,,36,50,19,1152,0.2,0.2
2482,Gianluca Busio,USA,MF,Venezia,Serie B,23,11.4,1027,1.7,65.0,1,11,399,19,84.7,,,17,0,3,1,,2,11,16,18,1.2,,,13,18,56,27,48,,,14,25,9,800,1.3,2.0
2483,Harrison Burrows,ENG,DF,Sheffield Utd,Championship,23,9.8,885,ND,ND,1,12,357,35,73.2,,,5,1,2,1,,1,7,17,13,0.6,,,9,22,43,48,44,,,15,22,5,756,1.6,1.4
2484,Rumarn Burrell,JAM,FWMF,QPR,Championship,24,11.1,996,ND,ND,1,9,149,9,57.1,,,14,0,6,5,,5,2,12,32,5.5,,,4,21,11,61,20,,,6,8,5,279,0.9,5.5
2485,Rareș-Cătălin Burnete,ROU,FW,Juve Stabia,Serie B,21,4.7,425,1.76,65.0,1,3,84,3,69.0,,,4,0,1,0,,0,2,8,25,1.2,,,1,10,8,35,10,,,7,9,2,170,0.6,1.2
2486,Reece Burke,ENG,DF,Charlton Ath,Championship,28,4.6,411,1.88,81.0,0,4,72,37,55.4,,,0,0,1,1,,1,8,0,5,0.7,,,1,1,17,3,13,,,6,14,4,253,0.0,0.7
2487,Delano Burgzorg,SUR,FWMF,Middlesbrough,Championship,26,5.7,511,1.85,77.0,1,2,138,1,81.2,,,9,0,2,1,,1,2,8,18,1.2,,,4,17,10,54,16,,,6,8,5,211,0.5,1.2
2488,Alvaro Burgos,nan,DF,Puebla,Liga MX,0,5.0,450,ND,ND,0,7,103,14,79.3,,,5,0,1,1,,1,4,1,3,0.2,,,1,6,14,14,16,,,6,10,4,262,0.0,0.2
2489,Christian Burgess,ENG,DF,Union SG,Belgian Pro League,33,12.0,1080,1.96,84.0,3,16,494,98,86.0,,,1,1,3,0,,0,15,6,3,0.6,,,3,6,49,3,36,,,18,33,8,896,0.7,0.6
2490,Cameron Burgess,AUS,DF,Swansea City,Championship,29,15.0,1350,1.94,80.0,0,21,743,129,80.7,,,4,2,0,0,,0,14,2,3,0.9,,,2,4,57,6,45,,,19,33,13,1330,0.0,0.9
2491,Nordin Bukala,NED,MF,Volendam,Eredivisie,19,10.6,954,ND,ND,1,22,196,16,81.8,,,5,2,2,1,,1,18,4,13,1.8,,,2,5,28,19,39,,,27,45,16,394,0.1,1.8
2492,Jonathan Buatu Mananga,ANG,DF,Gil Vicente FC,Primeira Liga,31,10.5,945,1.87,87.0,0,8,300,53,86.5,,,0,0,0,0,,0,6,0,3,0.8,,,0,0,6,1,22,,,12,18,9,512,0.0,0.8
2493,Joe Bryan,ENG,DF,Millwall,Championship,31,5.0,449,1.7,67.0,0,8,203,17,76.1,,,1,0,0,0,,0,13,4,6,0.1,,,13,14,47,13,27,,,10,23,7,390,0.4,0.1
2494,Lewis Brunt,ENG,DF,Wrexham,Championship,24,6.1,552,1.78,71.0,0,20,170,42,82.9,,,1,0,0,0,,0,8,0,1,0.2,,,0,5,21,0,20,,,8,16,5,367,0.0,0.2
2495,Thomas Bruns,NED,MFFW,Heracles Almelo,Eredivisie,33,5.6,502,1.77,77.0,0,5,107,11,73.3,,,5,0,1,1,,1,1,5,4,0.5,,,6,9,18,16,18,,,9,10,4,211,0.2,0.5
2496,Max Bruns,NED,DF,Twente,Eredivisie,22,7.5,675,ND,ND,0,12,279,32,84.3,,,1,0,1,1,,1,6,2,6,0.2,,,3,4,44,1,35,,,10,16,7,509,0.1,0.2
2497,Matteo Brunori,ITA,MFFW,Palermo,Serie B,30,5.5,498,ND,ND,1,1,111,1,67.9,,,12,0,2,1,,1,1,3,12,1.1,,,4,8,8,35,13,,,3,4,3,190,1.0,1.1
2498,Juan Brunetta,ARG,MF,UANL,Liga MX,28,14.3,1283,1.78,74.0,3,8,608,11,84.3,,,14,1,11,8,,8,7,32,20,2.7,,,28,42,107,49,103,,,16,23,8,1070,3.9,2.7
2499,Alan Browne,IRL,MFDF,Middlesbrough,Championship,30,6.5,581,1.73,68.0,0,9,255,21,86.1,,,2,1,0,0,,0,12,4,13,0.6,,,3,8,33,12,31,,,16,28,7,461,0.2,0.6
2500,Ciaron Brown,NIR,DF,Oxford United,Championship,27,6.0,540,ND,ND,0,8,166,64,77.5,,,2,0,0,0,,0,10,3,7,0.1,,,2,1,11,2,15,,,5,15,4,358,0.2,0.1
2501,Luuk Brouwers,NED,MF,Heerenveen,Eredivisie,27,10.4,933,1.8,76.0,2,6,298,20,81.4,,,9,1,3,1,,1,6,10,11,2.2,,,7,10,49,35,35,,,18,24,10,534,1.1,2.2
2502,Patrick Brouwer,NED,MF,Telstar,Eredivisie,24,10.2,920,ND,ND,2,6,200,9,64.9,,,11,0,4,2,,2,8,15,20,3.6,,,11,27,35,63,35,,,14,22,9,340,1.8,3.6
2503,Riccardo Brosco,ITA,DF,Pescara,Serie B,34,10.8,975,1.9,78.0,0,13,286,82,82.7,,,0,0,0,0,,0,10,0,6,0.3,,,2,2,12,2,14,,,9,19,6,567,0.0,0.3
2504,Andre Brooks,ENG,MFFW,Sheffield Utd,Championship,21,5.6,508,ND,ND,1,12,158,14,74.8,,,12,0,2,1,,1,2,5,14,1.0,,,7,19,11,43,22,,,7,9,5,287,1.1,1.0
2505,Ilias Bronkhorst,NED,DF,Excelsior,Eredivisie,28,9.4,842,ND,ND,0,8,247,38,66.2,,,5,0,0,0,,0,12,14,11,0.1,,,10,20,48,29,51,,,16,28,11,620,0.8,0.1
2506,Nathan Broadhead,WAL,MF,2 Teams,Championship,27,4.6,418,1.78,73.0,0,5,126,1,77.5,,,9,0,2,2,,2,2,3,10,0.9,,,5,15,19,24,21,,,1,3,0,203,0.4,0.9
2507,Philip Brittijn,NED,MFDF,Fortuna Sittard,Eredivisie,21,11.3,1020,ND,ND,1,17,258,23,80.5,,,5,1,3,2,,2,13,6,10,0.8,,,2,5,34,12,47,,,35,48,23,506,0.3,0.8
2508,Callum Brittain,ENG,DF,Middlesbrough,Championship,27,13.6,1222,1.78,68.0,3,10,445,44,77.4,,,11,0,3,0,,0,13,10,21,0.4,,,18,19,60,84,51,,,19,32,12,892,0.8,0.4
2509,Antonio Briseño,MEX,DF,Toluca,Liga MX,31,4.5,403,1.85,75.0,1,3,100,24,90.1,,,1,0,1,0,,0,3,2,2,0.2,,,1,0,8,1,7,,,3,6,1,205,0.3,0.2
2510,Nicolò Brighenti,ITA,DF,Catanzaro,Serie B,35,5.8,526,1.78,75.0,0,7,169,25,83.0,,,0,0,0,0,,0,6,1,1,0.1,,,1,3,19,4,12,,,7,13,7,322,0.1,0.1
2511,Jakob Breum,DEN,MF,Go Ahead Eag,Eredivisie,21,6.8,615,ND,ND,2,5,214,3,78.1,,,4,0,3,1,,1,3,15,12,1.0,,,14,16,41,33,27,,,2,5,2,374,1.6,1.0
2512,Ben Brereton,CHI,MFFW,2 Teams,Championship,26,8.1,730,1.83,70.0,0,4,136,5,70.3,,,8,0,1,1,,1,1,8,17,1.3,,,8,12,17,35,24,,,3,4,1,258,0.6,1.3
2513,Brenner,BRA,FW,Santa Clara,Primeira Liga,23,4.5,403,ND,ND,0,4,114,3,70.8,,,9,0,0,0,,0,2,9,7,0.7,,,7,20,7,38,22,,,2,4,1,160,0.9,0.7
2514,James Bree,ENG,DFFW,Charlton Ath,Championship,27,9.3,840,1.78,74.0,3,9,168,20,65.5,,,3,0,5,2,,2,6,23,13,0.6,,,12,6,18,48,42,,,15,21,8,457,2.6,0.6
2515,Myron van Brederode,NED,FWMF,Mechelen,Belgian Pro League,22,6.1,546,ND,ND,1,6,168,5,79.1,,,5,0,4,2,,3,5,12,15,0.3,,,10,22,19,33,18,,,4,9,3,280,2.4,1.0
2516,Matthias Braunöder,AUT,MF,Bari,Serie B,23,5.4,489,1.73,67.0,1,10,146,14,82.9,,,7,0,1,0,,0,2,4,5,0.3,,,3,3,17,10,20,,,16,18,11,311,0.4,0.3
2517,Oliver Braude,NOR,DF,Heerenveen,Eredivisie,21,10.8,970,ND,ND,2,14,392,30,74.3,,,9,1,2,0,,0,9,9,16,0.7,,,16,14,45,49,62,,,22,31,17,724,2.1,0.7
2518,Cameron Brannagan,ENG,MF,Oxford United,Championship,29,14.5,1302,1.8,71.0,1,9,400,13,76.0,,,8,4,5,4,,4,12,12,15,1.1,,,10,14,68,24,80,,,27,39,15,746,0.6,1.1
2519,Davide Bragantini,ITA,FWMF,Mantova,Serie B,21,6.7,601,ND,ND,1,4,234,3,82.5,,,9,2,1,0,,0,4,12,20,1.1,,,16,24,36,55,20,,,7,11,5,321,1.1,1.1
2520,Gabriele Bracaglia,ITA,DF,Frosinone,Serie B,22,10.6,951,ND,ND,0,17,211,39,71.2,,,6,1,2,2,,2,12,5,14,1.7,,,5,9,34,19,24,,,16,28,12,515,0.4,1.7
2521,Jakub Brabec,CZE,DF,Rio Ave,Primeira Liga,32,6.0,540,1.89,78.0,0,15,187,44,90.2,,,0,0,0,0,,0,5,0,3,0.0,,,0,0,3,0,8,,,5,10,3,313,0.0,0.0
2522,Andrea Bozzolan,ITA,DF,Reggiana,Serie B,21,6.9,621,ND,ND,1,5,146,15,70.0,,,5,0,3,2,,2,5,4,8,0.5,,,4,8,3,24,24,,,20,25,11,297,0.8,0.5
2523,Rosen Bozhinov,BUL,DF,Antwerp,Belgian Pro League,20,9.5,859,ND,ND,0,15,391,66,91.9,,,1,2,1,1,,1,10,3,4,0.4,,,0,0,26,0,39,,,11,21,6,655,0.2,0.4
2524,Kleis Bozhanaj,ALB,MFFW,Carrarese,Serie B,24,4.6,416,ND,ND,0,7,111,5,76.7,,,4,0,0,0,,0,4,5,15,0.6,,,9,10,13,19,21,,,7,11,4,192,0.8,0.6
2525,Frank Boya,CMR,MF,Tijuana,Liga MX,29,12.3,1107,1.83,85.0,0,14,189,35,68.5,,,13,1,6,6,,6,4,9,27,4.6,,,3,6,24,20,39,,,22,26,14,464,1.3,4.6
2526,Jordy Bos,AUS,DF,Feyenoord,Eredivisie,22,7.1,637,1.8,83.0,1,16,310,23,85.0,,,7,1,3,2,,2,6,11,15,0.7,,,14,19,54,26,43,,,31,37,21,582,0.9,0.7
2527,Mattia Bortolussi,ITA,FW,Padova,Serie B,29,10.8,970,ND,ND,0,8,173,2,75.4,,,8,0,6,3,,6,3,13,26,1.9,,,4,12,20,31,20,,,5,8,3,343,0.9,4.2
2528,Cristian Borja,COL,DF,América,Liga MX,32,15.3,1379,1.79,70.0,2,11,595,38,88.0,,,6,0,2,0,,0,12,19,16,0.2,,,12,36,75,44,66,,,24,36,14,1016,1.7,0.2
2529,Yvandro Borges Sanches,LUX,FWMF,Heracles Almelo,Eredivisie,21,5.5,492,1.75,67.0,0,3,111,7,80.2,,,7,0,2,2,,2,0,1,18,0.3,,,2,12,7,24,24,,,12,12,8,201,0.0,0.3
2530,Neto Borges,BRA,DF,2 Teams,Championship,28,6.6,593,1.83,85.0,1,16,162,24,74.6,,,2,0,1,0,,0,16,11,13,0.6,,,10,12,35,33,31,,,11,27,8,396,0.8,0.6
2531,Nicholas Bonfanti,ITA,FW,Mantova,Serie B,23,5.0,447,1.78,68.0,0,4,90,2,82.6,,,6,0,0,0,,0,1,8,17,1.4,,,1,5,6,25,6,,,3,4,1,151,1.1,2.2
2532,Simone Bonetti,ITA,DF,Reggiana,Serie B,20,7.7,690,ND,ND,0,15,222,22,80.1,,,4,0,0,0,,0,2,0,8,0.0,,,0,9,14,5,24,,,5,7,4,358,0.0,0.0
2533,Kiko Bondoso,POR,FW,Moreirense,Primeira Liga,29,6.6,590,ND,ND,2,1,162,5,76.0,,,6,0,2,0,,0,1,9,8,0.1,,,9,20,23,52,26,,,12,13,5,256,1.7,0.1
2534,Pedro Bondo,ANG,DF,Famalicão,Primeira Liga,20,5.6,508,ND,ND,0,9,109,22,68.7,,,6,1,0,0,,0,2,3,8,0.1,,,2,6,17,7,22,,,9,11,6,286,0.1,0.1
2535,Kévin Boma,TOG,DF,Estoril,Primeira Liga,22,10.0,900,1.87,73.0,0,13,314,54,84.7,,,2,3,1,1,,1,9,2,8,0.9,,,0,3,31,2,33,,,8,17,6,549,0.2,0.9
2536,Marc Bola,ENG,DF,Watford,Championship,27,9.9,894,1.85,72.0,0,11,269,55,73.6,,,4,1,1,1,,1,11,7,11,0.5,,,12,20,34,61,29,,,10,21,6,603,1.0,0.5
2537,Paulinho Bóia,BRA,FWMF,Nacional,Primeira Liga,27,10.3,931,1.7,62.0,0,16,187,6,59.4,,,10,1,1,1,,1,2,9,28,1.6,,,10,25,23,52,34,,,21,23,11,323,0.6,1.6
2538,Mateusz Bogusz,POL,MFFW,Cruz Azul,Liga MX,23,6.0,536,1.77,69.0,1,5,167,4,72.9,,,12,0,2,1,,1,0,7,16,1.6,,,10,17,19,59,18,,,12,12,6,259,0.6,1.6
2539,Rodrigo Bogarín,PAR,MF,Querétaro,Liga MX,28,13.6,1224,1.76,74.0,0,6,254,26,80.1,,,10,2,1,1,,1,13,5,12,0.6,,,3,9,43,20,41,,,22,35,13,548,0.4,0.6
2540,Thijmen Blokzijl,NED,DF,Groningen,Eredivisie,20,12.0,1080,ND,ND,0,16,428,61,87.1,,,1,1,0,0,,0,15,0,4,0.3,,,1,11,56,1,48,,,13,28,7,786,0.0,0.3
2541,Jalen Blesa,ESP,FWMF,Cesena,Serie B,24,10.6,957,ND,ND,0,12,200,7,80.9,,,17,0,3,3,,3,5,14,28,3.7,,,5,19,18,78,31,,,8,13,6,379,2.3,3.7
2542,Domingo Blanco,ARG,MFFW,Tijuana,Liga MX,30,7.3,654,1.67,63.0,0,5,120,5,79.5,,,10,0,1,1,,1,3,5,24,0.7,,,4,15,12,47,12,,,13,16,10,207,1.0,0.7
2543,Adrian Blake,ENG,FWMF,Utrecht,Eredivisie,20,8.8,790,ND,ND,2,2,208,4,71.6,,,12,0,3,1,,1,2,9,18,1.3,,,11,39,18,67,32,,,3,5,2,323,1.0,1.3
2544,Bjarki Bjarkason,ISL,DF,Venezia,Serie B,25,7.6,685,ND,ND,1,7,195,13,82.4,,,2,0,2,1,,1,2,10,12,0.3,,,9,7,18,46,23,,,4,6,1,359,0.7,0.3
2545,Colby Bishop,ENG,FW,Portsmouth,Championship,28,14.2,1282,ND,ND,0,5,154,22,58.1,,,11,0,1,1,,1,1,6,31,3.0,,,4,2,18,55,24,,,6,7,3,389,0.3,3.7
2546,Samuele Birindelli,ITA,DF,Monza,Serie B,26,9.7,877,1.76,68.0,1,12,230,10,75.5,,,3,0,2,1,,1,11,9,12,1.5,,,12,20,24,64,24,,,10,21,8,516,1.3,1.5
2547,Unai Bilbao,ESP,DF,Tijuana,Liga MX,31,6.6,592,1.92,84.0,0,5,217,41,88.0,,,0,0,1,1,,1,7,1,1,0.7,,,1,3,7,0,11,,,13,20,8,427,0.0,0.7
2548,Tommaso Biasci,ITA,FWMF,Avellino,Serie B,30,7.8,698,ND,ND,0,6,131,4,74.4,,,11,0,3,3,,3,3,6,14,2.6,,,3,10,6,41,24,,,3,6,2,236,0.4,2.6
2549,Davide Bettella,ITA,DF,Catanzaro,Serie B,25,7.2,645,ND,ND,0,4,286,35,88.5,,,2,1,0,0,,0,10,2,8,0.0,,,1,7,25,3,26,,,12,22,7,514,0.1,0.0
2550,Michele Besaggio,ITA,MF,Avellino,Serie B,23,6.8,611,ND,ND,1,10,169,6,84.2,,,10,0,2,1,,1,3,7,6,1.0,,,3,9,22,24,29,,,14,17,9,291,0.5,1.0
2551,Tommaso Berti,ITA,MF,Cesena,Serie B,21,10.1,911,ND,ND,4,5,366,11,84.6,,,8,0,5,1,,1,11,16,15,1.1,,,17,29,64,36,55,,,8,19,4,602,3.2,1.1
2552,Germán Berterame,MEX,FW,Monterrey,Liga MX,26,16.5,1483,1.73,65.0,3,7,193,13,80.3,,,7,1,12,9,,9,5,19,23,8.7,,,3,12,22,64,28,,,9,14,5,436,1.3,8.8
2553,Massimo Bertagnoli,ITA,MF,Reggiana,Serie B,26,7.8,699,ND,ND,3,14,176,21,84.8,,,5,0,3,0,,0,11,8,11,0.2,,,3,11,21,16,19,,,14,25,8,359,1.3,0.2
2554,Antoine Bernier,BEL,FW,Charleroi,Belgian Pro League,27,7.4,670,1.7,68.0,0,5,182,6,70.6,,,15,0,2,2,,2,5,7,16,0.5,,,10,19,29,67,36,,,12,17,6,279,0.8,0.5
2555,Jorge Berlanga,MEX,DF,Pachuca,Liga MX,22,4.9,439,ND,ND,0,3,200,22,93.1,,,0,0,0,0,,0,3,0,3,0.0,,,0,1,9,1,15,,,7,10,5,338,0.0,0.0
2556,Steven Berghuis,NED,MFFW,Ajax,Eredivisie,33,5.1,461,1.8,75.0,2,3,255,2,82.0,,,7,0,3,1,,1,4,18,5,1.6,,,19,15,42,35,20,,,5,9,2,418,1.2,1.6
2557,Thom van Bergen,NED,FWMF,Groningen,Eredivisie,21,11.2,1012,ND,ND,1,15,223,3,75.5,,,27,0,2,1,,1,1,12,40,3.2,,,10,28,27,58,43,,,24,25,13,418,1.3,3.2
2558,Mitchell van Bergen,NED,FW,2 Teams,Eredivisie,25,10.2,922,1.7,56.0,0,7,283,15,64.1,,,7,0,1,1,,1,2,13,20,1.9,,,15,50,14,106,28,,,4,6,2,409,1.6,1.9
2559,Pablo Bennevendo Peña,MEX,DF,UNAM,Liga MX,25,16.4,1473,1.77,65.0,1,19,407,43,81.2,,,18,0,1,0,,0,25,11,28,0.4,,,19,14,49,134,58,,,38,63,22,966,0.9,0.4
2560,Mauricio Benítez,ARG,MF,Antwerp,Belgian Pro League,21,6.4,574,ND,ND,0,2,168,9,78.0,,,3,0,1,1,,1,7,3,13,0.6,,,4,4,25,2,44,,,19,26,13,360,0.3,0.6
2561,Mimeirhel Benita,NED,DF,Heracles Almelo,Eredivisie,21,4.6,418,ND,ND,0,12,105,20,72.4,,,1,0,0,0,,0,5,4,10,0.0,,,3,5,15,22,22,,,14,19,11,262,0.3,0.0
2562,Beni,ANG,MF,Vitória,Primeira Liga,23,7.1,642,ND,ND,0,7,204,7,84.5,,,7,0,0,0,,0,10,2,12,0.0,,,3,7,36,9,44,,,16,26,10,369,0.3,0.0
2563,Nicolás Benedetti,COL,MFFW,Mazatlán,Liga MX,28,11.6,1043,1.77,70.0,2,8,377,11,74.4,,,28,0,5,2,,3,3,30,25,1.5,,,22,48,64,72,47,,,18,21,7,628,3.0,3.9
2564,Leonardo Benedetti,ITA,MFFW,Sampdoria,Serie B,25,4.8,436,ND,ND,0,6,95,6,68.9,,,6,0,0,0,,0,0,3,7,0.2,,,2,6,10,22,21,,,12,12,6,187,0.7,0.2
2565,Fahem Benaissa Yahia,FRA,MFDF,Casa Pia,Primeira Liga,23,5.7,517,ND,ND,0,4,104,20,73.1,,,4,0,0,0,,0,4,6,10,0.1,,,3,7,13,12,38,,,19,23,13,268,0.7,0.1
2566,Fernando Beltrán,MEX,MF,León,Liga MX,27,13.7,1236,1.64,66.0,0,5,516,7,86.0,,,11,0,1,1,,1,14,19,24,0.4,,,7,16,67,36,66,,,12,26,7,790,0.5,0.4
2567,Paul Bellón,MEX,DF,León,Liga MX,28,7.2,644,1.75,68.0,0,10,285,36,91.2,,,0,1,0,0,,0,7,1,4,0.1,,,0,1,8,0,11,,,10,17,9,444,0.4,0.1
2568,Marco Bellich,ITA,DF,Juve Stabia,Serie B,26,5.8,524,ND,ND,0,3,279,25,83.5,,,0,0,1,1,,1,4,2,3,0.4,,,0,4,27,11,15,,,4,8,3,423,0.0,0.4
2569,Amari'i Bell,JAM,DF,Charlton Ath,Championship,31,11.7,1055,1.8,72.0,0,19,283,42,71.3,,,5,2,0,0,,0,16,4,13,0.2,,,8,10,32,13,42,,,14,30,10,612,0.3,0.2
2570,Yanis Begraoui,MAR,FW,Estoril,Primeira Liga,24,7.7,693,1.75,62.0,1,4,141,5,73.1,,,9,0,6,3,,5,1,7,20,2.2,,,1,4,9,51,15,,,0,1,0,210,0.3,3.7
2571,Jan Bednarek,POL,DF,Porto,Primeira Liga,29,9.7,875,1.9,77.0,0,10,540,52,93.8,,,3,1,0,0,,0,12,3,5,0.1,,,3,7,50,0,49,,,3,15,3,853,0.2,0.1
2572,Bebeto,BRA,DF,Tondela,Primeira Liga,35,6.7,599,1.74,72.0,0,12,177,37,72.0,,,1,1,0,0,,0,7,6,11,0.1,,,6,7,24,21,26,,,25,32,13,424,0.4,0.1
2573,Emin Bayram,TUR,DF,Westerlo,Belgian Pro League,22,14.0,1260,1.86,78.0,2,25,560,115,82.6,,,2,3,4,2,,2,20,6,9,1.0,,,10,8,53,4,56,,,19,39,9,1035,1.4,1.0
2574,Alán Bautista,MEX,MF,Pachuca,Liga MX,22,12.7,1139,1.68,60.0,1,8,324,15,81.0,,,11,0,3,2,,2,9,24,21,3.1,,,7,16,54,25,38,,,25,34,17,629,1.4,3.1
2575,Gil Bastião Dias,POR,FW,Famalicão,Primeira Liga,28,7.3,659,1.83,78.0,2,4,194,7,65.0,,,6,0,3,1,,1,4,10,18,2.2,,,15,29,32,67,37,,,20,24,16,328,3.1,2.2
2576,Bruno Barticciotto,CHI,FW,Santos,Liga MX,24,6.8,613,ND,ND,1,0,121,2,75.5,,,9,0,3,1,,2,0,8,28,1.3,,,1,6,12,37,13,,,10,10,5,214,0.7,2.9
2577,Louie Barry,ENG,FWMF,Sheffield Utd,Championship,22,4.9,445,1.74,70.0,0,3,113,3,73.7,,,3,0,0,0,,0,0,6,11,0.4,,,1,17,5,46,15,,,7,7,7,180,0.2,0.4
2578,Sergio Barreto,ARG,DF,Pachuca,Liga MX,26,14.9,1345,1.84,74.0,0,16,477,74,90.5,,,0,0,1,1,,1,14,5,3,0.6,,,1,2,58,2,54,,,18,32,8,935,0.3,0.6
2579,Pablo Barrera,MEX,MFFW,Querétaro,Liga MX,38,5.9,535,1.75,72.0,2,4,135,4,68.0,,,7,0,3,0,,1,3,12,11,0.3,,,11,10,17,36,20,,,5,8,3,275,1.2,1.9
2580,Enzo Barrenechea,ARG,MF,Benfica,Primeira Liga,24,9.1,823,1.86,81.0,0,6,541,10,92.7,,,4,0,0,0,,0,11,4,5,0.2,,,6,14,81,10,62,,,14,25,7,859,0.5,0.2
2581,Jaine Barreiro,COL,DF,León,Liga MX,31,14.9,1342,1.85,73.0,0,20,534,66,81.4,,,2,0,0,0,,0,27,7,8,0.5,,,3,11,42,10,61,,,20,47,8,903,0.4,0.5
2582,Antonio Barreca,ITA,DF,Padova,Serie B,30,9.3,834,1.84,70.0,1,13,238,31,71.5,,,2,1,1,0,,0,5,14,8,0.0,,,10,16,35,29,28,,,11,16,10,522,0.8,0.0
2583,Davide Bariti,ITA,DFFW,Virtus Entella,Serie B,34,4.6,411,1.73,65.0,0,3,132,3,66.9,,,3,0,0,0,,0,4,11,5,0.5,,,14,9,21,48,25,,,5,9,3,285,0.8,0.5
2584,Rafael Barbosa,POR,MFFW,AVS Futebol,Primeira Liga,29,6.3,569,1.73,69.0,2,2,148,3,73.2,,,8,0,3,1,,1,5,12,5,0.8,,,8,5,22,30,20,,,8,13,5,293,0.6,1.6
2585,Diego Barbosa,MEX,DF,Toluca,Liga MX,28,9.0,809,1.73,71.0,0,6,207,19,78.3,,,4,0,0,0,,0,9,8,19,0.1,,,9,10,24,38,39,,,29,38,17,496,0.8,0.1
2586,Barbero,ESP,FW,Arouca,Primeira Liga,26,5.5,496,1.87,76.0,1,5,68,1,71.9,,,5,0,1,0,,0,4,4,12,1.0,,,2,2,6,13,12,,,8,12,5,140,0.4,1.0
2587,Antonín Barák,CZE,MF,Sampdoria,Serie B,30,5.1,455,1.9,86.0,1,3,133,7,80.6,,,10,0,1,0,,0,2,9,9,0.3,,,3,15,15,23,26,,,6,8,4,232,1.3,1.1
2588,Barry Bannan,SCO,MF,Sheffield Weds,Championship,35,14.8,1329,1.69,61.0,2,14,558,12,76.6,,,10,0,5,3,,3,14,33,12,1.1,,,25,22,118,32,74,,,19,33,12,1136,3.5,1.1
2589,Mattia Bani,ITA,DF,Palermo,Serie B,31,7.4,669,1.88,75.0,0,9,182,52,83.1,,,0,1,1,1,,1,16,2,7,1.3,,,0,1,15,3,21,,,9,25,6,440,0.1,1.3
2590,Cristiano Bani,ITA,DF,Mantova,Serie B,26,8.1,727,ND,ND,0,8,466,26,87.9,,,1,1,0,0,,0,6,10,5,0.4,,,12,4,65,15,33,,,9,15,7,778,0.5,0.4
2591,Sidi Bane,SEN,DF,AVS Futebol,Primeira Liga,21,5.3,476,1.84,77.0,0,5,134,20,81.7,,,2,0,1,1,,1,2,2,2,0.6,,,2,6,16,8,16,,,6,8,2,269,0.1,0.6
2592,Robson Bambu,BRA,DF,Atlético,Liga MX,27,10.0,900,1.84,65.0,0,7,270,60,82.4,,,3,0,0,0,,0,8,2,13,0.1,,,0,4,17,0,29,,,8,16,4,497,0.2,0.1
2593,Thierno Ballo,AUT,FWMF,Millwall,Championship,23,8.2,740,1.72,62.0,3,6,190,9,69.4,,,13,0,4,1,,1,3,8,24,1.5,,,10,14,23,46,47,,,13,16,7,319,0.9,1.5
2594,Keita Baldé,SEN,MF,Monza,Serie B,30,5.6,503,1.84,80.0,1,1,161,2,80.4,,,7,0,3,2,,2,1,14,9,2.3,,,12,17,26,32,21,,,3,4,2,257,1.7,2.3
2595,Max Balard,AUS,MF,NAC Breda,Eredivisie,24,10.5,949,ND,ND,1,10,304,22,85.2,,,3,1,1,0,,0,8,7,7,0.4,,,2,13,48,13,49,,,20,28,9,558,0.3,0.4
2596,Kevin Balanta,COL,DF,Santos,Liga MX,28,15.2,1372,1.79,73.0,0,18,408,94,82.2,,,3,2,1,1,,1,10,1,10,0.6,,,0,9,18,0,43,,,18,28,13,753,0.0,0.6
2597,Danny Bakker,NED,DF,Telstar,Eredivisie,30,7.3,656,1.78,70.0,1,18,272,45,86.6,,,0,1,1,0,,0,8,7,4,0.7,,,4,14,49,5,32,,,9,17,3,534,0.3,1.4
2598,Lewis Baker,ENG,MF,Stoke City,Championship,30,11.1,995,1.82,72.0,1,7,277,16,83.4,,,9,1,5,4,,4,7,13,13,2.0,,,9,7,53,25,44,,,11,18,7,522,0.8,2.0
2599,Bilal Bafdili,BEL,MFFW,Mechelen,Belgian Pro League,20,7.5,677,1.67,65.0,2,9,199,11,72.9,,,14,0,3,1,,1,6,12,18,1.3,,,8,10,33,37,41,,,4,10,2,339,1.4,1.3
2600,Tomás Badaloni,ARG,FW,Necaxa,Liga MX,25,11.0,986,ND,ND,1,4,153,13,67.4,,,13,0,4,3,,3,1,17,39,3.3,,,2,7,8,58,25,,,2,3,2,312,1.9,3.3
2601,Felix Bacher,AUT,DF,Estoril,Primeira Liga,24,11.0,990,1.9,84.0,0,7,359,53,85.5,,,3,1,0,0,,0,11,4,4,0.8,,,0,0,22,2,37,,,10,21,9,617,0.3,0.8
2602,Youri Baas,NED,DF,Ajax,Eredivisie,22,11.0,990,ND,ND,0,21,671,47,92.7,,,4,0,1,1,,1,12,4,10,0.6,,,5,23,59,10,52,,,22,34,15,1031,0.5,0.6
2603,Kwadwo Baah,ENG,FWMF,Watford,Championship,22,6.2,562,1.81,75.0,1,4,148,5,67.9,,,6,0,2,1,,1,1,11,19,0.8,,,10,39,19,50,22,,,3,4,2,214,1.4,0.8
2604,Paulo Azzi,BRA,DF,Monza,Serie B,31,11.4,1022,ND,ND,1,15,293,17,74.2,,,5,1,2,1,,1,9,10,16,1.8,,,8,52,24,67,52,,,26,35,19,599,0.8,1.8
2605,Angel Azuaje,VEN,DF,UNAM,Liga MX,20,7.8,705,ND,ND,0,8,269,44,86.3,,,3,1,0,0,,0,5,3,11,0.1,,,1,3,23,2,17,,,12,17,10,433,0.4,0.1
2606,Femi Azeez,ENG,FW,Millwall,Championship,24,6.2,554,ND,ND,1,8,159,5,56.7,,,5,0,5,4,,4,5,9,19,3.0,,,12,20,12,58,26,,,15,20,8,271,0.8,3.0
2607,Finn Azaz,IRL,MFFW,2 Teams,Championship,24,7.6,686,ND,ND,2,12,223,11,71.9,,,10,0,4,2,,2,3,13,15,1.4,,,12,13,47,37,43,,,13,16,8,400,1.9,1.4
2608,Luke Ayling,ENG,DF,Middlesbrough,Championship,33,12.4,1114,1.83,72.0,2,13,586,33,82.6,,,7,0,3,1,,1,12,6,11,0.3,,,9,29,80,15,73,,,28,40,21,1011,1.1,0.3
2609,Jordan Ayew,GHA,FWMF,Leicester City,Championship,33,11.0,991,1.82,81.0,1,8,235,17,79.5,,,32,0,3,1,,2,3,14,32,1.4,,,10,31,21,84,36,,,18,21,14,441,1.8,2.2
2610,Ali Ávila,MEX,FW,Querétaro,Liga MX,21,6.6,595,ND,ND,0,0,82,4,76.0,,,11,0,6,6,,6,1,3,16,3.2,,,0,5,2,17,5,,,2,3,1,159,0.3,3.2
2611,Fredrik Aursnes,NOR,MFDF,Benfica,Primeira Liga,29,10.9,985,1.79,70.0,0,11,371,13,83.1,,,5,0,1,1,,1,11,18,11,0.6,,,20,15,49,74,52,,,26,37,15,646,2.2,0.6
2612,João Aurélio,POR,DF,Nacional,Primeira Liga,36,9.9,887,1.85,75.0,0,15,166,43,68.7,,,4,0,0,0,,0,17,5,7,0.2,,,6,14,28,19,44,,,25,42,14,491,0.4,0.2
2613,Giuseppe Aurelio,ITA,DF,Spezia,Serie B,25,6.8,613,ND,ND,1,8,127,16,70.5,,,1,0,2,1,,1,3,4,11,0.5,,,7,7,15,18,19,,,6,9,5,265,0.6,0.5
2614,Yarlen Augusto,BRA,FWMF,Tondela,Primeira Liga,19,4.9,441,ND,ND,0,6,91,4,46.8,,,2,0,0,0,,0,7,4,12,0.8,,,3,10,7,33,15,,,7,14,6,164,0.6,0.8
2615,Ludwig Augustinsson,SWE,DF,Anderlecht,Belgian Pro League,31,9.3,837,1.81,75.0,1,11,353,36,79.7,,,4,0,1,0,,0,10,10,4,0.5,,,8,18,85,35,29,,,19,29,7,706,1.7,0.5
2616,Tommaso Augello,ITA,DF,Palermo,Serie B,30,10.5,946,1.8,72.0,1,16,319,18,74.2,,,5,0,1,0,,0,7,23,8,0.2,,,28,20,67,50,45,,,11,18,4,674,1.4,0.2
2617,Robert Atkinson,ENG,DF,Bristol City,Championship,27,11.4,1028,ND,ND,1,17,260,82,77.7,,,2,1,2,1,,1,13,7,5,0.2,,,1,16,33,6,39,,,23,36,17,636,0.4,0.2
2618,Nicolaos Athanasiou,GRE,MFDF,Rio Ave,Primeira Liga,24,9.0,806,ND,ND,1,10,266,23,74.2,,,0,0,1,0,,0,9,13,6,0.1,,,10,18,26,36,30,,,13,22,8,506,1.3,0.1
2619,Federico Artioli,ITA,MF,Mantova,Serie B,24,7.1,636,1.79,74.0,0,2,312,7,82.6,,,8,0,0,0,,0,5,16,9,0.4,,,5,10,34,15,30,,,7,12,2,548,1.1,0.4
2620,Gerardo Arteaga,MEX,DFMF,Monterrey,Liga MX,26,12.8,1154,1.73,71.0,1,13,368,24,88.3,,,9,1,2,1,,1,7,12,22,0.5,,,7,23,36,74,57,,,16,23,8,750,1.4,0.5
2621,Bright Arrey-Mbi,GER,DF,Braga,Primeira Liga,22,5.7,513,1.87,78.0,0,4,309,25,90.9,,,1,1,0,0,,0,4,0,2,0.0,,,1,1,14,0,25,,,6,10,3,427,0.0,0.0
2622,Sinclair Armstrong,IRL,FW,Bristol City,Championship,22,4.7,423,ND,ND,0,5,86,5,83.7,,,12,0,1,1,,1,1,1,13,1.7,,,0,16,4,33,13,,,4,5,3,144,0.2,1.7
2623,Harrison Armstrong,ENG,MF,Preston,Championship,18,8.1,731,ND,ND,1,16,204,14,79.3,,,6,0,1,0,,0,8,5,12,0.2,,,10,17,39,25,32,,,14,22,8,372,0.7,0.2
2624,Adam Armstrong,ENG,FWMF,Southampton,Championship,28,11.3,1016,1.72,70.0,1,6,190,2,79.5,,,16,1,6,5,,5,4,10,21,6.0,,,6,16,19,85,24,,,12,16,6,332,0.6,6.8
2625,Eduardo Armenta,MEX,MF,Querétaro,Liga MX,23,9.3,837,ND,ND,1,9,122,12,70.1,,,3,0,1,0,,0,11,6,9,0.4,,,7,9,25,13,29,,,16,27,10,282,0.5,0.4
2626,Ramiro Árciga,MEX,MFFW,Tijuana,Liga MX,20,12.7,1140,ND,ND,5,18,250,9,61.3,,,26,0,6,1,,1,12,19,25,1.0,,,17,33,18,95,42,,,21,33,13,497,2.9,1.2
2627,Cameron Archer,ENG,FWMF,Southampton,Championship,24,4.8,428,1.75,72.0,0,4,74,1,78.1,,,7,0,1,1,,1,0,5,13,3.1,,,3,5,7,25,9,,,4,4,2,130,0.5,3.1
2628,Telmo Arcanjo,CPV,FWMF,Vitória,Primeira Liga,24,5.9,529,1.8,71.0,0,5,134,3,70.1,,,5,0,0,0,,0,4,11,16,0.2,,,11,14,11,40,23,,,9,13,8,234,0.9,0.2
2629,Tomás Araújo,POR,DF,Benfica,Primeira Liga,23,5.7,517,ND,ND,0,7,294,13,89.2,,,0,2,1,1,,1,9,4,2,0.2,,,4,4,47,13,21,,,8,17,5,439,0.3,0.2
2630,Tiago Araújo,POR,DF,Gent,Belgian Pro League,24,7.2,650,ND,ND,2,8,315,27,73.3,,,7,0,2,0,,0,6,15,10,0.2,,,11,18,60,28,25,,,6,12,3,585,1.2,0.2
2631,Maximiliano Araújo,URU,DF,Sporting CP,Primeira Liga,25,6.2,555,1.79,73.0,1,9,187,14,81.5,,,5,0,1,0,,0,6,9,6,0.8,,,9,13,19,57,21,,,10,16,9,383,0.6,0.8
2632,Javier Aquino,MEX,DF,UANL,Liga MX,35,14.9,1345,1.65,62.0,2,13,559,44,82.9,,,9,0,2,0,,0,24,18,11,0.0,,,14,23,81,108,56,,,28,52,19,1058,2.1,0.0
2633,Robert Apter,SCO,FWMF,Charlton Ath,Championship,22,4.8,435,ND,ND,0,6,103,2,55.5,,,7,0,1,1,,1,1,9,4,0.4,,,11,15,15,40,19,,,11,12,5,179,1.5,0.4
2634,Matias Antonini Lui,BRA,DF,Catanzaro,Serie B,27,11.5,1035,ND,ND,0,12,449,72,89.9,,,1,1,1,1,,1,21,1,4,0.8,,,1,3,30,2,29,,,17,38,13,889,0.0,0.8
2635,Nilson Angulo,ECU,FWMF,Anderlecht,Belgian Pro League,22,12.1,1092,ND,ND,5,16,400,19,75.1,,,29,0,7,2,,2,11,34,26,1.1,,,38,30,53,135,64,,,44,55,28,717,4.1,1.1
2636,Jesús Angulo,MEX,FWMF,Toluca,Liga MX,28,12.0,1079,1.65,68.0,4,7,360,3,82.5,,,9,1,9,5,,5,3,30,31,3.1,,,15,26,50,59,36,,,12,15,8,601,3.5,3.1
2637,Álvaro Angulo,COL,DF,UNAM,Liga MX,28,13.0,1172,1.77,68.0,2,6,321,24,74.2,,,7,0,5,2,,3,13,18,17,1.8,,,19,28,22,126,30,,,20,33,11,633,1.9,3.3
2638,Keshi Anderson,ENG,FWMF,Birmingham City,Championship,30,5.8,522,1.75,70.0,0,8,183,9,74.7,,,10,0,1,1,,1,2,10,21,0.6,,,6,22,12,56,32,,,14,16,8,312,0.6,0.6
2639,Amorim,BRA,MF,Alverca,Primeira Liga,20,10.3,927,1.77,70.0,0,9,306,10,83.3,,,14,0,1,1,,1,8,9,11,0.2,,,7,11,37,10,56,,,24,32,15,493,1.1,0.2
2640,Bruno Amione,ARG,DF,Santos,Liga MX,23,16.3,1466,1.84,83.0,1,13,306,62,80.9,,,7,0,4,3,,3,11,3,16,1.4,,,3,26,38,17,49,,,32,43,19,736,0.6,1.4
2641,Mawouna Amevor,TOG,DF,Volendam,Eredivisie,33,9.3,840,1.91,83.0,1,11,325,45,89.7,,,1,1,1,0,,0,7,3,4,0.1,,,2,5,25,0,26,,,4,11,1,521,0.9,0.1
2642,Fidel Ambríz,MEX,MF,Monterrey,Liga MX,22,9.2,829,1.81,66.0,0,15,295,10,90.7,,,7,1,1,1,,1,9,4,14,1.0,,,2,2,29,15,45,,,21,30,15,564,0.6,1.0
2643,Harry Amass,ENG,DF,Sheffield Weds,Championship,18,10.7,967,ND,ND,0,18,313,30,75.0,,,21,0,1,1,,1,8,8,25,0.4,,,14,37,41,40,73,,,28,36,14,563,0.9,0.4
2644,Pedro Amaral,POR,DFMF,Estoril,Primeira Liga,27,6.2,555,1.78,72.0,0,2,164,23,81.9,,,1,0,0,0,,0,2,1,7,0.2,,,2,3,27,11,27,,,3,5,3,314,0.0,0.2
2645,Kevin Álvarez,MEX,DF,América,Liga MX,26,10.6,958,1.75,63.0,1,14,263,23,75.7,,,15,1,2,1,,1,7,10,14,0.8,,,9,29,28,76,30,,,10,17,8,548,1.0,0.8
2646,Efrain Alvarez,MEX,MFFW,Guadalajara,Liga MX,23,11.6,1045,1.73,64.0,4,4,411,1,72.4,,,20,0,6,2,,2,4,28,24,2.2,,,29,27,76,86,53,,,12,16,7,725,3.3,3.0
2647,Roberto Alvarado,MEX,MFFW,Guadalajara,Liga MX,26,8.9,805,1.7,63.0,2,6,327,4,77.4,,,9,0,5,3,,3,2,17,28,2.1,,,14,19,48,76,42,,,9,11,7,520,1.1,2.1
2648,Alfonso Alvarado,MEX,FW,2 Teams,Liga MX,25,10.2,921,1.71,58.0,0,5,152,3,83.6,,,8,0,2,2,,2,3,3,22,2.6,,,1,12,9,44,18,,,14,17,9,263,0.2,2.6
2649,Facundo Almada,ARG,DF,Mazatlán,Liga MX,27,17.0,1530,ND,ND,0,31,530,100,86.2,,,2,2,3,3,,3,15,3,11,1.1,,,1,12,47,3,47,,,21,36,17,1035,0.2,1.1
2650,Max Alleyne,ENG,DF,Watford,Championship,20,7.5,679,ND,ND,0,9,283,40,78.8,,,0,0,0,0,,0,9,2,7,0.2,,,1,11,40,3,23,,,22,31,16,516,0.3,0.2
2651,Ángel Algobia,ESP,MF,AVS Futebol,Primeira Liga,26,4.7,424,1.8,78.0,0,5,78,12,80.4,,,2,0,0,0,,0,1,2,7,0.0,,,1,3,14,4,20,,,13,14,10,181,0.0,0.0
2652,Ryan Alebiosu,ENG,DF,Blackburn,Championship,23,13.1,1176,1.81,69.0,1,16,331,39,74.1,,,6,0,2,1,,1,10,13,20,0.2,,,13,47,50,64,43,,,35,45,22,631,1.9,0.2
2653,Josimar Alcocer,CRC,FW,Westerlo,Belgian Pro League,21,11.3,1017,ND,ND,3,11,273,10,81.1,,,16,2,6,3,,3,6,12,23,2.2,,,10,33,30,73,44,,,20,26,12,471,1.4,2.2
2654,Jesús Alberto Angulo,MEX,DF,UANL,Liga MX,27,5.8,520,1.78,73.0,0,8,275,35,90.9,,,0,0,0,0,,0,8,2,3,0.0,,,2,3,27,0,20,,,12,20,8,521,0.1,0.0
2655,Alan,BRA,MFFW,Moreirense,Primeira Liga,25,10.5,942,ND,ND,3,6,233,5,81.3,,,11,0,5,2,,2,1,13,20,0.5,,,9,9,43,32,39,,,10,11,6,483,2.4,0.5
2656,Chuba Akpom,ENG,MFFW,Ipswich Town,Championship,29,4.9,438,1.83,70.0,0,5,99,2,81.8,,,6,1,0,0,,0,0,7,8,1.5,,,1,14,14,30,16,,,6,6,4,170,0.3,1.5
2657,Babatunde Akinsola,NGA,FWMF,AVS Futebol,Primeira Liga,22,9.2,832,ND,ND,2,8,201,8,64.8,,,18,0,2,0,,0,4,9,36,0.5,,,11,34,24,64,41,,,6,10,5,311,1.5,0.5
2658,Takahiro Akimoto,JPN,DFMF,OH Leuven,Belgian Pro League,27,14.0,1260,ND,ND,0,9,286,68,74.0,,,7,0,0,0,,0,13,3,18,0.5,,,13,16,36,48,45,,,37,50,21,679,0.1,0.5
2659,Semi Ajayi,NGA,DF,Hull City,Championship,31,4.7,419,1.93,83.0,0,6,128,27,75.1,,,2,0,0,0,,0,7,0,1,0.5,,,0,2,12,3,15,,,12,19,6,242,0.0,0.5
2660,Makan Aiko,FRA,FW,Fortuna Sittard,Eredivisie,24,4.5,404,1.71,63.0,2,5,99,2,64.0,,,6,0,4,2,,2,3,5,13,1.1,,,5,15,8,29,16,,,5,8,4,145,0.8,1.1
2661,Anel Ahmedhodžić,BIH,DF,Feyenoord,Eredivisie,26,10.6,955,1.78,70.0,0,6,498,60,91.6,,,1,1,0,0,,0,14,6,5,0.5,,,5,24,58,9,51,,,12,26,5,741,0.3,0.5
2662,Patrick Agyemang,USA,FWMF,Derby County,Championship,24,7.8,706,ND,ND,3,2,138,10,65.9,,,28,0,5,2,,2,1,11,27,1.4,,,3,21,13,54,24,,,1,2,1,249,1.2,1.4
2663,Lawrence Agyekum,GHA,MFDF,Cercle Brugge,Belgian Pro League,21,9.3,841,ND,ND,1,19,202,13,69.6,,,13,0,1,0,,0,13,6,31,0.8,,,6,13,34,36,60,,,19,32,12,415,0.7,0.8
2664,Jorge Agustín Rodríguez,ARG,MF,Monterrey,Liga MX,29,12.3,1109,1.78,83.0,0,18,363,20,87.0,,,1,0,0,0,,0,15,8,7,0.3,,,4,1,58,12,61,,,26,41,15,757,0.5,0.3
2665,Rodrigo Aguirre,URU,FW,América,Liga MX,30,9.7,871,1.86,75.0,0,4,141,1,60.2,,,19,0,4,4,,4,4,4,29,3.8,,,3,12,16,45,17,,,7,11,5,262,0.5,3.8
2666,Gaddi Aguirre,MEX,DF,Atlas,Liga MX,29,16.0,1440,1.73,58.0,0,14,379,65,82.0,,,5,1,1,1,,1,15,0,6,0.7,,,2,4,25,1,46,,,27,42,19,800,0.0,0.7
2667,Érick Aguirre,MEX,DFMF,Monterrey,Liga MX,28,5.0,453,1.71,60.0,1,6,199,9,77.2,,,5,0,1,0,,0,5,5,8,0.3,,,6,12,21,44,17,,,11,16,9,359,0.2,0.3
2668,Eduardo Aguirre,MEX,MFFW,Atlas,Liga MX,26,5.3,474,1.7,65.0,1,5,86,4,72.8,,,2,0,2,1,,1,1,5,11,1.2,,,7,5,15,25,18,,,12,13,6,173,0.9,1.2
2669,Daniel Aguirre,USA,DF,Guadalajara,Liga MX,26,6.2,554,ND,ND,1,10,234,14,84.6,,,2,0,2,1,,1,7,9,5,0.8,,,6,23,37,19,22,,,16,23,1,447,1.2,0.8
2670,Brandon Aguilera,CRC,MF,Rio Ave,Primeira Liga,22,7.8,703,ND,ND,0,3,221,14,82.8,,,8,0,0,0,,0,11,7,7,0.2,,,3,3,25,10,50,,,8,19,4,392,0.5,0.2
2671,Eduardo Águila,MEX,DF,Atlético,Liga MX,23,14.9,1338,ND,ND,0,7,417,92,85.6,,,1,2,1,1,,1,15,2,11,0.7,,,1,5,29,1,51,,,21,36,17,811,0.1,0.7
2672,Jerry Afriyie,GHA,FW,La Louvière,Belgian Pro League,18,8.9,800,ND,ND,0,5,98,3,65.0,,,11,0,2,2,,2,2,5,23,2.7,,,5,12,10,26,36,,,6,8,2,182,0.4,2.7
2673,Olivier Aertssen,NED,DF,Zwolle,Eredivisie,20,9.9,887,ND,ND,0,14,196,51,70.6,,,5,0,0,0,,0,15,5,12,0.2,,,7,12,23,18,40,,,27,42,17,498,0.7,0.2
2674,Adriano,BRA,MF,Santa Clara,Primeira Liga,25,10.2,920,ND,ND,0,6,325,14,87.1,,,2,0,0,0,,0,4,8,6,0.6,,,6,7,43,20,49,,,5,9,2,560,0.2,0.6
2675,Davide Adorni,ITA,DF,Modena,Serie B,32,11.0,990,1.85,78.0,1,10,283,55,87.3,,,3,1,1,0,,0,16,4,6,0.6,,,1,9,34,0,32,,,14,30,7,551,0.3,0.6
2676,Andrea Adorante,ITA,FW,Venezia,Serie B,25,7.7,696,1.84,79.0,0,2,109,8,64.1,,,8,0,4,2,,4,2,6,26,2.2,,,1,3,7,37,10,,,1,3,0,199,0.4,3.8
2677,Shawn Adewoye,BEL,DF,Fortuna Sittard,Eredivisie,25,9.1,817,1.81,82.0,0,15,286,46,84.6,,,4,1,0,0,,0,11,1,4,0.0,,,0,3,19,1,34,,,20,31,13,526,0.1,0.0
2678,Farouck Adekami,CIV,FWDF,Antwerp,Belgian Pro League,18,5.3,475,ND,ND,1,3,163,2,68.1,,,5,0,3,2,,2,2,8,26,0.6,,,9,26,14,51,23,,,6,8,5,242,1.2,0.6
2679,Noah Adedeji,BEL,FW,Genk,Belgian Pro League,20,5.9,529,1.79,70.0,0,7,238,1,75.6,,,11,0,0,0,,0,4,8,19,0.6,,,12,19,20,68,18,,,9,13,5,368,0.9,0.6
2680,Ebou Adams,GAM,MF,Derby County,Championship,29,10.6,951,1.81,76.0,0,15,178,40,80.6,,,14,1,1,1,,1,11,2,12,0.3,,,5,6,29,16,62,,,36,47,23,468,0.0,0.3
2681,Emanuele Adamo,ITA,DFMF,Cesena,Serie B,27,5.4,490,ND,ND,0,7,161,18,83.7,,,5,0,0,0,,0,3,4,9,0.2,,,3,16,6,17,30,,,7,10,4,308,0.7,0.2
2682,Alonso Aceves,MEX,DF,Pachuca,Liga MX,24,14.3,1288,1.8,63.0,2,24,498,56,81.6,,,4,0,3,1,,1,15,11,16,1.4,,,8,28,70,42,53,,,31,46,24,992,1.3,1.4
2683,Fabio Abiuso,GRE,FW,Carrarese,Serie B,22,8.5,768,ND,ND,2,9,117,7,56.2,,,10,0,4,2,,2,2,7,25,2.5,,,7,10,21,39,12,,,12,14,9,272,1.3,2.5
2684,Oliver Abildgaard,DEN,MFDF,Sampdoria,Serie B,29,8.6,772,1.75,66.0,2,13,169,33,74.6,,,4,1,2,0,,0,16,6,6,0.5,,,2,4,33,8,20,,,11,27,5,451,0.4,0.5
2685,Adnane Abid,BEL,FW,Standard Liège,Belgian Pro League,21,7.4,663,1.64,64.0,1,10,192,4,71.3,,,5,2,2,1,,1,3,15,20,0.3,,,12,28,30,42,38,,,8,11,7,314,1.2,0.3
2686,José Abella,MEX,DF,Santos,Liga MX,31,14.9,1344,1.75,71.0,5,16,351,67,70.3,,,3,0,5,0,,0,12,30,9,0.4,,,9,7,49,26,48,,,20,32,15,858,2.7,0.4
2687,Sabit Abdulai,GHA,MF,Alverca,Primeira Liga,26,5.4,483,1.85,78.0,0,7,155,14,81.8,,,5,0,0,0,,0,5,2,12,0.1,,,1,2,12,1,27,,,10,15,7,261,0.1,0.1
2688,Nelson Abbey,ENG,DF,Rio Ave,Primeira Liga,21,5.9,529,ND,ND,0,3,226,28,86.5,,,2,0,0,0,,0,7,2,3,0.0,,,0,4,13,1,27,,,6,13,5,358,0.1,0.0
2689,Rodrigo Abascal,URU,DF,Vitória,Primeira Liga,31,10.0,900,1.86,77.0,1,14,368,52,77.2,,,2,0,1,0,,0,10,4,7,0.3,,,4,4,40,9,32,,,18,28,10,677,0.2,0.3
2690,James Abankwah,IRL,DF,Watford,Championship,21,8.2,738,1.82,79.0,0,7,294,53,83.2,,,3,0,0,0,,0,7,7,4,0.0,,,1,9,25,5,23,,,11,18,8,528,0.3,0.0
2691,Patrick van Aanholt,NED,DF,Sparta R'dam,Eredivisie,34,5.5,499,1.75,67.0,2,12,136,16,80.0,,,2,0,3,1,,1,4,9,4,0.9,,,5,4,18,18,26,,,15,19,9,290,1.4,0.9
2692,Jacob Widell Zetterström,SWE,GK,Derby County,Championship,27,15.0,1350,1.95,85.0,0,0,306,7,59.4,3.0,20.0,1,1,0,0,19.0,0,0,1,0,0.0,3.0,0.0,4,0,0,0,25,76.8,50.0,0,0,0,580,0.1,0.0
2693,Timon Wellenreuther,GER,GK,Feyenoord,Eredivisie,29,12.0,1080,1.86,82.0,0,0,329,4,72.3,6.0,50.0,0,1,0,0,12.0,0,0,0,3,0.0,2.0,0.0,1,0,3,0,30,67.7,19.0,0,0,0,502,0.0,0.0
2694,Christian Walton,ENG,GK,Ipswich Town,Championship,29,4.7,427,1.96,75.0,0,0,122,2,75.7,1.0,25.0,0,0,0,0,6.0,0,0,0,1,0.0,0.0,0.0,0,0,0,0,13,70.0,14.0,0,0,0,187,0.0,0.0
2695,Radek Vítek,nan,GK,Bristol City,Championship,21,15.0,1350,ND,ND,0,0,242,13,57.6,5.0,33.3,0,1,0,0,18.0,0,0,0,1,0.0,1.0,0.0,0,0,0,0,31,74.2,48.0,1,1,1,487,0.0,0.0
2696,Lawrence Vigouroux,CHI,GK,Swansea City,Championship,31,15.0,1350,1.94,90.0,0,0,361,6,70.7,3.0,20.0,1,1,0,0,19.0,0,0,1,1,0.0,0.0,0.0,0,0,0,0,22,67.8,42.0,0,0,0,595,0.1,0.0
2697,Michael Verrips,NED,GK,Dender,Belgian Pro League,28,10.0,900,1.95,85.0,0,0,259,5,67.5,2.0,20.0,0,0,0,0,15.0,0,1,0,0,0.0,2.0,0.0,0,0,0,0,28,63.9,21.0,0,1,0,439,0.0,0.0
2698,Camilo Vargas,COL,GK,Atlas,Liga MX,36,15.0,1350,1.85,81.0,1,0,281,7,72.5,2.0,13.3,0,4,1,0,30.0,0,0,2,1,0.0,3.0,2.0,0,0,0,0,16,67.9,52.0,1,1,0,578,0.4,0.0
2699,Hendrik Van Crombrugge,BEL,GK,Genk,Belgian Pro League,32,7.0,630,1.89,86.0,0,0,176,2,85.1,1.0,14.3,0,2,0,0,8.0,0,0,0,0,0.0,1.0,0.0,0,0,1,0,15,77.4,24.0,0,0,0,299,0.0,0.0
2700,João Valido,POR,GK,Arouca,Primeira Liga,25,9.0,810,ND,ND,0,0,192,9,73.2,0.0,0.0,0,1,0,0,24.0,0,0,0,1,0.0,5.0,1.0,0,0,0,0,12,60.4,23.0,3,3,0,395,0.0,0.0
2701,Etienne Vaessen,SUR,GK,Groningen,Eredivisie,30,9.0,810,1.89,82.0,1,1,316,8,69.1,3.0,33.3,0,0,1,0,8.0,0,0,1,0,0.0,0.0,0.0,1,0,1,0,32,71.4,20.0,0,0,0,492,0.3,0.0
2702,Ezequiel Unsain,ARG,GK,Necaxa,Liga MX,30,17.0,1530,1.88,83.0,0,0,278,7,70.0,1.0,5.9,0,0,0,0,32.0,0,0,0,0,0.0,4.0,1.0,1,0,0,0,32,60.0,37.0,0,0,0,576,0.0,0.0
2703,Lars Unnerstall,GER,GK,Twente,Eredivisie,35,12.0,1080,1.98,100.0,0,0,228,3,71.9,1.0,8.3,0,0,0,0,18.0,0,0,0,0,0.0,1.0,0.0,0,0,0,0,16,56.4,23.0,0,0,0,384,0.0,0.0
2704,Anatolii Trubin,UKR,GK,Benfica,Primeira Liga,23,9.0,810,2.0,87.0,0,0,116,2,77.1,5.0,55.6,0,2,0,0,5.0,0,0,0,1,0.0,0.0,1.0,0,0,0,0,8,80.8,21.0,0,0,0,228,0.0,0.0
2705,Balázs Tóth,HUN,GK,Blackburn,Championship,27,13.0,1168,ND,ND,0,0,262,6,58.1,3.0,23.1,0,1,0,0,17.0,0,0,1,1,0.0,2.0,0.0,0,0,2,0,23,69.4,33.0,1,1,1,459,0.0,0.0
2706,Yannick Thoelen,BEL,GK,Antwerp,Belgian Pro League,35,5.0,450,1.88,81.0,0,0,105,2,67.2,1.0,20.0,0,0,0,0,7.0,0,0,0,0,0.0,0.0,0.0,0,0,1,0,8,75.0,21.0,0,0,0,191,0.0,0.0
2707,Demba Thiam,SEN,GK,Monza,Serie B,27,12.0,1080,ND,ND,0,0,275,8,75.1,6.0,50.0,0,0,0,0,7.0,0,0,1,0,0.0,0.0,1.0,0,0,1,0,22,77.4,23.0,0,0,0,474,0.0,0.0
2708,Jakub Stolarczyk,POL,GK,Leicester City,Championship,24,13.5,1215,1.94,82.0,0,0,269,6,76.6,3.0,21.4,0,2,0,0,14.0,0,0,0,1,0.0,1.0,1.0,0,1,1,0,23,75.0,38.0,0,0,0,500,0.0,0.0
2709,Filip Stankovic,SRB,GK,Venezia,Serie B,23,12.0,1080,1.78,75.0,0,0,431,10,80.2,5.0,41.7,0,1,0,0,12.0,0,0,1,0,0.0,0.0,0.0,0,0,0,0,16,75.0,36.0,0,0,0,593,0.0,0.0
2710,Rui Silva,POR,GK,Sporting CP,Primeira Liga,31,9.0,810,1.89,85.0,0,0,161,4,90.0,5.0,55.6,0,1,0,0,5.0,0,0,0,0,0.0,1.0,0.0,0,0,0,0,22,81.8,17.0,0,0,0,258,0.0,0.0
2711,Patrick Sequeira,CRC,GK,Casa Pia,Primeira Liga,26,8.6,772,1.9,70.0,0,0,163,8,72.0,2.0,22.2,0,1,0,0,17.0,0,0,0,1,0.0,3.0,0.0,0,0,0,0,15,65.0,23.0,0,0,0,295,0.0,0.0
2712,Egil Selvik,NOR,GK,Watford,Championship,28,13.5,1215,1.91,75.0,0,0,254,8,69.5,1.0,7.1,0,0,0,0,17.0,0,0,0,0,0.0,0.0,0.0,0,0,0,0,21,70.2,41.0,0,0,0,477,0.0,0.0
2713,Caio Secco,BRA,GK,Moreirense,Primeira Liga,34,7.0,630,1.94,86.0,0,0,115,3,68.9,2.0,28.6,0,0,0,0,8.0,0,0,1,0,0.0,3.0,0.0,0,0,0,0,7,81.5,19.0,1,1,1,237,0.3,0.0
2714,Kjell Scherpen,NED,GK,Union SG,Belgian Pro League,25,11.0,990,2.04,99.0,0,0,197,3,77.3,6.0,54.5,0,0,0,0,5.0,0,0,1,0,0.0,2.0,0.0,1,0,0,0,16,88.9,22.0,0,0,0,330,0.2,0.0
2715,Mouhamadou Sarr,SEN,GK,Spezia,Serie B,28,6.0,540,1.9,80.0,0,0,102,5,63.1,1.0,16.7,0,3,0,0,7.0,0,0,0,0,0.0,0.0,0.0,0,0,0,0,5,63.2,12.0,0,0,0,192,0.0,0.0
2716,José Santiago Hernández,MEX,GK,Querétaro,Liga MX,28,5.0,450,1.77,67.0,0,0,64,3,65.0,0.0,0.0,0,1,0,0,10.0,0,0,0,0,0.0,1.0,0.0,0,0,0,0,5,60.9,14.0,0,0,0,155,0.0,0.0
2717,Andrés Sánchez,MEX,GK,Atlético,Liga MX,27,16.0,1440,1.92,90.0,0,0,232,15,76.1,4.0,25.0,0,1,0,0,26.0,0,0,0,0,0.0,3.0,1.0,0,0,1,0,25,66.2,46.0,1,1,0,540,0.0,0.0
2718,Carl Rushworth,ENG,GK,Coventry City,Championship,24,15.0,1350,ND,ND,0,0,363,4,62.2,7.0,46.7,0,0,0,0,13.0,0,0,2,0,0.0,2.0,0.0,2,0,0,0,41,78.4,38.0,0,0,0,628,0.2,0.0
2719,Davy Roef,BEL,GK,Gent,Belgian Pro League,31,14.0,1260,1.87,84.0,0,1,340,6,75.9,3.0,21.4,0,1,0,0,22.0,0,1,2,2,0.0,1.0,0.0,0,0,0,0,21,70.8,52.0,1,2,1,564,0.0,0.0
2720,Jesús Rodríguez,MEX,GK,Puebla,Liga MX,32,6.5,585,1.82,77.0,0,0,103,6,72.2,1.0,14.3,0,0,0,0,18.0,0,0,0,0,0.0,4.0,0.0,0,0,0,0,13,61.1,19.0,0,0,0,229,0.0,0.0
2721,Joel Robles,ESP,GK,Estoril,Primeira Liga,35,11.0,990,1.95,84.0,0,0,151,11,58.7,1.0,9.1,0,0,0,0,17.0,0,0,0,0,0.0,4.0,0.0,0,0,0,0,27,66.7,22.0,1,1,0,357,0.0,0.0
2722,Renan Ribeiro,BRA,GK,Estrela,Primeira Liga,35,11.0,990,1.88,84.0,0,0,227,8,69.2,3.0,27.3,0,1,0,0,14.0,0,0,1,0,0.0,2.0,1.0,0,0,0,0,14,72.7,29.0,0,0,0,422,0.0,0.0
2723,José Rangel Aguilar,MEX,GK,Guadalajara,Liga MX,25,17.0,1530,1.87,81.0,0,0,257,17,81.5,4.0,23.5,0,1,0,0,22.0,0,0,0,0,0.0,4.0,1.0,0,0,1,0,46,73.9,46.0,0,0,0,544,0.0,0.0
2724,Mirko Pigliacelli,ITA,GK,Catanzaro,Serie B,32,12.0,1080,1.84,78.0,0,0,294,8,68.4,3.0,25.0,0,1,0,0,12.0,0,0,0,0,0.0,2.0,0.0,0,0,0,0,21,73.7,26.0,0,0,0,479,0.0,0.0
2725,Marcos Peano,ARG,GK,La Louvière,Belgian Pro League,26,14.0,1260,ND,ND,0,0,285,12,57.0,6.0,42.9,1,2,0,0,14.0,0,0,0,0,0.0,2.0,0.0,0,0,2,0,22,80.3,47.0,1,1,1,551,0.0,0.0
2726,Ivor Pandur,CRO,GK,Hull City,Championship,25,15.0,1350,1.87,82.0,0,0,381,13,61.0,3.0,20.0,0,4,0,0,24.0,0,0,1,0,0.0,1.0,1.0,0,0,0,0,16,65.7,42.0,0,0,0,646,0.0,0.0
2727,Lorenzo Palmisani,ITA,GK,Frosinone,Serie B,21,12.0,1080,ND,ND,0,0,274,7,57.6,5.0,41.7,0,1,0,0,11.0,0,0,1,1,0.0,1.0,1.0,1,0,0,0,16,81.8,43.0,0,0,0,475,0.1,0.0
2728,Alex Palmer,ENG,GK,Ipswich Town,Championship,28,9.3,833,1.88,80.0,0,1,214,5,83.8,1.0,10.0,0,0,0,0,10.0,0,0,0,1,0.0,2.0,0.0,0,0,1,0,28,69.2,17.0,1,1,1,337,0.0,0.0
2729,Rome-Jayden Owusu-Oduro,NED,GK,AZ Alkmaar,2 Comps,21,13.8,1241,ND,ND,0,0,282,6,69.0,4.0,28.6,1,4,0,0,23.0,0,0,1,1,0.0,1.0,1.0,1,0,1,0,36,66.2,41.0,0,0,0,506,0.2,0.0
2730,Arthur Okonkwo,ENG,GK,Wrexham,Championship,23,11.0,991,1.95,80.0,0,0,128,6,60.5,4.0,36.4,0,0,0,0,12.0,0,0,0,0,0.0,0.0,0.0,0,0,0,0,9,72.7,33.0,0,0,0,327,0.0,0.0
2731,Kayne van Oevelen,NED,GK,Volendam,Eredivisie,21,12.0,1080,ND,ND,0,0,341,6,57.8,1.0,8.3,0,1,0,0,20.0,0,0,2,1,0.0,0.0,0.0,1,0,0,0,21,68.8,45.0,0,0,0,562,0.2,0.0
2732,Taishi Nozawa,JPN,GK,Antwerp,Belgian Pro League,22,5.0,450,1.91,81.0,0,0,106,0,66.1,0.0,0.0,0,0,0,0,5.0,0,0,1,0,0.0,0.0,0.0,1,0,0,0,11,73.7,14.0,0,0,0,175,0.3,0.0
2733,Keylor Navas,CRC,GK,UNAM,Liga MX,38,15.0,1350,1.83,78.0,0,0,239,7,80.7,3.0,20.0,0,3,0,0,19.0,0,0,0,2,0.0,3.0,2.0,0,0,0,0,34,73.8,41.0,0,0,0,550,0.0,0.0
2734,Paul Nardi,FRA,GK,QPR,Championship,31,10.0,900,1.87,77.0,0,0,155,6,64.2,3.0,30.0,0,2,0,0,12.0,0,0,0,0,0.0,0.0,0.0,1,0,1,0,14,63.6,21.0,0,0,0,319,0.0,0.0
2735,Edoardo Motta,ITA,GK,Reggiana,Serie B,20,12.0,1080,ND,ND,0,0,170,8,59.5,3.0,25.0,0,3,0,0,18.0,0,0,0,2,0.0,1.0,0.0,0,0,0,0,14,69.1,37.0,0,0,0,400,0.0,0.0
2736,Carlos Moreno,MEX,GK,Pachuca,Liga MX,27,17.0,1530,1.9,80.0,0,0,397,15,73.5,4.0,23.5,0,5,0,0,21.0,0,0,2,0,0.0,3.0,0.0,0,0,3,0,48,72.3,45.0,2,2,1,727,0.3,0.0
2737,Cezary Miszta,POL,GK,Rio Ave,Primeira Liga,23,10.0,900,ND,ND,0,0,227,6,68.0,2.0,20.0,0,0,0,0,18.0,0,0,0,1,0.0,1.0,0.0,0,0,0,0,16,70.7,40.0,0,0,0,426,0.0,0.0
2738,Nacho Miras,ESP,GK,Mechelen,Belgian Pro League,28,9.0,810,1.86,75.0,0,0,180,4,68.2,2.0,22.2,0,0,0,0,11.0,0,0,0,0,0.0,3.0,1.0,0,0,0,0,8,85.5,43.0,0,0,0,328,0.0,0.0
2739,Kevin Mier,COL,GK,Cruz Azul,Liga MX,25,15.5,1394,ND,ND,0,0,401,6,80.4,5.0,31.3,0,2,0,0,17.0,0,0,1,3,0.0,0.0,0.0,0,0,1,0,56,67.9,37.0,2,2,1,685,0.0,0.0
2740,Santiago Mele,URU,GK,Monterrey,Liga MX,27,15.0,1350,1.82,78.0,0,0,273,6,82.0,4.0,26.7,0,2,0,0,25.0,0,0,0,2,0.0,1.0,0.0,0,0,0,0,27,62.5,39.0,0,0,0,502,0.0,0.0
2741,Alex McCarthy,ENG,GK,Southampton,Championship,35,7.0,630,1.93,82.0,0,0,117,1,67.3,1.0,14.3,0,0,0,0,10.0,0,0,0,0,0.0,0.0,0.0,0,0,1,0,7,56.5,13.0,0,0,0,227,0.0,0.0
2742,Diego Mascardi,ITA,GK,Spezia,Serie B,18,6.0,540,ND,ND,0,0,118,2,66.2,1.0,16.7,0,0,0,0,9.0,0,0,0,0,0.0,2.0,0.0,0,0,0,0,9,65.0,11.0,0,0,0,238,0.0,0.0
2743,Luis Manuel García,MEX,GK,Toluca,Liga MX,32,7.0,633,1.83,83.0,0,0,130,5,84.0,2.0,28.6,0,0,0,0,7.0,0,0,0,0,0.0,3.0,0.0,0,0,0,0,8,83.3,17.0,0,0,0,251,0.0,0.0
2744,Tobe Leysen,BEL,GK,OH Leuven,Belgian Pro League,23,14.0,1260,1.89,80.0,0,0,346,7,68.3,3.0,21.4,0,0,0,0,22.0,0,0,0,1,0.0,3.0,1.0,2,0,0,0,16,71.6,44.0,1,1,0,597,0.0,0.0
2745,Tobias Lawal,AUT,GK,Genk,Belgian Pro League,25,7.0,630,1.95,84.0,0,0,173,3,85.7,0.0,0.0,0,2,0,0,10.0,0,0,0,0,0.0,2.0,0.0,0,0,1,0,25,74.2,21.0,0,0,0,292,0.0,0.0
2746,Matej Kovar,CZE,GK,PSV Eindhoven,Eredivisie,25,12.0,1080,1.84,77.0,0,0,381,10,76.8,2.0,16.7,1,4,0,0,17.0,0,0,1,0,0.0,1.0,0.0,0,0,1,0,29,68.0,33.0,0,0,0,571,0.0,0.0
2747,Vladan Kovačević,BIH,GK,Norwich City,Championship,27,15.0,1350,ND,ND,0,0,339,10,71.7,1.0,6.7,1,4,0,0,23.0,0,0,0,1,0.0,0.0,1.0,0,0,0,0,27,66.2,44.0,0,0,0,596,0.0,0.0
2748,Leo Kokubo,JPN,GK,Sint-Truiden,Belgian Pro League,24,14.0,1260,1.93,78.0,0,0,291,11,71.7,4.0,28.6,0,1,0,0,16.0,0,0,0,0,0.0,2.0,0.0,0,0,0,0,26,75.0,41.0,3,3,3,485,0.0,0.0
2749,Ronald Koeman Jr.,NED,GK,Telstar,Eredivisie,30,12.0,1080,1.8,87.0,0,1,369,8,67.8,2.0,16.7,0,1,0,0,21.0,0,0,0,1,0.0,3.0,0.0,0,0,0,0,29,75.0,51.0,0,0,0,591,0.0,0.0
2750,Jonathan Klinsmann,USA,GK,Cesena,Serie B,28,12.0,1080,1.94,88.0,0,0,180,0,60.2,2.0,16.7,0,0,0,0,13.0,0,0,1,0,0.0,1.0,0.0,2,0,0,0,13,65.7,22.0,0,0,0,364,0.1,0.0
2751,Bernt Klaverboer,NED,GK,Heerenveen,Eredivisie,19,8.0,720,ND,ND,0,0,226,3,62.5,0.0,0.0,0,1,0,0,14.0,0,0,0,0,0.0,1.0,0.0,0,0,0,0,15,61.8,20.0,0,0,0,327,0.0,0.0
2752,Fabian de Keijzer,NED,GK,Heracles Almelo,Eredivisie,25,8.0,720,1.93,88.0,0,1,210,7,55.1,1.0,12.5,0,2,0,0,20.0,0,0,0,0,0.0,0.0,0.0,1,0,0,0,16,64.3,36.0,0,0,0,365,0.0,0.0
2753,Thomas Kaminski,BEL,GK,Charlton Ath,Championship,32,15.0,1350,1.9,82.0,0,0,265,3,59.8,6.0,40.0,0,0,0,0,12.0,0,0,0,1,0.0,1.0,0.0,1,0,0,0,30,75.0,32.0,0,0,0,551,0.0,0.0
2754,Abu Kamara,ITA,GK,Padova,Serie B,28,11.0,990,ND,ND,0,0,212,6,64.1,3.0,27.3,0,0,0,0,13.0,0,0,0,1,0.0,1.0,1.0,0,0,0,0,7,73.3,31.0,0,0,0,378,0.0,0.0
2755,Kaique,BRA,GK,Nacional,Primeira Liga,22,5.0,450,ND,ND,0,0,97,9,53.6,1.0,20.0,0,1,0,0,5.0,0,0,0,0,0.0,2.0,0.0,0,0,0,0,7,81.3,11.0,0,0,0,197,0.0,0.0
2756,Sebastián Jurado,MEX,GK,FC Juárez,Liga MX,27,17.0,1530,1.85,80.0,0,0,313,4,83.7,2.0,11.8,0,0,0,0,28.0,0,0,1,0,0.0,1.0,0.0,0,0,1,0,38,57.1,38.0,0,0,0,508,0.0,0.0
2757,Andreas Jungdal,DEN,GK,Westerlo,Belgian Pro League,23,14.0,1260,1.95,82.0,0,1,288,13,71.0,4.0,28.6,0,1,0,0,24.0,0,0,1,1,0.0,0.0,1.0,1,0,0,0,29,62.5,40.0,0,0,0,500,0.1,0.0
2758,Julio José González,MEX,GK,Puebla,Liga MX,34,10.5,945,1.83,80.0,0,0,135,8,81.5,1.0,10.0,0,1,0,0,24.0,0,0,0,1,0.0,3.0,1.0,0,0,0,0,25,55.3,23.0,0,0,0,341,0.0,0.0
2759,Jesse Joronen,FIN,GK,Palermo,Serie B,32,11.0,990,1.97,88.0,0,0,197,4,70.7,5.0,45.5,0,0,0,0,8.0,0,0,0,0,0.0,0.0,1.0,0,0,0,0,11,77.8,29.0,0,0,0,386,0.0,0.0
2760,Viktor Johansson,SWE,GK,Stoke City,Championship,26,15.0,1350,1.86,72.0,1,1,426,12,70.7,6.0,40.0,0,1,1,0,10.0,0,0,3,1,0.0,0.0,0.0,0,0,0,0,35,81.1,43.0,2,2,1,648,0.5,0.0
2761,Vitezslav Jaros,CZE,GK,Ajax,Eredivisie,24,9.0,810,1.84,70.0,0,0,252,5,80.9,2.0,22.2,0,1,0,0,12.0,0,0,0,0,0.0,3.0,0.0,0,0,0,0,19,76.3,26.0,0,0,0,394,0.0,0.0
2762,Nordin Jackers,BEL,GK,Club Brugge,Belgian Pro League,27,13.0,1170,1.87,82.0,0,0,350,13,77.9,6.0,46.2,0,1,0,0,12.0,0,0,0,0,0.0,1.0,0.0,0,0,4,0,28,77.1,37.0,1,1,1,533,0.0,0.0
2763,Daniel Iversen,DEN,GK,Preston,Championship,28,15.0,1350,1.93,88.0,1,1,343,20,60.2,5.0,33.3,0,3,1,0,14.0,0,0,3,2,0.0,0.0,0.0,1,0,0,0,26,70.2,34.0,0,0,0,662,0.4,0.0
2764,Antony Iannarilli,ITA,GK,Avellino,Serie B,34,9.0,810,1.86,82.0,0,0,158,6,64.6,2.0,22.2,0,1,0,0,15.0,0,0,1,2,0.0,1.0,0.0,0,0,0,0,10,65.9,26.0,0,0,0,317,0.0,0.0
2765,Ethan Horvath,USA,GK,Sheffield Weds,Championship,30,11.0,989,1.94,84.0,0,0,211,7,47.6,2.0,18.2,0,0,0,0,21.0,0,0,0,0,0.0,1.0,0.0,1,0,0,0,13,65.5,38.0,1,1,0,456,0.0,0.0
2766,Lukáš Horníček,CZE,GK,Braga,Primeira Liga,23,11.0,990,1.97,81.0,0,0,335,19,80.3,3.0,27.3,0,0,0,0,11.0,0,0,0,1,0.0,1.0,1.0,0,0,0,0,27,68.8,20.0,0,0,0,504,0.0,0.0
2767,Nahuel Guzmán,ARG,GK,UANL,Liga MX,39,17.0,1530,1.91,86.0,0,0,356,15,78.8,8.0,47.1,0,2,0,0,16.0,0,0,0,0,0.0,2.0,2.0,0,0,1,0,47,75.4,40.0,0,0,0,626,0.0,0.0
2768,Ricardo Gutiérrez,MEX,GK,Mazatlán,Liga MX,28,17.0,1530,1.81,78.0,0,0,294,7,67.0,1.0,5.9,0,0,0,0,29.0,0,0,0,0,0.0,8.0,0.0,0,0,1,0,14,75.0,55.0,1,1,0,604,0.0,0.0
2769,Joshua Griffiths,ENG,GK,West Brom,Championship,23,15.0,1350,1.85,71.0,0,0,283,10,64.9,4.0,26.7,0,1,0,0,16.0,0,0,0,0,0.0,0.0,1.0,0,0,1,0,27,66.7,32.0,0,0,0,553,0.0,0.0
2770,Tom de Graaff,NED,GK,Zwolle,Eredivisie,20,10.0,900,ND,ND,0,0,230,4,63.4,3.0,30.0,0,1,0,0,23.0,0,0,0,0,0.0,1.0,0.0,0,0,0,0,10,65.1,40.0,1,1,0,397,0.0,0.0
2771,Hugo González Durán,MEX,GK,Toluca,Liga MX,34,10.0,897,1.83,84.0,0,0,170,5,77.3,4.0,40.0,0,0,0,0,11.0,0,1,0,0,0.0,0.0,1.0,0,0,0,0,22,71.1,27.0,0,1,0,325,0.0,0.0
2772,André Gomes,POR,GK,Alverca,Primeira Liga,20,10.0,900,ND,ND,0,0,151,5,60.0,2.0,20.0,0,2,0,0,17.0,0,0,0,0,0.0,2.0,1.0,0,0,0,0,12,68.8,30.0,0,0,0,280,0.0,0.0
2773,Simone Ghidotti,ITA,GK,Sampdoria,Serie B,25,10.0,900,ND,ND,0,0,163,6,62.2,1.0,10.0,0,0,0,0,16.0,0,0,0,1,0.0,1.0,0.0,0,0,0,0,11,60.5,22.0,0,0,0,318,0.0,0.0
2774,Stijn van Gassel,NED,GK,Excelsior,Eredivisie,28,9.3,839,ND,ND,0,1,274,7,59.1,2.0,20.0,0,0,0,0,13.0,0,0,1,0,0.0,1.0,0.0,1,0,2,0,13,79.3,45.0,0,0,0,495,0.1,0.0
2775,Oscar Garcia,MEX,GK,León,Liga MX,22,14.0,1260,1.8,75.0,0,1,231,16,74.6,4.0,28.6,0,2,0,0,24.0,0,0,0,0,0.0,4.0,1.0,0,0,0,0,35,75.3,56.0,2,2,2,479,0.0,0.0
2776,Brent Gabriël,BEL,GK,Zulte Waregem,Belgian Pro League,26,14.0,1260,1.88,83.0,0,0,310,12,71.2,3.0,21.4,0,2,0,0,21.0,0,1,0,0,0.0,1.0,1.0,3,0,2,0,20,66.7,39.0,0,1,0,535,0.0,0.0
2777,Andrea Fulignati,ITA,GK,Empoli,Serie B,30,12.0,1080,1.88,87.0,0,0,317,6,64.2,1.0,8.3,0,2,0,0,18.0,0,0,0,0,0.0,3.0,0.0,0,0,0,0,14,73.7,39.0,0,0,0,505,0.0,0.0
2778,Lucas França,BRA,GK,Nacional,Primeira Liga,29,6.0,540,1.94,83.0,0,0,83,9,52.4,1.0,16.7,0,1,0,0,10.0,0,0,0,0,0.0,1.0,0.0,0,0,0,0,6,67.9,18.0,0,0,0,183,0.0,0.0
2779,Bernardo Fontes,BRA,GK,Tondela,Primeira Liga,23,11.0,990,ND,ND,0,0,246,7,72.9,1.0,9.1,0,1,0,0,20.0,0,0,0,0,0.0,3.0,0.0,1,0,0,0,18,73.4,45.0,1,1,1,416,0.0,0.0
2780,Marco Festa,ITA,GK,Mantova,Serie B,33,12.0,1080,1.9,85.0,0,0,264,2,88.1,3.0,25.0,0,0,0,0,18.0,0,0,0,0,0.0,0.0,0.0,0,0,0,0,17,63.3,34.0,0,0,0,443,0.0,0.0
2781,Matthieu Epolo,BEL,GK,Standard Liège,Belgian Pro League,20,14.0,1260,ND,ND,0,0,275,6,66.6,3.0,21.4,0,1,0,0,19.0,0,0,1,0,0.0,0.0,0.0,0,0,0,0,16,70.8,47.0,0,0,0,501,0.4,0.0
2782,Joel Drommel,NED,GK,Sparta R'dam,Eredivisie,28,12.0,1080,1.93,78.0,0,0,389,9,68.9,4.0,33.3,0,2,0,0,24.0,0,0,0,1,0.0,0.0,2.0,0,0,0,0,26,68.0,49.0,0,0,0,599,0.0,0.0
2783,Sebastiano Desplanches,ITA,GK,Pescara,Serie B,22,12.0,1080,1.88,78.0,0,0,288,8,76.5,1.0,8.3,0,2,0,0,25.0,0,0,0,0,0.0,4.0,0.0,0,0,0,0,17,70.4,46.0,0,0,0,449,0.0,0.0
2784,Martin Delavallée,BEL,GK,Charleroi,Belgian Pro League,21,13.0,1170,ND,ND,0,0,272,13,65.2,2.0,15.4,0,3,0,0,20.0,0,0,0,0,0.0,3.0,0.0,0,0,0,0,19,59.5,24.0,0,0,0,456,0.0,0.0
2785,Maxime Delanghe,BEL,GK,Cercle Brugge,Belgian Pro League,24,12.8,1152,1.89,83.0,0,0,208,10,65.3,3.0,23.1,0,1,0,0,19.0,0,0,0,1,0.0,1.0,0.0,0,0,0,0,20,67.9,37.0,0,0,0,372,0.0,0.0
2786,Ortwin De Wolf,BEL,GK,Mechelen,Belgian Pro League,28,5.0,450,1.9,83.0,0,0,130,0,76.8,1.0,20.0,0,1,0,0,6.0,0,0,0,1,0.0,1.0,0.0,0,0,0,0,7,72.2,14.0,0,0,0,188,0.0,0.0
2787,Jari De Busser,BEL,GK,Go Ahead Eag,Eredivisie,25,12.0,1080,ND,ND,0,0,352,11,68.3,3.0,25.0,0,1,0,0,18.0,0,0,1,1,0.0,0.0,0.0,1,0,1,0,35,71.9,47.0,0,0,0,582,0.0,0.0
2788,Jamie Cumming,ENG,GK,Oxford United,Championship,25,15.0,1350,1.86,72.0,0,0,286,10,57.4,2.0,13.3,0,1,0,0,22.0,0,0,0,0,0.0,0.0,0.0,0,0,0,0,21,66.7,45.0,0,0,0,526,0.0,0.0
2789,Max Crocombe,NZL,GK,Millwall,Championship,31,6.0,540,1.94,88.0,0,0,107,4,36.7,2.0,33.3,0,1,0,0,8.0,0,0,0,1,0.0,0.0,0.0,0,0,0,0,7,70.4,19.0,0,0,0,213,0.0,0.0
2790,Gonzalo Crettaz,ARG,GK,NEC Nijmegen,Eredivisie,25,12.0,1080,ND,ND,0,0,461,15,62.1,3.0,25.0,1,2,0,0,20.0,0,0,0,1,0.0,3.0,0.0,1,0,1,0,40,70.2,37.0,4,4,2,693,0.0,0.0
2791,Diogo Costa,POR,GK,Porto,Primeira Liga,25,11.0,990,1.86,84.0,0,0,314,8,79.6,8.0,72.7,0,1,0,0,3.0,0,0,0,1,0.0,0.0,0.0,2,0,0,0,15,82.4,15.0,0,0,0,473,0.0,0.0
2792,Colin Coosemans,BEL,GK,Anderlecht,Belgian Pro League,32,14.0,1260,1.85,80.0,0,0,324,8,71.7,6.0,42.9,0,1,0,0,13.0,0,0,0,0,0.0,1.0,0.0,0,0,2,0,22,72.7,31.0,0,0,0,458,0.0,0.0
2793,Michael Cooper,ENG,GK,Sheffield Utd,Championship,25,14.5,1305,1.86,75.0,0,0,264,9,62.2,3.0,20.0,0,1,0,0,23.0,0,0,0,2,0.0,1.0,0.0,2,0,1,0,24,66.2,43.0,0,0,0,534,0.0,0.0
2794,Alessandro Confente,ITA,GK,Juve Stabia,Serie B,27,11.0,990,1.94,80.0,0,0,318,11,77.3,4.0,36.4,0,2,0,0,13.0,0,0,0,0,0.0,3.0,0.0,0,0,1,0,23,70.6,22.0,0,0,0,457,0.0,0.0
2795,Simone Colombi,ITA,GK,Virtus Entella,Serie B,34,11.0,990,1.88,83.0,0,0,171,12,77.0,3.0,27.3,0,2,0,0,14.0,0,0,1,0,0.0,3.0,0.0,0,0,0,0,22,74.4,29.0,0,0,0,354,0.0,0.0
2796,Leandro Chichizola,ARG,GK,Modena,Serie B,35,12.0,1080,1.85,80.0,0,0,340,1,69.7,5.0,41.7,0,0,0,0,8.0,0,0,0,0,0.0,1.0,0.0,3,0,0,0,24,78.1,24.0,0,0,0,514,0.0,0.0
2797,Michele Cerofolini,ITA,GK,Bari,Serie B,26,11.0,990,1.88,80.0,0,0,221,3,76.0,2.0,18.2,0,0,0,0,16.0,0,0,0,0,0.0,2.0,0.0,0,0,0,0,13,76.7,44.0,0,0,0,401,0.0,0.0
2798,Juan Castillo,COL,GK,Vitória,Primeira Liga,22,7.0,630,ND,ND,0,0,133,1,74.5,2.0,28.6,0,0,0,0,9.0,0,0,0,1,0.0,1.0,0.0,0,0,0,0,9,78.9,29.0,1,1,0,218,0.0,0.0
2799,Lazar Carević,MNE,GK,Famalicão,Primeira Liga,26,11.0,990,1.93,85.0,0,0,243,2,74.9,7.0,63.6,0,1,0,0,5.0,0,0,0,0,0.0,1.0,0.0,0,0,0,0,14,90.2,36.0,0,0,0,403,0.0,0.0
2800,Josef Bursik,ENG,GK,Portsmouth,Championship,25,9.0,810,1.87,70.0,0,0,257,3,56.5,2.0,22.2,0,1,0,0,15.0,0,0,0,1,0.1,0.0,1.0,2,0,0,0,20,61.5,24.0,0,0,0,447,0.0,0.1
2801,Solomon Brynn,ENG,GK,Middlesbrough,Championship,24,15.0,1350,ND,ND,0,0,215,3,63.8,5.0,33.3,0,1,0,0,13.0,0,0,0,0,0.0,1.0,1.0,0,0,0,0,17,67.6,23.0,0,0,0,424,0.0,0.0
2802,Mattijs Branderhorst,NED,GK,Fortuna Sittard,Eredivisie,31,12.0,1080,1.92,88.0,0,0,267,8,48.9,3.0,25.0,0,1,0,0,20.0,0,0,1,0,0.0,1.0,0.0,2,0,0,0,27,72.1,49.0,1,1,1,483,0.0,0.0
2803,Marco Bleve,ITA,GK,Carrarese,Serie B,29,12.0,1080,1.84,84.0,0,0,294,6,77.2,4.0,33.3,0,0,0,0,16.0,0,0,0,0,0.0,2.0,0.0,0,0,1,0,23,63.2,23.0,1,1,1,471,0.0,0.0
2804,Daniel Bielica,POL,GK,NAC Breda,Eredivisie,26,11.0,990,ND,ND,0,0,228,8,65.0,1.0,9.1,0,1,0,0,18.0,0,0,0,0,0.0,2.0,0.0,0,0,1,0,26,73.8,43.0,0,0,0,428,0.0,0.0
2805,Simão Bertelli,BRA,GK,AVS Futebol,Primeira Liga,32,8.0,720,1.87,86.0,0,0,163,3,71.0,0.0,0.0,0,2,0,0,20.0,0,0,1,0,0.0,2.0,0.0,0,0,0,0,22,53.8,19.0,0,0,0,290,0.1,0.0
2806,Steven Benda,GER,GK,Millwall,Championship,26,9.0,810,1.92,80.0,0,0,129,6,56.4,3.0,33.3,0,2,0,0,12.0,0,0,0,0,0.0,0.0,0.0,0,0,0,0,11,57.1,16.0,0,0,0,274,0.0,0.0
2807,James Beadle,ENG,GK,Birmingham City,Championship,21,7.0,630,ND,ND,0,0,214,1,61.4,3.0,42.9,0,1,0,0,7.0,0,0,0,0,0.3,0.0,0.0,0,0,0,0,14,69.6,17.0,0,0,0,339,0.0,0.3
2808,Gavin Bazunu,IRL,GK,Southampton,Championship,23,8.0,720,1.89,80.0,0,0,136,2,73.2,1.0,12.5,0,2,0,0,11.0,0,0,0,0,0.0,1.0,0.0,1,0,0,0,12,58.3,14.0,0,0,0,281,0.0,0.0
2809,Gabriel Batista,BRA,GK,Santa Clara,Primeira Liga,27,11.0,990,1.88,78.0,0,0,186,2,67.0,3.0,27.3,0,0,0,0,13.0,0,0,1,0,0.0,0.0,1.0,0,0,0,0,19,69.0,28.0,0,0,0,367,0.0,0.0
2810,Vasilios Barkas,GRE,GK,Utrecht,Eredivisie,31,10.5,945,1.95,91.0,0,1,248,4,73.6,3.0,27.3,0,0,0,0,13.0,0,0,0,0,0.0,0.0,1.0,0,0,0,0,25,72.3,33.0,1,1,1,422,0.0,0.0
2811,José Antonio Rodríguez,MEX,GK,Tijuana,Liga MX,33,16.9,1519,1.8,83.0,0,0,418,5,81.4,7.0,43.8,0,3,0,0,23.0,0,0,0,0,0.0,2.0,1.0,0,0,0,0,33,72.0,51.0,1,1,0,777,0.0,0.0
2812,Luis Ángel Malagón,MEX,GK,América,Liga MX,28,15.0,1350,1.82,73.0,0,0,265,7,76.4,5.0,33.3,0,0,0,0,16.0,0,0,0,0,0.0,1.0,0.0,0,0,0,0,48,65.1,27.0,0,0,0,457,0.0,0.0
2813,Andrew,BRA,GK,Gil Vicente FC,Primeira Liga,24,10.6,955,ND,ND,0,0,251,5,70.2,7.0,63.6,0,2,0,0,5.0,0,0,0,0,0.0,1.0,2.0,0,0,0,0,9,89.2,30.0,1,1,1,423,0.0,0.0
2814,Ryan Allsop,ENG,GK,Birmingham City,Championship,33,8.0,720,1.89,79.0,0,0,207,5,71.0,2.0,25.0,0,2,0,0,10.0,0,0,0,0,0.0,1.0,0.0,0,0,0,0,13,52.6,10.0,1,1,1,364,0.0,0.0
2815,Guillermo Allison,MEX,GK,Querétaro,Liga MX,34,12.0,1080,1.91,90.0,0,0,144,9,61.6,3.0,25.0,0,0,0,0,19.0,0,0,0,0,0.0,3.0,1.0,1,0,0,0,11,76.1,47.0,1,1,1,388,0.0,0.0
2816,Marius Adamonis,LTU,GK,Südtirol,Serie B,28,9.0,810,1.87,75.0,0,0,79,3,46.5,0.0,0.0,0,0,0,0,12.0,0,0,0,0,0.0,3.0,0.0,0,0,0,0,9,72.7,21.0,0,0,0,231,0.0,0.0
2817,Carlos Acevedo,MEX,GK,Santos,Liga MX,29,17.0,1530,1.82,68.0,0,0,290,17,69.4,5.0,29.4,0,0,0,0,28.0,0,0,0,1,0.0,0.0,2.0,0,0,0,0,19,72.5,73.0,1,1,0,687,0.0,0.0
2818,Federico Zaracho,ARG,MF,Atlético Mineiro,Série A,25,9.7,874,ND,ND,0,11,252,5,85.9,,,7,0,2,2,,2,13,9,26,0.9,,,2,6,28,34,44,,,22,35,13,495,0.6,0.9
2819,Bruno Zapelli,ARG,MFFW,Ath Paranaense,Série A,21,15.7,1412,ND,ND,5,16,539,12,72.6,,,36,0,5,0,,0,8,47,33,3.7,,,30,37,82,116,70,,,30,38,19,926,4.7,3.7
2820,Samuel Xavier,BRA,DF,Fluminense,Série A,33,30.6,2750,ND,ND,2,20,1140,68,84.3,,,20,0,2,0,,0,28,19,17,0.7,,,24,66,142,101,114,,,52,80,31,2093,2.0,0.7
2821,Estêvão Willian,BRA,FW,Palmeiras,Série A,16,23.3,2097,ND,ND,9,16,762,8,77.2,,,54,0,22,10,,13,6,49,64,8.2,,,36,145,92,291,114,,,30,36,23,1122,7.1,10.5
2822,Willian,BRA,MF,Vitória,Série A,30,29.4,2649,ND,ND,1,35,697,48,83.8,,,21,1,6,5,,5,31,31,45,4.1,,,13,11,102,46,123,,,50,81,32,1269,1.2,4.1
2823,William,BRA,DF,Cruzeiro,Série A,28,32.9,2963,ND,ND,5,51,1205,80,75.2,,,23,1,10,2,,5,48,40,37,2.3,,,46,84,139,214,176,,,97,145,62,2336,4.5,4.6
2824,Wesley,BRA,FWMF,Internacional,Série A,24,27.9,2515,ND,ND,1,28,863,15,73.0,,,40,0,12,11,,11,14,35,84,6.5,,,45,101,108,254,140,,,42,56,30,1314,3.5,6.5
2825,Wesley,BRA,FW,Corinthians,Série A,18,16.0,1438,ND,ND,1,23,443,0,74.3,,,36,0,3,2,,2,8,29,33,1.8,,,24,79,45,124,72,,,14,22,11,634,2.4,1.8
2826,Wesley,BRA,DF,Flamengo,Série A,20,26.0,2344,ND,ND,2,36,997,66,85.0,,,29,1,2,0,,0,38,28,52,1.3,,,29,68,96,233,131,,,70,108,55,1748,2.4,1.3
2827,José Welison,BRA,MF,Fortaleza,Série A,28,9.8,883,ND,ND,1,19,246,18,83.2,,,12,1,1,0,,0,12,7,14,0.1,,,3,7,42,8,53,,,31,43,22,508,0.7,0.1
2828,Welington,BRA,DF,São Paulo,Série A,22,18.9,1697,ND,ND,1,10,583,32,82.0,,,17,0,1,0,,0,23,15,32,0.4,,,21,40,79,105,61,,,39,62,23,1139,0.8,0.4
2829,Wanderson,BRA,FWMF,Internacional,Série A,29,11.3,1015,ND,ND,2,9,288,7,77.7,,,17,0,4,2,,2,7,19,25,2.4,,,13,29,33,73,44,,,10,17,5,468,2.5,2.4
2830,Walace,BRA,MF,Cruzeiro,Série A,28,5.1,462,ND,ND,0,0,218,4,90.0,,,2,1,0,0,,0,7,1,6,0.1,,,1,11,25,7,29,,,10,17,8,327,0.0,0.1
2831,Wagner,BRA,DF,Vitória,Série A,24,35.1,3156,ND,ND,0,49,1178,189,85.8,,,11,1,5,4,,5,50,6,11,3.9,,,3,23,103,4,132,,,36,86,20,2030,0.4,4.7
2832,Felipe Vizeu,BRA,FW,Criciúma,Série A,26,4.9,445,ND,ND,0,1,89,3,80.2,,,6,1,2,2,,2,2,2,17,1.0,,,3,6,9,19,17,,,7,9,4,164,0.2,1.0
2833,Rayan Vitor,BRA,FWMF,Vasco da Gama,Série A,17,9.5,855,ND,ND,0,10,159,15,72.4,,,7,1,1,1,,1,5,11,16,1.8,,,8,16,15,51,33,,,11,16,9,305,1.4,1.9
2834,Paulo Vitor,BRA,MF,Atlético Mineiro,Série A,19,5.9,529,ND,ND,0,10,151,14,78.7,,,5,0,0,0,,0,2,3,12,0.0,,,2,7,20,6,29,,,22,24,9,325,0.2,0.0
2835,Vitinho,BRA,FWMF,RB Bragantino,Série A,24,21.3,1915,1.7,63.0,3,25,546,30,66.7,,,17,0,6,3,,3,11,30,36,3.8,,,17,72,51,168,76,,,26,37,15,991,2.7,3.8
2836,Vitinho,BRA,MFFW,Cruzeiro,Série A,19,5.4,484,ND,ND,1,5,154,5,81.7,,,3,0,2,1,,1,3,4,15,1.9,,,3,7,14,25,20,,,8,11,3,249,0.4,1.9
2837,Vitão,BRA,DF,Internacional,Série A,23,27.8,2502,ND,ND,0,23,1003,124,87.5,,,2,0,0,0,,0,23,3,8,1.4,,,5,29,89,4,76,,,31,54,23,1708,0.1,1.4
2838,Mateus Vital,BRA,MFFW,Cruzeiro,Série A,25,5.9,533,ND,ND,1,4,201,2,85.9,,,8,0,2,1,,1,1,6,5,1.0,,,5,12,25,27,33,,,9,10,7,310,0.4,1.0
2839,Caio Vinícius,BRA,DFMF,Vitória,Série A,25,6.7,601,ND,ND,0,7,253,26,88.4,,,2,0,0,0,,0,6,0,6,0.5,,,1,5,28,6,27,,,14,20,7,406,0.0,0.5
2840,Alix Vinicius,BRA,DF,Atl Goianiense,Série A,24,22.7,2042,ND,ND,0,43,545,131,84.5,,,4,2,0,0,,0,33,9,5,1.3,,,5,11,69,10,116,,,28,61,23,1161,0.7,1.3
2841,Matías Viña,URU,DF,Flamengo,Série A,26,4.7,422,ND,ND,0,5,136,14,78.8,,,6,0,0,0,,0,5,3,12,0.3,,,4,7,15,37,13,,,8,13,5,294,0.6,0.3
2842,Mathías Villasanti,PAR,MF,Grêmio,Série A,27,26.0,2339,ND,ND,1,43,839,39,86.8,,,29,1,4,3,,3,45,17,43,2.1,,,22,17,120,51,160,,,79,124,47,1619,1.6,2.1
2843,Lucas Villalba,ARG,DF,Cruzeiro,Série A,29,14.7,1326,ND,ND,0,16,609,60,86.9,,,2,2,0,0,,0,18,4,4,0.2,,,1,16,58,10,69,,,16,34,9,1024,0.3,0.2
2844,João Victor,BRA,DF,Vasco da Gama,Série A,25,19.7,1776,ND,ND,1,23,710,94,85.8,,,5,0,2,1,,1,21,8,12,0.2,,,4,41,78,14,72,,,33,54,26,1247,0.8,0.2
2845,Gabriel Veron,BRA,FWMF,Cruzeiro,Série A,21,17.9,1611,ND,ND,2,15,321,19,75.0,,,18,0,8,6,,6,8,21,25,4.1,,,15,24,34,100,47,,,25,33,21,538,1.5,4.1
2846,Fausto Vera,ARG,MF,2 Teams,Série A,23,20.7,1866,ND,ND,0,21,649,28,86.2,,,18,0,2,2,,2,18,11,29,2.1,,,9,25,98,32,81,,,36,54,17,1246,0.4,2.1
2847,Raphael Veiga,BRA,MF,Palmeiras,Série A,28,27.5,2478,ND,ND,3,17,783,13,75.0,,,24,0,14,8,,11,10,85,44,7.6,,,34,57,168,124,76,,,18,28,12,1468,7.1,10.8
2848,Pablo Vegetti,ARG,FW,Vasco da Gama,Série A,35,33.2,2986,ND,ND,2,21,396,45,62.4,,,35,0,14,12,,12,1,19,75,10.9,,,6,10,37,131,48,,,16,17,12,903,2.8,12.4
2849,Eduardo Vargas,CHI,MFFW,Atlético Mineiro,Série A,34,9.5,851,ND,ND,2,10,234,5,83.3,,,20,0,10,6,,8,3,15,33,3.8,,,10,13,40,67,41,,,10,13,8,360,1.2,5.4
2850,Guillermo Varela,URU,DF,Flamengo,Série A,30,11.5,1038,ND,ND,0,12,341,24,82.9,,,4,0,1,1,,1,13,9,9,0.2,,,5,14,24,50,46,,,18,31,13,694,1.0,0.2
2851,Vanderlan,BRA,DF,Palmeiras,Série A,21,11.7,1051,ND,ND,3,10,281,25,77.6,,,8,0,3,0,,0,13,11,13,0.4,,,15,19,32,73,40,,,26,39,19,590,2.6,0.4
2852,Enner Valencia,ECU,FW,Internacional,Série A,34,10.7,961,ND,ND,1,7,182,5,74.0,,,18,0,4,3,,3,1,8,27,3.8,,,5,26,11,70,23,,,8,9,6,300,0.5,4.6
2853,Bruno Uvini,BRA,DF,Vitória,Série A,32,4.8,428,ND,ND,0,6,128,15,85.4,,,0,0,0,0,,0,6,0,0,0.1,,,0,1,12,0,5,,,1,7,1,229,0.0,0.1
2854,Bruno Tubarão,BRA,DF,Atl Goianiense,Série A,28,17.6,1586,ND,ND,0,15,603,32,77.5,,,15,0,0,0,,0,16,19,22,0.4,,,23,49,107,64,76,,,35,51,21,1106,1.2,0.4
2855,Miguel Trauco,PER,DF,Criciúma,Série A,31,16.1,1446,ND,ND,0,14,413,49,70.7,,,1,0,2,2,,2,9,10,9,0.3,,,16,3,81,15,60,,,34,43,25,951,0.5,0.3
2856,Félix Torres Caicedo,ECU,DF,Corinthians,Série A,27,19.0,1710,ND,ND,0,12,566,80,85.1,,,3,1,0,0,,0,27,5,8,0.8,,,2,5,60,2,93,,,23,50,11,1096,0.8,0.8
2857,Titi,BRA,DF,Fortaleza,Série A,35,22.4,2020,ND,ND,0,30,557,71,82.7,,,6,3,1,1,,1,29,4,16,0.2,,,1,8,44,1,67,,,31,60,18,1015,0.6,0.2
2858,Guilherme Tinga,BRA,DF,Fortaleza,Série A,30,23.9,2152,ND,ND,1,24,701,108,69.0,,,13,1,3,2,,2,33,28,17,1.9,,,24,32,105,73,111,,,33,66,22,1526,1.9,1.9
2859,Thaciano,BRA,FWMF,Bahia,Série A,28,26.0,2343,ND,ND,2,17,430,33,83.0,,,12,0,9,7,,7,18,24,29,5.7,,,10,20,50,124,81,,,19,37,13,777,2.6,5.7
2860,Alex Telles,BRA,DFMF,Botafogo (RJ),Série A,31,7.2,650,ND,ND,1,9,192,5,75.8,,,6,0,1,0,,0,12,13,7,1.0,,,13,18,31,43,35,,,10,22,7,390,1.1,1.0
2861,Tchê Tchê,BRA,MFFW,Botafogo (RJ),Série A,31,17.4,1570,ND,ND,0,10,584,10,87.3,,,19,1,0,0,,0,6,19,24,0.7,,,7,30,94,44,75,,,16,22,9,918,2.8,0.7
2862,Gabriel Taliari,BRA,FW,Juventude,Série A,26,10.2,914,ND,ND,2,5,166,5,68.8,,,13,0,4,2,,2,1,11,28,2.5,,,3,9,12,48,25,,,11,12,9,271,1.6,3.3
2863,Bruno Tabata,BRA,FWMF,Internacional,Série A,26,11.9,1071,ND,ND,3,16,422,9,72.0,,,28,0,5,2,,2,7,18,25,1.4,,,24,40,62,85,60,,,13,20,6,671,2.6,2.3
2864,Damián Suárez,URU,DF,Botafogo (RJ),Série A,35,13.8,1244,ND,ND,1,12,364,25,74.6,,,4,0,1,0,,0,9,18,12,0.1,,,15,22,37,55,44,,,32,41,23,765,1.6,0.1
2865,Everaldo Stum,BRA,FW,Bahia,Série A,32,22.8,2056,ND,ND,3,11,425,20,69.0,,,31,0,11,7,,8,4,20,43,6.4,,,14,40,37,166,55,,,19,23,15,683,1.9,7.2
2866,Igor Vinícius de Souza,BRA,DF,São Paulo,Série A,26,27.4,2463,ND,ND,2,25,1188,41,85.3,,,21,1,2,0,,0,18,33,42,0.9,,,19,66,137,150,130,,,66,84,36,2065,2.5,0.9
2867,Yeferson Soteldo,VEN,FWMF,Grêmio,Série A,26,18.6,1673,ND,ND,2,12,624,5,76.2,,,53,1,7,5,,5,7,49,49,2.9,,,37,120,79,138,70,,,15,22,8,854,4.6,2.9
2868,Fernando Sobral,BRA,MF,Cuiabá,Série A,29,22.2,2001,ND,ND,2,33,667,37,75.5,,,20,0,3,0,,1,20,26,41,0.6,,,28,28,115,61,112,,,75,95,45,1287,2.5,1.3
2869,Tiquinho Soares,BRA,FW,Botafogo (RJ),Série A,33,15.0,1349,ND,ND,3,10,263,10,69.8,,,32,0,8,3,,5,3,23,42,5.2,,,11,7,27,69,37,,,13,16,8,453,2.1,6.7
2870,Everton Soares,BRA,FW,Flamengo,Série A,27,6.0,537,ND,ND,2,10,151,5,73.1,,,14,0,3,1,,1,2,4,7,0.9,,,5,23,15,54,20,,,9,11,6,224,1.2,0.9
2871,Thiago Silva,BRA,DF,Fluminense,Série A,39,15.0,1350,ND,ND,0,10,595,82,91.8,,,2,1,0,0,,0,15,6,3,0.4,,,3,3,37,0,49,,,15,30,9,1037,0.7,0.5
2872,Rafael Silva,BRA,FW,Cruzeiro,Série A,31,5.9,527,ND,ND,0,3,88,4,84.7,,,12,0,3,3,,3,1,4,11,1.7,,,1,6,10,27,6,,,4,5,3,146,0.1,1.7
2873,Lucas Silva,BRA,MF,Cruzeiro,Série A,30,22.1,1991,ND,ND,1,28,733,25,87.0,,,17,1,2,1,,1,5,26,25,0.9,,,11,29,103,49,121,,,17,22,7,1269,1.5,0.9
2874,Luan Silva,BRA,MF,Vitória,Série A,24,17.6,1585,ND,ND,0,14,434,30,87.1,,,8,0,0,0,,0,27,6,22,0.4,,,4,6,41,3,73,,,20,47,12,823,0.2,0.4
2875,André Silva,BRA,FW,São Paulo,Série A,26,17.1,1535,ND,ND,2,18,325,12,70.0,,,32,0,9,7,,7,5,15,51,3.9,,,12,20,32,107,38,,,3,8,1,543,0.8,3.9
2876,Shaylon,BRA,FWMF,Atl Goianiense,Série A,26,24.1,2167,ND,ND,2,17,747,17,75.2,,,21,0,4,1,,2,16,67,32,2.6,,,29,36,129,95,113,,,16,32,8,1325,5.7,4.1
2877,Juan Sforza,ARG,MF,Vasco da Gama,Série A,21,13.9,1250,ND,ND,0,19,530,23,86.6,,,8,0,1,1,,1,17,2,11,0.7,,,2,7,66,10,56,,,24,41,16,962,0.1,0.7
2878,Kevin Serna,COL,FW,Fluminense,Série A,26,9.7,872,ND,ND,2,6,258,5,63.7,,,17,0,5,3,,3,6,12,27,2.6,,,6,40,12,90,42,,,26,32,20,416,1.2,2.6
2879,Gustavo Scarpa,BRA,DFMF,Atlético Mineiro,Série A,30,24.9,2245,ND,ND,4,12,1088,37,75.6,,,28,1,8,2,,4,14,49,38,2.5,,,47,90,140,229,111,,,40,54,26,1752,4.0,4.1
2880,Jefferson Savarino,VEN,MFFW,Botafogo (RJ),Série A,27,22.3,2009,ND,ND,7,9,635,9,75.4,,,40,0,15,8,,8,2,75,35,4.9,,,42,46,124,175,79,,,8,10,2,1026,6.5,5.2
2881,Gustavo Sauer,BRA,FWMF,Cuiabá,Série A,30,5.6,503,ND,ND,0,6,116,2,73.0,,,4,1,0,0,,0,0,5,13,0.5,,,5,8,12,26,24,,,15,15,11,206,0.2,0.5
2882,Lucas Sasha,BRA,MF,Fortaleza,Série A,33,13.6,1220,ND,ND,0,35,254,28,83.6,,,4,0,0,0,,0,26,13,15,0.6,,,0,7,40,24,72,,,61,87,41,603,1.6,0.6
2883,Eduardo Sasha,BRA,FW,RB Bragantino,Série A,31,23.1,2079,ND,ND,4,14,405,20,68.4,,,16,0,12,7,,8,4,29,48,4.6,,,13,25,58,111,46,,,9,13,4,726,2.6,5.4
2884,Renzo Saravia,ARG,DF,Atlético Mineiro,Série A,30,25.5,2291,ND,ND,0,34,1106,53,83.6,,,19,0,0,0,,0,25,24,36,0.4,,,19,47,157,74,157,,,83,108,49,1940,1.1,0.4
2885,Luis Eduardo Marques dos Santos,BRA,DF,2 Teams,Série A,26,8.5,767,ND,ND,1,11,323,23,78.5,,,6,1,1,0,,0,8,21,9,0.2,,,17,22,59,56,40,,,23,31,15,634,1.5,0.2
2886,Júnior Santos,BRA,FW,Botafogo (RJ),Série A,29,16.5,1481,ND,ND,1,11,328,7,72.2,,,27,0,5,4,,4,2,19,52,6.3,,,13,44,30,127,52,,,12,14,8,522,1.5,6.3
2887,Eduardo Santos,BRA,DF,RB Bragantino,Série A,26,19.1,1716,ND,ND,0,25,566,105,82.8,,,9,1,1,1,,1,19,3,14,0.6,,,0,12,62,8,74,,,35,54,27,1080,0.2,0.6
2888,Ademir Santos,BRA,FWMF,Bahia,Série A,28,12.6,1131,ND,ND,4,10,415,5,75.3,,,13,0,7,3,,3,8,20,32,3.6,,,15,66,29,147,58,,,30,38,21,606,2.8,3.6
2889,Alex Santana,BRA,MFFW,2 Teams,Série A,28,7.4,670,ND,ND,0,7,204,12,85.9,,,3,1,0,0,,0,6,4,11,0.9,,,4,10,24,7,35,,,20,26,7,362,0.2,0.9
2890,Alex Sandro,BRA,DF,Flamengo,Série A,33,5.7,512,ND,ND,1,2,229,12,86.4,,,3,0,1,0,,0,8,11,3,0.4,,,12,18,37,44,25,,,13,21,8,436,1.7,0.4
2891,Rodrigo Sam,BRA,DF,Juventude,Série A,28,8.9,803,ND,ND,0,13,264,37,87.1,,,2,0,1,1,,1,20,2,5,0.4,,,2,2,22,1,25,,,14,34,10,520,0.1,0.4
2892,José Sabino,BRA,DF,São Paulo,Série A,27,10.8,972,ND,ND,0,11,499,62,84.7,,,1,1,0,0,,0,13,4,5,0.4,,,4,5,43,4,41,,,19,32,15,839,0.1,0.4
2893,Alan Ruschel,BRA,DF,Juventude,Série A,34,24.9,2243,ND,ND,1,30,744,44,77.9,,,19,0,2,1,,1,35,26,24,0.7,,,18,44,119,86,98,,,69,104,36,1529,1.7,0.7
2894,Rubens,BRA,DFFW,Atlético Mineiro,Série A,22,13.3,1194,ND,ND,1,15,350,54,73.4,,,6,0,2,1,,1,22,17,20,1.0,,,16,17,28,66,45,,,60,82,42,797,1.4,1.1
2895,Ruan,BRA,DF,São Paulo,Série A,24,8.0,719,ND,ND,0,7,297,32,91.1,,,0,0,0,0,,0,6,1,3,0.1,,,0,0,19,4,25,,,13,19,11,495,0.0,0.1
2896,Rossi,BRA,FWMF,Vasco da Gama,Série A,30,5.6,507,ND,ND,1,10,104,7,56.4,,,6,0,1,0,,0,5,15,9,0.0,,,10,7,11,45,20,,,8,13,8,213,0.8,0.0
2897,Matheus Rossetto,BRA,MF,Fortaleza,Série A,27,17.2,1548,ND,ND,0,11,729,17,93.0,,,11,0,0,0,,0,18,5,17,0.1,,,4,26,94,15,119,,,22,40,17,1188,0.2,0.1
2898,Rony,BRA,FW,Palmeiras,Série A,28,19.1,1721,ND,ND,2,11,262,14,70.1,,,19,0,6,4,,4,4,23,31,8.3,,,13,22,20,125,44,,,21,25,13,484,2.7,8.3
2899,Budiga Roni,BRA,MFDF,Atl Goianiense,Série A,24,16.1,1446,ND,ND,0,20,412,32,84.0,,,12,1,1,1,,1,14,8,12,0.7,,,9,5,59,23,80,,,34,48,28,868,0.3,0.7
2900,Ronaldo,BRA,MF,Juventude,Série A,27,12.6,1135,ND,ND,2,11,336,28,86.3,,,8,0,4,2,,2,13,7,9,1.0,,,6,11,47,7,57,,,36,49,23,688,1.2,1.0
2901,Ronald,BRA,MF,Criciúma,Série A,26,16.8,1510,ND,ND,2,25,505,12,83.8,,,36,1,3,1,,1,17,22,39,0.8,,,10,34,64,58,124,,,57,74,30,860,1.5,0.8
2902,Romulo,BRA,MF,Internacional,Série A,23,19.9,1794,ND,ND,0,25,583,45,84.1,,,6,1,0,0,,0,39,5,16,0.4,,,2,13,73,14,95,,,54,93,31,1140,0.1,0.4
2903,Rômulo,BRA,DF,Atlético Mineiro,Série A,20,5.5,495,ND,ND,0,8,214,24,80.4,,,0,0,1,1,,1,9,4,7,0.5,,,6,8,34,4,24,,,14,23,9,397,0.6,0.5
2904,Óscar Romero,PAR,MFFW,Botafogo (RJ),Série A,31,7.5,678,ND,ND,4,7,287,10,71.2,,,13,0,5,0,,1,6,15,14,0.6,,,15,12,52,54,41,,,19,25,12,477,1.5,1.4
2905,Lucas Romero,ARG,MF,Cruzeiro,Série A,29,28.1,2531,ND,ND,2,28,1167,24,87.9,,,20,0,2,0,,0,18,26,24,0.7,,,15,22,159,26,135,,,75,93,48,1982,0.8,0.7
2906,Ángel Romero,PAR,FW,Corinthians,Série A,31,16.1,1449,ND,ND,4,15,486,13,74.4,,,22,0,9,5,,5,6,22,37,4.4,,,18,33,53,141,56,,,13,19,7,729,2.8,5.2
2907,Guilherme Romão,BRA,DF,Atl Goianiense,Série A,26,30.7,2766,ND,ND,3,26,866,77,71.6,,,21,0,4,1,,1,30,28,35,1.9,,,18,68,127,127,126,,,32,62,17,1717,2.8,1.9
2908,Agustín Rogel,URU,DF,Internacional,Série A,26,11.7,1055,ND,ND,1,7,380,55,87.0,,,0,1,1,0,,0,11,2,2,1.1,,,2,1,24,0,28,,,12,23,7,631,0.1,1.1
2909,Luciano Rodríguez,URU,FWMF,Bahia,Série A,20,10.0,900,ND,ND,1,7,226,3,66.7,,,17,0,7,5,,6,3,10,31,5.0,,,10,23,28,70,28,,,9,12,6,333,1.1,5.8
2910,Emiliano Rodríguez,URU,FW,Atl Goianiense,Série A,20,12.2,1096,ND,ND,0,8,195,9,62.9,,,15,0,0,0,,0,1,11,43,2.8,,,5,10,13,64,40,,,7,8,4,378,0.5,2.8
2911,Emerson Rodríguez,COL,FW,Vasco da Gama,Série A,23,8.8,795,ND,ND,0,12,214,5,67.6,,,25,0,2,2,,2,4,13,29,1.4,,,5,30,12,90,24,,,10,14,6,328,0.5,1.4
2912,Marcos Rocha,BRA,DF,Palmeiras,Série A,35,21.5,1936,ND,ND,2,22,758,55,75.9,,,8,2,2,0,,0,33,35,12,0.3,,,31,35,150,74,99,,,55,88,30,1668,3.7,0.3
2913,Kaique Rocha,BRA,DF,Ath Paranaense,Série A,22,27.6,2486,ND,ND,1,33,851,139,87.3,,,4,2,1,0,,0,37,17,12,1.4,,,10,11,84,5,115,,,37,74,26,1553,1.3,1.4
2914,Richard Ríos,COL,MF,Palmeiras,Série A,23,19.4,1742,ND,ND,4,27,624,15,81.8,,,22,0,7,3,,3,23,17,53,1.2,,,19,27,103,51,127,,,65,88,36,1143,1.4,1.2
2915,Rikelme,BRA,DF,Cuiabá,Série A,20,5.5,497,ND,ND,0,6,96,16,69.8,,,2,0,0,0,,0,11,3,4,0.1,,,2,4,10,14,19,,,12,23,8,266,0.1,0.1
2916,Charles Rigon Matos,BRA,MF,Corinthians,Série A,27,6.2,554,ND,ND,0,12,149,12,78.9,,,2,0,1,1,,1,9,2,8,0.3,,,1,6,30,19,19,,,30,39,25,321,0.2,0.3
2917,Ricardo,BRA,MF,Vitória,Série A,29,11.6,1043,ND,ND,1,21,334,24,79.5,,,12,0,1,0,,0,12,10,14,0.2,,,4,5,54,12,55,,,40,52,23,622,0.5,0.2
2918,Everton Ribeiro,BRA,MF,Bahia,Série A,34,29.8,2681,ND,ND,5,22,1409,9,83.6,,,44,0,7,2,,2,38,53,57,1.5,,,64,85,325,162,132,,,53,91,33,2144,4.6,1.5
2919,Rhaldney,BRA,MF,Atl Goianiense,Série A,25,24.0,2157,ND,ND,1,29,832,21,89.0,,,24,0,1,0,,0,12,27,45,1.1,,,8,40,132,74,153,,,67,79,46,1366,1.0,1.1
2920,Rezende,BRA,MFDF,Bahia,Série A,29,6.4,574,ND,ND,0,8,210,24,94.5,,,6,0,0,0,,0,8,1,7,0.4,,,0,2,22,1,27,,,24,32,16,416,0.0,0.4
2921,Renê,BRA,DF,Internacional,Série A,31,11.6,1043,ND,ND,0,9,492,32,76.0,,,8,0,0,0,,0,21,8,8,0.9,,,21,33,93,27,67,,,34,55,21,930,0.6,0.9
2922,Robert Renan,BRA,DF,Internacional,Série A,20,10.7,959,ND,ND,1,10,464,36,86.3,,,7,1,1,0,,0,20,5,7,0.6,,,5,16,45,15,50,,,24,44,21,724,0.3,0.6
2923,Vitor Reis,BRA,DF,Palmeiras,Série A,18,16.2,1458,ND,ND,0,13,525,78,89.2,,,0,0,1,1,,1,13,4,3,0.5,,,0,3,46,1,63,,,28,41,13,952,0.1,0.5
2924,Reinaldo,BRA,DF,Grêmio,Série A,34,28.1,2526,ND,ND,2,21,840,80,75.3,,,20,2,5,1,,3,22,35,38,1.0,,,21,34,128,102,128,,,54,76,33,1755,2.7,2.6
2925,Pedro Raul,BRA,FW,Corinthians,Série A,27,6.0,539,ND,ND,0,4,85,6,63.2,,,7,0,0,0,,0,0,6,21,1.4,,,5,6,10,42,20,,,11,11,9,188,0.4,1.4
2926,Raul,BRA,MF,RB Bragantino,Série A,27,14.5,1305,ND,ND,1,14,441,28,83.2,,,8,1,2,1,,1,23,11,10,0.3,,,8,9,68,10,88,,,25,48,19,820,1.1,0.3
2927,Wellington Rato,BRA,FWMF,São Paulo,Série A,31,11.7,1052,ND,ND,5,7,383,9,74.9,,,14,0,6,1,,1,2,30,16,2.2,,,20,24,47,90,38,,,11,13,3,637,3.5,2.2
2928,Rafael Ratão,BRA,FWMF,Bahia,Série A,28,4.9,438,ND,ND,2,5,160,2,78.1,,,8,0,3,1,,1,1,5,15,2.9,,,8,15,25,66,15,,,13,14,9,258,0.7,2.9
2929,Raniele,BRA,MFDF,Corinthians,Série A,27,25.4,2290,ND,ND,0,40,559,71,77.8,,,8,0,0,0,,0,47,20,26,1.4,,,3,20,72,26,86,,,63,110,32,1161,0.9,1.4
2930,Ramon,BRA,DF,Cuiabá,Série A,22,29.3,2636,ND,ND,1,28,723,81,75.2,,,20,1,3,2,,2,28,29,21,1.0,,,19,48,88,95,118,,,62,90,39,1555,1.5,1.0
2931,Eric Ramires,BRA,MF,RB Bragantino,Série A,23,12.3,1106,ND,ND,2,10,328,8,84.3,,,24,0,4,2,,2,8,8,17,2.0,,,3,9,38,33,74,,,24,32,17,591,0.3,2.0
2932,André Ramalho,BRA,DF,Corinthians,Série A,31,16.5,1482,ND,ND,1,20,585,71,88.6,,,1,0,1,0,,0,25,3,5,0.3,,,2,10,53,3,65,,,24,49,15,1022,0.3,0.3
2933,Railan,BRA,DFMF,Cuiabá,Série A,23,13.3,1201,ND,ND,3,11,390,35,73.6,,,15,0,3,0,,0,24,8,24,0.3,,,9,38,49,69,67,,,22,46,13,778,0.6,0.3
2934,Rafinha,BRA,DF,São Paulo,Série A,38,5.8,518,ND,ND,0,7,256,15,87.1,,,1,1,0,0,,0,5,4,5,0.0,,,6,10,29,18,29,,,9,14,2,466,0.2,0.0
2935,Zé Rafael,BRA,MF,Palmeiras,Série A,30,10.6,951,ND,ND,2,10,321,7,87.8,,,20,0,2,0,,0,12,13,16,0.6,,,5,10,49,20,69,,,25,37,15,539,1.8,0.6
2936,Igor Rabello,BRA,DF,Atlético Mineiro,Série A,28,10.7,966,ND,ND,1,14,365,63,86.0,,,1,0,1,0,,0,15,4,5,0.3,,,1,2,21,3,35,,,20,35,11,760,0.2,0.3
2937,Du Queiroz,BRA,MF,Grêmio,Série A,24,6.5,586,ND,ND,0,9,278,8,86.9,,,4,0,0,0,,0,9,5,10,1.1,,,5,13,48,19,39,,,19,28,13,478,0.4,1.1
2938,Erick Pulgar,CHI,MF,Flamengo,Série A,30,19.4,1750,ND,ND,3,20,759,27,88.6,,,15,1,3,0,,0,29,20,25,0.9,,,13,12,110,20,94,,,51,80,28,1435,1.8,1.0
2939,Bruno Praxedes,BRA,MFFW,2 Teams,Série A,21,5.5,499,ND,ND,0,7,137,7,74.0,,,7,1,0,0,,0,4,10,3,0.3,,,5,11,22,35,29,,,12,16,8,262,0.8,0.3
2940,Gustavo Prado,BRA,FWMF,Internacional,Série A,18,7.4,664,ND,ND,0,14,250,4,76.5,,,18,0,1,1,,1,2,13,25,1.3,,,14,21,29,66,35,,,32,34,18,389,1.6,1.3
2941,Mateo Ponte,URU,DF,Botafogo (RJ),Série A,20,12.6,1132,ND,ND,0,8,340,27,79.5,,,13,0,3,3,,3,21,16,14,1.5,,,21,22,45,97,52,,,37,58,25,701,1.0,1.5
2942,Tomas Pochettino,ARG,MFFW,Fortaleza,Série A,27,18.3,1648,ND,ND,6,27,534,16,68.1,,,17,0,11,5,,5,5,51,44,2.2,,,32,57,89,117,74,,,27,32,10,960,4.7,3.2
2943,Gonzalo Plata,ECU,FWMF,Flamengo,Série A,23,7.6,684,ND,ND,0,11,230,3,81.4,,,9,0,1,1,,1,4,20,15,1.6,,,14,25,27,68,26,,,14,18,12,391,1.9,1.6
2944,Isidro Pitta,PAR,FW,Cuiabá,Série A,24,31.5,2831,ND,ND,2,8,498,21,70.0,,,42,0,9,4,,7,2,37,61,6.6,,,13,50,52,168,54,,,6,8,4,842,3.9,9.7
2945,Lucas Piton,BRA,DF,Vasco da Gama,Série A,23,30.0,2703,ND,ND,5,25,947,74,77.1,,,17,0,6,1,,1,38,46,36,0.6,,,45,63,104,143,120,,,65,103,42,1874,3.6,0.6
2946,Joaquín Piquerez,URU,DF,Palmeiras,Série A,25,14.6,1314,ND,ND,0,20,487,28,78.8,,,5,0,2,1,,2,13,19,16,1.2,,,25,29,87,73,71,,,27,40,14,935,2.0,2.0
2947,Yago Pikachu,BRA,FWMF,Fortaleza,Série A,31,18.1,1633,ND,ND,4,18,405,10,76.6,,,19,0,6,2,,2,14,19,24,3.6,,,12,25,60,117,74,,,19,33,14,687,1.9,3.6
2948,Matheus Pereira,BRA,FWMF,Cruzeiro,Série A,27,31.4,2823,ND,ND,7,19,1237,5,76.6,,,31,0,15,8,,8,8,77,73,5.2,,,77,89,224,175,114,,,21,29,15,1938,5.7,5.3
2949,Léo Pereira,BRA,DF,Flamengo,Série A,28,22.5,2023,ND,ND,0,22,956,80,83.2,,,3,0,0,0,,0,14,9,7,0.7,,,11,20,142,27,77,,,31,45,22,1583,1.0,0.7
2950,Carlos de Pena,URU,MF,Bahia,Série A,31,7.6,683,ND,ND,3,9,352,16,73.9,,,5,1,3,0,,0,15,20,6,1.0,,,9,14,68,28,48,,,13,28,9,676,2.3,1.0
2951,Léo Pelé,BRA,DF,Vasco da Gama,Série A,27,30.0,2700,ND,ND,1,30,884,139,86.8,,,3,1,1,0,,0,30,7,5,1.5,,,4,26,78,5,89,,,43,73,23,1530,0.7,1.5
2952,João Pedro Pepê,BRA,MF,Grêmio,Série A,26,14.3,1283,ND,ND,0,13,526,24,87.4,,,16,0,1,1,,1,21,6,14,0.6,,,10,21,81,28,91,,,45,66,24,877,0.4,0.6
2953,João Pedro,BRA,DF,Grêmio,Série A,27,30.6,2754,ND,ND,4,32,898,67,78.9,,,23,0,5,1,,1,18,26,37,1.2,,,23,61,120,123,120,,,38,56,19,1744,2.3,1.2
2954,João Pedro,ITA,FW,Grêmio,Série A,31,6.4,580,ND,ND,0,2,86,4,80.0,,,15,0,0,0,,0,1,4,17,0.9,,,1,2,9,26,7,,,2,3,0,153,0.2,0.9
2955,João Pedro,BRA,MF,Vasco da Gama,Série A,18,4.8,432,ND,ND,1,8,103,7,81.5,,,10,0,1,0,,0,4,3,8,0.3,,,5,4,20,14,17,,,16,20,12,229,0.2,0.3
2956,Pedro,BRA,FW,Flamengo,Série A,26,18.4,1653,ND,ND,5,15,255,15,74.9,,,21,0,16,7,,11,6,23,38,6.7,,,11,16,36,74,28,,,12,18,5,485,2.2,10.6
2957,Pedrão,BRA,DF,Atl Goianiense,Série A,31,6.5,587,ND,ND,0,9,235,27,85.5,,,0,0,0,0,,0,1,2,1,0.2,,,0,2,11,1,22,,,15,16,7,386,0.1,0.2
2958,Dimitri Payet,FRA,MFFW,Vasco da Gama,Série A,36,13.6,1220,ND,ND,3,2,516,2,80.2,,,25,0,6,2,,3,9,29,25,1.0,,,20,24,100,79,60,,,12,21,9,896,2.6,1.8
2959,Cristian Pavón,ARG,FWMF,Grêmio,Série A,28,12.1,1087,ND,ND,3,12,398,11,69.8,,,28,0,4,1,,1,9,18,18,2.5,,,22,29,43,93,54,,,13,22,8,621,2.3,2.5
2960,Caio Paulista,BRA,DF,Palmeiras,Série A,25,13.3,1201,ND,ND,0,15,519,23,81.8,,,11,1,0,0,,0,9,13,27,0.5,,,14,39,74,80,80,,,29,38,21,929,0.9,0.5
2961,Paulinho,BRA,FWMF,Atlético Mineiro,Série A,23,22.1,1991,ND,ND,1,14,677,15,86.2,,,41,0,9,7,,8,6,32,44,5.1,,,18,54,79,158,94,,,25,31,15,1060,1.6,5.9
2962,Patryck,BRA,DF,São Paulo,Série A,21,6.8,615,ND,ND,0,5,210,8,78.7,,,5,0,0,0,,0,7,3,6,0.0,,,8,11,22,29,21,,,20,27,10,411,0.1,0.0
2963,Alan Patrick,BRA,MFFW,Internacional,Série A,32,19.7,1777,ND,ND,3,17,670,3,78.2,,,48,0,11,4,,8,2,80,36,3.0,,,41,36,126,105,88,,,23,25,17,1147,8.4,7.0
2964,Brahian Palacios,COL,DFMF,Atlético Mineiro,Série A,21,8.9,801,ND,ND,3,12,266,10,80.1,,,19,0,5,1,,2,6,12,27,1.6,,,15,40,23,103,37,,,13,19,9,465,1.1,2.4
2965,Bruno Pacheco,BRA,DF,Fortaleza,Série A,32,13.2,1185,ND,ND,1,11,312,37,72.1,,,16,1,2,1,,1,14,7,10,0.4,,,6,20,37,16,58,,,30,44,16,688,0.8,0.4
2966,Pablo,BRA,FWMF,Ath Paranaense,Série A,31,18.9,1703,ND,ND,2,7,315,17,74.4,,,17,1,5,3,,3,3,23,30,3.7,,,12,12,52,66,59,,,16,19,13,596,1.8,3.7
2967,Luis Oyama,BRA,MF,Juventude,Série A,27,7.6,684,ND,ND,1,7,218,11,82.9,,,3,0,3,2,,2,15,4,7,0.6,,,7,8,28,15,51,,,17,32,10,400,0.7,0.6
2968,Otávio,BRA,MF,Atlético Mineiro,Série A,29,21.3,1917,ND,ND,0,31,799,30,89.7,,,12,0,0,0,,0,22,8,15,0.2,,,5,18,90,17,100,,,57,79,30,1372,0.2,0.2
2969,Osvaldo,BRA,MFFW,Vitória,Série A,36,11.9,1072,ND,ND,0,10,307,5,71.6,,,20,0,2,1,,2,6,19,23,1.7,,,11,29,37,91,53,,,8,14,7,442,1.6,2.4
2970,Leo Ortiz,BRA,DFMF,Flamengo,Série A,28,20.9,1878,ND,ND,2,17,707,56,87.1,,,5,1,3,1,,1,16,16,7,1.1,,,12,16,138,10,86,,,31,47,14,1271,1.2,1.1
2971,Cauly Oliveira Souza,BRA,MFFW,Bahia,Série A,28,29.7,2676,ND,ND,6,12,987,13,79.9,,,38,0,10,4,,4,7,70,77,3.5,,,32,65,138,179,77,,,14,21,6,1564,5.4,3.5
2972,Gustavo Nunes,BRA,FWMF,Grêmio,Série A,18,13.8,1238,ND,ND,1,14,447,7,72.0,,,41,0,4,3,,3,2,13,47,1.9,,,21,52,48,99,66,,,17,19,12,682,1.3,1.9
2973,Nikão,BRA,FWMF,Ath Paranaense,Série A,31,18.0,1624,ND,ND,2,11,535,9,78.9,,,23,0,8,6,,6,9,50,40,3.6,,,22,32,89,135,83,,,28,37,17,944,2.9,3.6
2974,Newton,BRA,MF,Criciúma,Série A,23,25.5,2299,ND,ND,1,16,705,61,79.2,,,19,1,2,1,,1,32,14,41,1.6,,,12,35,80,58,106,,,52,84,31,1267,1.0,1.6
2975,Rodrigo Nestor,BRA,MFFW,São Paulo,Série A,23,10.9,984,ND,ND,2,7,388,7,78.6,,,11,0,2,0,,0,11,15,13,1.1,,,12,29,50,59,54,,,15,26,9,666,1.4,1.1
2976,Neris,BRA,DF,2 Teams,Série A,31,18.5,1663,ND,ND,0,23,556,96,85.4,,,5,0,1,1,,1,14,0,11,0.3,,,3,10,43,1,59,,,33,47,18,974,0.0,0.3
2977,Nenê,BRA,MFFW,Juventude,Série A,42,16.7,1506,1.83,78.0,4,8,407,6,60.6,,,16,0,7,3,,3,4,47,35,1.7,,,21,23,73,92,57,,,10,14,9,801,4.3,1.7
2978,Kaiky Naves,BRA,DF,Palmeiras,Série A,21,8.1,733,ND,ND,0,11,268,34,83.5,,,0,0,0,0,,0,17,5,5,0.1,,,2,2,41,2,25,,,26,43,15,509,0.3,0.1
2979,Nata,BRA,DF,Grêmio,Série A,22,5.6,506,ND,ND,0,11,97,38,83.7,,,1,0,0,0,,0,7,0,0,0.0,,,0,0,9,0,12,,,8,15,4,240,0.0,0.0
2980,Léo Naldi,BRA,MF,Vitória,Série A,22,12.3,1103,ND,ND,0,21,309,23,80.5,,,8,1,0,0,,0,17,7,16,0.5,,,2,13,45,18,53,,,38,55,24,555,0.2,0.5
2981,Lucas Moura,BRA,FWMF,São Paulo,Série A,31,25.0,2246,ND,ND,6,17,862,27,78.7,,,42,0,16,8,,10,21,40,64,3.6,,,33,87,131,173,102,,,27,48,16,1369,3.2,5.2
2982,Hugo Moura,BRA,MF,Vasco da Gama,Série A,26,23.5,2114,ND,ND,4,26,739,37,84.4,,,14,1,5,1,,1,22,17,18,1.9,,,10,22,114,27,94,,,74,96,53,1289,0.9,1.9
2983,Jean Mota,BRA,MFFW,Vitória,Série A,30,4.6,416,ND,ND,0,1,168,7,74.6,,,5,0,1,1,,1,0,9,8,0.5,,,7,3,28,19,23,,,5,5,3,288,0.8,0.5
2984,Gustavo Mosquito,BRA,FWMF,2 Teams,Série A,26,13.3,1200,ND,ND,3,6,263,10,77.3,,,20,0,5,1,,2,8,18,18,1.8,,,15,32,31,87,50,,,19,27,10,421,2.3,2.6
2985,Henry Mosquera,COL,FWMF,RB Bragantino,Série A,22,21.5,1934,ND,ND,2,9,530,6,77.6,,,35,0,3,1,,1,9,34,66,4.3,,,26,97,38,154,90,,,23,32,11,778,2.1,4.3
2986,Aníbal Moreno,ARG,MF,Palmeiras,Série A,24,28.0,2517,ND,ND,1,26,834,32,83.8,,,20,1,2,1,,1,43,24,37,0.9,,,12,25,167,27,173,,,56,99,37,1694,1.1,0.9
2987,Miguel Monsalve,COL,FWMF,Grêmio,Série A,19,10.9,978,ND,ND,1,5,335,7,85.6,,,20,0,4,3,,3,0,11,23,2.6,,,13,35,44,41,37,,,11,11,6,482,1.0,2.6
2988,Moises,BRA,FWMF,Fortaleza,Série A,27,13.0,1171,ND,ND,2,7,257,11,67.7,,,21,0,9,7,,7,5,19,33,5.8,,,8,50,25,79,41,,,6,11,4,435,2.7,5.8
2989,Lucas Mineiro,BRA,MF,Cuiabá,Série A,27,26.0,2338,ND,ND,0,43,651,57,86.3,,,20,1,0,0,,0,10,8,25,0.6,,,2,18,85,12,100,,,61,71,35,1232,0.2,0.6
2990,Michael,BRA,FWMF,Flamengo,Série A,27,7.3,653,ND,ND,1,5,198,5,72.7,,,6,0,5,4,,4,2,12,15,3.6,,,12,25,19,104,14,,,9,11,6,303,1.5,3.6
2991,Higor Meritão,BRA,MF,Criciúma,Série A,29,11.6,1040,ND,ND,0,17,349,22,89.0,,,21,1,2,2,,2,22,2,14,1.3,,,3,10,52,13,73,,,30,52,17,638,0.1,1.3
2992,Gabriel Mercado,ARG,DF,Internacional,Série A,36,13.2,1186,ND,ND,0,7,490,37,89.2,,,0,0,1,1,,1,10,4,3,0.3,,,0,2,32,2,43,,,17,27,6,820,0.7,0.3
2993,Gabriel Menino,BRA,MFFW,Palmeiras,Série A,23,11.9,1067,ND,ND,0,16,425,13,76.8,,,16,0,1,1,,1,11,25,22,2.1,,,14,25,73,70,52,,,28,39,17,792,1.4,2.1
2994,Vinicius Mendonça,BRA,FW,RB Bragantino,Série A,19,8.0,718,ND,ND,0,10,215,7,73.2,,,19,0,2,2,,2,2,12,27,1.7,,,10,32,22,68,44,,,18,20,16,323,0.9,1.7
2995,Nathan Mendes,BRA,DF,RB Bragantino,Série A,21,12.9,1165,ND,ND,1,11,380,27,76.1,,,8,0,1,0,,0,11,10,14,0.5,,,6,17,51,31,70,,,25,36,15,800,0.9,0.5
2996,Douglas Mendes,BRA,DF,RB Bragantino,Série A,19,15.0,1346,ND,ND,0,16,357,67,73.5,,,0,0,2,2,,2,17,2,10,1.6,,,2,9,29,2,52,,,25,42,17,748,0.1,1.6
2997,Memphis,NED,FW,Corinthians,Série A,29,8.8,793,ND,ND,1,4,252,3,80.2,,,20,0,8,6,,7,2,13,23,2.9,,,8,24,31,62,26,,,9,11,7,382,0.9,3.7
2998,Felipe Melo,BRA,DF,Fluminense,Série A,40,4.6,416,ND,ND,0,5,150,26,86.1,,,4,1,0,0,,0,7,0,4,0.0,,,0,0,9,0,14,,,5,12,3,277,0.0,0.0
2999,Mayke,BRA,DF,Palmeiras,Série A,31,11.5,1035,ND,ND,0,13,431,28,82.0,,,5,2,1,1,,1,23,16,9,1.2,,,15,20,73,65,63,,,36,59,20,850,1.0,1.2
3000,Max,BRA,MF,Cuiabá,Série A,22,13.5,1217,ND,ND,0,16,332,11,71.8,,,15,0,1,1,,1,16,17,28,1.1,,,16,20,58,50,63,,,17,33,12,676,1.5,1.1
3001,Mauricio,BRA,MF,2 Teams,Série A,22,16.8,1513,ND,ND,0,10,420,11,77.2,,,12,0,3,3,,3,6,27,22,3.8,,,12,20,53,131,62,,,18,24,11,731,1.8,3.8
3002,Matheuzinho,BRA,DF,Corinthians,Série A,23,24.9,2244,ND,ND,1,28,781,65,83.3,,,6,2,2,1,,1,26,28,17,1.7,,,28,43,99,124,99,,,54,80,41,1543,1.6,1.7
3003,Matheusinho,BRA,MF,Criciúma,Série A,25,17.6,1585,ND,ND,3,16,560,12,74.2,,,31,0,8,5,,5,10,31,51,4.0,,,37,21,88,114,102,,,19,29,10,884,2.2,4.0
3004,Matheusinho,BRA,MFFW,Vitória,Série A,26,27.4,2469,ND,ND,5,15,813,7,78.6,,,43,1,10,5,,5,24,37,70,3.5,,,17,55,98,114,143,,,43,67,31,1228,3.4,3.5
3005,Fellipe Mateus,BRA,MFFW,Criciúma,Série A,32,21.0,1887,ND,ND,0,23,539,22,79.3,,,33,0,3,3,,3,15,20,46,1.9,,,5,17,60,108,96,,,32,47,17,983,0.9,1.9
3006,Gonzalo Mastriani,URU,FW,Ath Paranaense,Série A,30,10.0,900,ND,ND,0,8,127,12,67.6,,,13,0,4,4,,4,3,9,12,3.9,,,4,2,17,40,40,,,15,18,7,299,0.9,3.9
3007,Gustavo Martins Santos,BRA,DF,Grêmio,Série A,21,15.3,1377,ND,ND,0,21,522,69,86.4,,,1,0,2,2,,2,15,0,10,2.1,,,0,1,45,5,59,,,23,38,14,949,0.0,2.1
3008,Matheus Martins,BRA,FWMF,Botafogo (RJ),Série A,20,5.1,456,ND,ND,0,7,156,4,78.1,,,14,1,2,2,,2,7,8,17,1.6,,,8,26,22,49,18,,,9,16,5,228,1.0,1.6
3009,Adriano Martins,BRA,DF,Atl Goianiense,Série A,26,33.2,2990,ND,ND,0,41,898,156,83.9,,,3,1,0,0,,0,54,4,19,1.4,,,3,24,106,9,115,,,43,97,32,1767,0.1,1.4
3010,Martinelli,BRA,MFDF,Fluminense,Série A,22,29.4,2644,ND,ND,1,43,1106,50,88.9,,,46,0,2,1,,1,22,17,41,1.0,,,8,29,121,35,139,,,43,65,28,1958,0.9,1.0
3011,Juan Martín Lucero,ARG,FW,Fortaleza,Série A,32,25.0,2246,ND,ND,3,10,292,22,75.5,,,25,0,11,6,,8,0,18,45,4.1,,,9,13,27,93,53,,,17,17,8,557,2.2,6.3
3012,Marquinhos,BRA,FWDF,Fluminense,Série A,20,14.1,1270,ND,ND,1,21,516,17,76.1,,,30,0,1,0,,0,11,18,44,0.9,,,14,57,36,118,52,,,26,37,13,874,2.3,0.9
3013,Marlon,BRA,DF,Cruzeiro,Série A,26,24.2,2179,ND,ND,1,31,851,62,77.5,,,8,2,1,0,,0,28,29,31,0.6,,,21,55,98,115,104,,,46,74,30,1646,2.0,0.6
3014,Marinho,BRA,FW,Fortaleza,Série A,33,15.0,1348,ND,ND,3,21,399,11,70.3,,,22,1,7,4,,4,8,17,51,2.2,,,14,55,54,89,66,,,28,36,20,649,1.8,2.2
3015,Mariano,BRA,DF,Atlético Mineiro,Série A,37,7.1,636,ND,ND,0,3,227,22,78.6,,,3,0,0,0,,0,5,9,1,0.0,,,7,6,37,5,31,,,14,19,9,520,0.6,0.0
3016,Zé Marcos,BRA,DF,Juventude,Série A,25,21.7,1951,ND,ND,0,25,690,110,82.5,,,6,1,0,0,,0,18,4,7,0.8,,,0,5,40,1,80,,,30,48,16,1248,0.1,0.8
3017,João Marcelo,BRA,DF,Cruzeiro,Série A,23,29.9,2692,ND,ND,2,35,1215,154,90.9,,,7,1,2,0,,0,39,12,14,0.8,,,4,43,135,9,107,,,35,74,23,2046,0.8,0.8
3018,Marcelo,BRA,DF,Fluminense,Série A,35,11.6,1044,ND,ND,1,14,486,18,77.0,,,9,0,2,0,,1,8,14,10,0.5,,,12,18,82,28,59,,,25,33,19,863,1.8,1.3
3019,Marcelinho,BRA,FWMF,Juventude,Série A,21,11.1,1002,ND,ND,3,4,239,7,67.4,,,17,0,5,2,,2,10,15,20,2.3,,,7,19,29,66,49,,,12,22,7,415,0.5,2.3
3020,Fernando Marçal,BRA,DF,Botafogo (RJ),Série A,34,11.3,1014,ND,ND,0,9,347,42,78.0,,,7,0,1,1,,1,22,8,8,0.3,,,7,18,59,54,40,,,28,50,15,810,0.7,0.3
3021,José Manuel López,ARG,FW,Palmeiras,Série A,23,23.8,2140,ND,ND,2,26,355,14,57.9,,,28,0,12,10,,10,3,19,56,9.4,,,12,32,41,111,54,,,14,17,7,669,3.0,9.4
3022,Manoel,BRA,DF,Fluminense,Série A,33,11.6,1047,ND,ND,0,15,364,45,88.7,,,0,0,0,0,,0,6,1,8,0.1,,,0,0,17,0,31,,,14,20,7,647,0.1,0.1
3023,Luis Mandaca,BRA,MF,Juventude,Série A,22,12.2,1101,ND,ND,2,21,244,9,73.5,,,23,0,6,4,,4,5,19,22,4.9,,,9,24,41,59,40,,,22,27,12,502,1.6,4.9
3024,Eros Mancuso,ARG,DFFW,Fortaleza,Série A,24,10.3,923,ND,ND,2,14,261,25,75.7,,,14,0,3,1,,1,8,11,15,0.6,,,10,13,32,37,46,,,24,32,17,552,0.7,0.6
3025,Maicon,BRA,DF,Vasco da Gama,Série A,35,26.1,2351,ND,ND,0,45,757,159,79.7,,,2,0,1,1,,1,29,5,10,0.7,,,4,3,72,2,89,,,42,71,26,1512,0.4,0.7
3026,Walisson Maia,BRA,DF,Criciúma,Série A,32,10.6,955,ND,ND,1,12,261,55,77.7,,,2,2,1,0,,0,12,3,3,0.3,,,0,2,14,2,28,,,10,22,8,508,0.7,0.3
3027,Thiago Maia,BRA,MF,Internacional,Série A,26,21.1,1896,ND,ND,4,21,589,32,85.0,,,9,2,6,2,,2,30,20,29,2.3,,,16,22,104,51,135,,,40,70,29,1249,2.5,2.3
3028,Maguinho,BRA,DF,Atl Goianiense,Série A,31,17.3,1559,ND,ND,1,17,491,34,72.5,,,9,0,1,0,,0,17,23,22,0.7,,,17,29,52,80,69,,,31,48,12,1045,1.2,0.7
3029,Talles Magno,BRA,FWMF,Corinthians,Série A,21,5.4,487,ND,ND,1,10,162,5,78.1,,,12,0,3,2,,2,3,7,16,2.5,,,3,17,16,38,28,,,6,9,4,240,0.8,2.5
3030,Mádson,BRA,DF,Ath Paranaense,Série A,32,10.8,975,ND,ND,1,11,206,32,73.6,,,3,0,1,0,,0,14,15,8,0.7,,,9,11,34,55,32,,,10,24,5,533,1.4,0.7
3031,Imanol Machuca,MAS,FWMF,Fortaleza,Série A,24,4.8,436,ND,ND,1,5,143,0,67.2,,,15,0,2,1,,1,0,12,13,0.8,,,8,25,14,34,25,,,8,8,6,234,1.0,0.8
3032,Machado,BRA,MF,2 Teams,Série A,28,11.0,989,ND,ND,0,10,303,17,80.7,,,11,0,0,0,,0,18,13,9,0.4,,,6,4,46,11,54,,,21,39,12,620,0.6,0.4
3033,Lyanco,BRA,DF,Atlético Mineiro,Série A,26,10.2,920,ND,ND,0,16,401,40,85.7,,,2,1,0,0,,0,18,3,7,0.2,,,6,9,37,3,46,,,15,33,11,699,0.2,0.2
3034,David Luiz,BRA,DF,Flamengo,Série A,36,19.5,1756,ND,ND,0,19,787,74,87.4,,,4,1,3,3,,3,15,7,12,1.1,,,7,32,104,6,54,,,11,26,8,1226,0.4,1.9
3035,Victor Luis,BRA,DF,Vasco da Gama,Série A,30,4.9,442,ND,ND,1,5,167,17,79.1,,,4,0,2,1,,1,7,5,4,0.4,,,4,9,17,22,18,,,14,21,9,358,0.4,0.4
3036,André Luis,BRA,FWMF,Cuiabá,Série A,26,5.5,499,ND,ND,0,5,131,4,80.2,,,6,0,0,0,,0,1,2,15,0.5,,,3,7,15,47,16,,,9,10,6,241,0.2,0.5
3037,Luciano,BRA,MFFW,São Paulo,Série A,30,25.6,2302,ND,ND,2,23,719,11,85.2,,,28,0,13,10,,11,9,23,28,5.3,,,16,24,92,126,110,,,26,35,16,1112,2.4,7.1
3038,João Lucas,BRA,DF,Juventude,Série A,25,28.5,2569,ND,ND,6,28,826,55,68.5,,,13,0,7,1,,1,28,43,27,1.0,,,42,72,107,140,135,,,74,102,38,1697,4.4,1.0
3039,Jean Lucas,BRA,MF,Bahia,Série A,25,32.2,2901,ND,ND,6,33,990,21,84.8,,,51,1,9,3,,3,23,20,54,5.4,,,18,53,126,149,160,,,50,73,30,1597,2.8,5.4
3040,Ayrton Lucas,BRA,DF,Flamengo,Série A,26,26.6,2393,ND,ND,3,23,917,38,80.6,,,25,0,6,3,,3,16,23,35,1.6,,,14,60,106,133,132,,,49,65,32,1688,2.1,1.6
3041,Lorran,BRA,MFFW,Flamengo,Série A,17,7.8,706,ND,ND,1,6,271,1,76.6,,,15,0,2,1,,1,2,14,19,2.0,,,16,32,39,61,31,,,17,19,15,417,0.9,2.0
3042,Lincoln,BRA,MFFW,RB Bragantino,Série A,25,17.2,1552,ND,ND,2,22,514,18,74.9,,,14,1,5,2,,3,10,31,24,1.7,,,21,29,96,88,71,,,33,43,21,932,3.0,2.5
3043,Lima,BRA,MFFW,Fluminense,Série A,27,20.5,1847,ND,ND,1,17,723,12,86.2,,,28,1,5,4,,4,20,20,38,2.8,,,5,31,63,73,105,,,39,59,20,1231,0.8,2.8
3044,Willean Lepo,BRA,DF,Vitória,Série A,27,19.9,1789,ND,ND,0,28,657,64,75.9,,,19,1,0,0,,0,30,22,39,0.9,,,15,52,78,50,106,,,67,97,48,1273,1.5,0.9
3045,Leandrinho,BRA,DFFW,Vasco da Gama,Série A,18,6.0,541,ND,ND,1,10,179,19,79.9,,,1,0,2,1,,1,3,3,9,0.1,,,3,9,16,38,27,,,12,15,8,400,0.1,0.1
3046,Lázaro,BRA,FWMF,Palmeiras,Série A,21,8.6,773,ND,ND,0,8,246,4,74.4,,,12,0,2,2,,2,0,10,14,2.7,,,9,28,41,72,27,,,7,7,3,378,0.5,2.7
3047,Derik Lacerda,BRA,FWMF,Cuiabá,Série A,24,15.8,1420,ND,ND,0,18,307,13,77.7,,,24,0,4,4,,4,3,15,39,3.3,,,6,36,24,79,43,,,20,23,11,509,2.1,3.3
3048,Matías Lacava,VEN,FWMF,Atl Goianiense,Série A,21,5.3,478,ND,ND,0,2,159,2,71.2,,,13,1,0,0,,0,3,11,14,0.9,,,8,22,12,45,22,,,13,16,9,232,0.4,0.9
3049,Benjamín Kuscevic,CHI,DF,Fortaleza,Série A,27,20.6,1858,ND,ND,0,38,558,128,85.5,,,3,2,2,2,,2,20,3,12,1.3,,,1,4,37,5,62,,,31,51,18,1086,0.4,1.3
3050,Keno,BRA,FWMF,Fluminense,Série A,34,15.5,1397,ND,ND,1,12,439,17,71.3,,,18,1,2,1,,1,8,20,36,2.7,,,19,62,41,164,44,,,32,40,17,692,1.1,2.7
3051,John Kennedy,BRA,FWMF,Fluminense,Série A,21,7.5,674,ND,ND,0,6,166,8,78.4,,,15,0,0,0,,0,0,5,38,1.3,,,3,12,10,71,13,,,5,5,3,280,0.1,1.3
3052,Renato Kayser,BRA,FW,2 Teams,Série A,27,13.3,1197,ND,ND,1,11,214,16,67.9,,,13,0,7,5,,6,2,13,38,5.8,,,4,20,27,43,39,,,15,17,7,414,1.3,6.6
3053,Alan Kardec,BRA,FW,Atlético Mineiro,Série A,35,4.6,410,ND,ND,0,3,60,8,68.5,,,10,0,0,0,,0,1,6,17,1.0,,,3,1,7,13,10,,,4,5,3,128,0.5,1.0
3054,Kanu,BRA,DF,Bahia,Série A,26,30.0,2700,ND,ND,0,36,1346,88,94.2,,,6,2,0,0,,0,33,1,9,0.3,,,1,18,78,1,103,,,33,66,18,2076,0.0,0.3
3055,Walter Kannemann,ARG,DF,Grêmio,Série A,32,11.1,1000,ND,ND,2,16,208,52,79.5,,,3,0,2,0,,0,19,2,4,0.6,,,0,2,21,0,31,,,18,37,12,478,0.8,0.6
3056,Lucas Kal,BRA,MFDF,Atl Goianiense,Série A,27,12.8,1156,ND,ND,1,13,345,21,80.9,,,3,0,1,0,,0,15,1,11,0.3,,,4,7,64,8,45,,,14,29,7,677,0.5,0.3
3057,Kaiki,BRA,DF,Cruzeiro,Série A,20,13.2,1184,ND,ND,0,15,385,39,78.0,,,19,1,1,1,,1,26,9,25,0.5,,,8,31,32,67,60,,,42,68,31,832,1.0,0.5
3058,Julimar,BRA,FWMF,Ath Paranaense,Série A,23,18.5,1665,ND,ND,2,23,483,29,74.9,,,23,0,8,6,,6,16,27,34,5.7,,,19,83,43,173,74,,,32,48,19,848,2.3,5.7
3059,Luciano Juba,BRA,DF,Bahia,Série A,24,34.6,3114,ND,ND,1,24,1377,91,83.2,,,6,0,4,3,,3,52,51,15,1.2,,,45,46,149,107,174,,,48,100,32,2492,4.2,1.2
3060,Kaio Jorge,BRA,FW,Cruzeiro,Série A,22,12.9,1163,ND,ND,2,8,203,12,76.9,,,10,0,4,2,,2,0,13,34,4.5,,,4,20,18,56,21,,,2,2,1,333,1.4,5.3
3061,Jonathan,BRA,DF,Criciúma,Série A,31,7.8,705,ND,ND,1,12,214,23,77.9,,,5,0,1,0,,0,9,10,11,0.1,,,10,8,40,13,36,,,19,28,12,489,0.7,0.1
3062,Felipe Jonatan,BRA,DF,Fortaleza,Série A,25,16.8,1510,ND,ND,0,14,484,67,75.8,,,10,0,0,0,,0,23,11,6,0.7,,,9,15,59,52,76,,,22,45,16,1001,0.6,0.7
3063,Jhon Jhon,BRA,MF,2 Teams,Série A,21,14.4,1299,ND,ND,4,23,395,14,73.2,,,26,0,7,3,,3,7,34,32,2.7,,,17,50,65,88,69,,,29,36,20,657,2.8,2.7
3064,Igor Jesus,BRA,FW,Botafogo (RJ),Série A,22,16.2,1454,ND,ND,3,17,310,9,71.5,,,32,0,8,5,,5,2,21,41,6.8,,,9,20,35,134,48,,,8,10,7,516,2.6,6.8
3065,Caíque de Jesus Gonçalves,BRA,MF,Juventude,Série A,28,15.8,1422,ND,ND,0,19,559,33,90.8,,,7,1,0,0,,0,24,6,6,0.1,,,5,13,59,7,95,,,44,68,24,985,0.3,0.1
3066,Jemerson,BRA,DF,2 Teams,Série A,31,15.0,1346,ND,ND,0,24,373,65,85.6,,,1,0,1,1,,1,13,0,4,0.6,,,1,2,24,2,44,,,21,34,11,704,0.0,0.6
3067,Janderson,BRA,FWMF,Atl Goianiense,Série A,24,10.7,962,ND,ND,0,6,315,3,67.4,,,11,0,3,3,,3,5,18,35,2.5,,,17,35,43,116,49,,,17,22,11,502,1.0,2.5
3068,Jadson,BRA,MF,Juventude,Série A,30,31.6,2843,ND,ND,5,33,882,19,83.6,,,30,2,6,1,,1,37,57,36,1.7,,,18,21,182,82,210,,,90,127,51,1686,3.7,1.7
3069,Jadsom,BRA,MFDF,RB Bragantino,Série A,22,18.5,1663,ND,ND,1,15,435,42,78.2,,,6,0,1,0,,0,27,10,20,0.2,,,10,11,89,16,85,,,67,94,41,976,0.6,0.2
3070,Zé Ivaldo,BRA,DF,Cruzeiro,Série A,26,26.2,2361,ND,ND,0,30,935,120,79.3,,,3,3,1,1,,1,19,5,12,1.2,,,4,23,80,7,118,,,29,48,17,1629,0.4,1.2
3071,Gabriel Inocêncio,BRA,DF,Juventude,Série A,29,9.8,883,ND,ND,1,7,298,27,81.3,,,11,0,1,0,,0,9,7,21,0.1,,,5,22,25,32,61,,,30,39,19,601,0.7,0.1
3072,Iago,BRA,DFMF,Bahia,Série A,26,4.5,408,ND,ND,0,7,206,11,86.6,,,1,0,0,0,,0,7,4,6,0.8,,,3,15,22,23,22,,,11,18,8,355,1.1,0.8
3073,José Hurtado,ECU,DF,RB Bragantino,Série A,22,14.7,1325,ND,ND,2,11,389,55,72.4,,,6,1,2,0,,0,19,13,20,0.2,,,10,39,56,70,59,,,23,42,15,874,2.2,0.2
3074,Hulk,BRA,FWMF,Atlético Mineiro,Série A,37,21.0,1892,ND,ND,5,8,555,14,74.9,,,62,0,15,6,,10,1,25,61,5.6,,,22,38,60,143,50,,,10,11,5,897,1.9,9.5
3075,José Hugo,BRA,MFFW,Vitória,Série A,24,7.0,632,ND,ND,2,7,231,5,65.8,,,26,0,3,1,,1,6,9,33,1.5,,,9,34,17,75,39,,,14,20,11,326,0.9,1.5
3076,Hugo,BRA,DF,Corinthians,Série A,26,20.2,1822,ND,ND,4,19,485,71,78.0,,,13,0,4,0,,0,21,18,24,0.8,,,4,26,72,65,77,,,53,74,25,1157,1.6,0.8
3077,Hugo,BRA,DF,Botafogo (RJ),Série A,22,4.9,443,ND,ND,1,4,139,11,77.9,,,0,0,1,0,,0,5,6,9,0.3,,,8,9,22,15,22,,,11,16,7,296,1.0,0.3
3078,Marcelo Hermes,BRA,DFMF,Criciúma,Série A,28,35.6,3205,ND,ND,5,41,809,112,67.7,,,14,0,7,2,,2,41,59,27,1.6,,,34,51,132,134,119,,,58,99,33,1911,3.0,1.6
3079,Hércules,BRA,MF,Fortaleza,Série A,23,25.7,2317,ND,ND,1,33,691,29,78.8,,,24,0,5,4,,4,6,19,31,1.5,,,11,32,96,70,107,,,55,61,34,1138,1.5,1.5
3080,Pedro Henrique,BRA,DF,2 Teams,Série A,28,26.4,2372,ND,ND,0,30,818,121,79.6,,,4,3,1,1,,1,24,6,7,0.6,,,5,8,83,1,98,,,43,67,32,1497,0.1,0.6
3081,Paulo Henrique,BRA,DF,Vasco da Gama,Série A,27,28.0,2516,ND,ND,0,36,797,70,74.9,,,27,2,1,1,,1,46,25,35,1.9,,,29,56,86,113,162,,,96,142,62,1679,1.7,1.9
3082,Matheus Henrique,BRA,MFFW,Cruzeiro,Série A,26,13.5,1219,ND,ND,0,17,443,11,82.9,,,18,0,2,2,,2,7,14,13,1.0,,,8,22,56,50,72,,,25,32,15,720,0.3,1.0
3083,Luiz Henrique,BRA,FWMF,Botafogo (RJ),Série A,23,28.1,2533,ND,ND,3,38,773,29,76.3,,,62,0,10,6,,7,11,32,59,6.4,,,31,85,74,261,110,,,47,58,30,1197,3.8,7.1
3084,Gustavo Henrique,BRA,DF,Corinthians,Série A,30,16.4,1478,ND,ND,0,20,545,79,87.3,,,3,1,1,1,,1,19,3,4,0.8,,,1,6,25,2,46,,,15,34,10,937,0.2,0.8
3085,Bruno Henrique,BRA,MFFW,Internacional,Série A,34,21.2,1908,ND,ND,1,31,650,33,81.3,,,18,0,4,3,,3,16,31,33,3.7,,,22,22,134,60,95,,,44,60,28,1259,2.5,3.7
3086,Bruno Henrique,BRA,FWMF,Flamengo,Série A,33,23.0,2070,ND,ND,1,23,509,19,75.0,,,25,0,7,5,,6,12,22,51,5.7,,,23,70,62,167,82,,,30,42,16,844,1.9,6.4
3087,Helinho,BRA,FWMF,RB Bragantino,Série A,23,12.2,1102,ND,ND,2,18,420,11,68.7,,,20,0,9,7,,7,10,24,29,3.4,,,16,35,43,74,75,,,9,19,6,742,2.1,3.4
3088,Thiago Heleno,BRA,DF,Ath Paranaense,Série A,35,25.3,2278,ND,ND,1,40,771,104,85.1,,,0,1,1,0,,0,32,8,5,0.8,,,5,0,58,4,67,,,23,55,13,1420,0.8,0.8
3089,Lucas Halter,BRA,DF,Botafogo (RJ),Série A,23,15.0,1353,ND,ND,0,8,583,68,91.0,,,0,2,1,1,,1,11,4,4,0.4,,,1,8,42,1,48,,,12,23,10,976,0.1,0.4
3090,Ryan Gustavo,BRA,MF,Corinthians,Série A,20,5.8,526,ND,ND,0,12,146,10,87.3,,,8,0,0,0,,0,7,2,6,0.2,,,0,4,16,8,21,,,27,34,14,282,0.2,0.2
3091,Luiz Gustavo,BRA,MF,São Paulo,Série A,36,23.8,2142,ND,ND,1,20,1175,21,91.2,,,14,1,3,2,,2,29,14,30,1.3,,,6,32,132,20,105,,,42,71,26,1750,0.7,1.3
3092,Gustavinho,BRA,MFFW,RB Bragantino,Série A,19,10.6,954,ND,ND,3,14,262,12,72.5,,,19,0,4,1,,1,4,22,27,0.9,,,13,9,45,33,50,,,24,28,9,524,1.5,0.9
3093,Guilherme,BRA,DF,RB Bragantino,Série A,21,7.4,670,ND,ND,1,8,174,33,65.9,,,4,0,1,0,,0,10,5,7,0.1,,,6,8,18,18,22,,,16,26,10,424,0.2,0.1
3094,Gregore,BRA,MF,Botafogo (RJ),Série A,29,24.7,2220,ND,ND,2,37,1197,58,89.2,,,13,0,5,3,,3,33,17,15,1.2,,,9,29,199,38,152,,,97,130,65,2102,1.7,1.2
3095,Matheus Gonçalves,BRA,FWMF,Flamengo,Série A,18,7.6,682,ND,ND,0,7,361,4,74.7,,,13,1,2,2,,2,12,18,20,1.7,,,16,32,48,83,41,,,14,26,9,558,0.9,1.7
3096,Gustavo Gómez,PAR,DF,Palmeiras,Série A,30,26.3,2367,ND,ND,2,35,754,115,83.3,,,2,0,3,0,,1,32,5,8,3.0,,,5,8,82,6,70,,,38,70,25,1473,1.8,3.8
3097,William Gomes,BRA,FWMF,São Paulo,Série A,17,5.5,495,ND,ND,1,9,133,0,74.5,,,7,0,4,3,,3,3,6,19,1.3,,,8,25,14,63,19,,,10,13,9,241,0.5,1.3
3098,Igor Gomes,BRA,DF,Internacional,Série A,22,7.6,688,ND,ND,1,16,298,34,79.1,,,5,0,2,1,,1,7,1,7,0.3,,,0,8,22,15,36,,,15,22,9,543,0.1,0.3
3099,Igor Gomes,BRA,MF,Atlético Mineiro,Série A,24,14.7,1321,ND,ND,3,21,463,9,79.1,,,14,0,4,0,,1,9,21,27,1.3,,,13,21,83,61,77,,,16,25,12,818,1.2,2.1
3100,Bruno Gomes,BRA,DFMF,Internacional,Série A,22,24.0,2157,ND,ND,2,30,1022,55,79.5,,,19,2,3,1,,1,24,15,30,0.8,,,21,58,152,108,117,,,63,87,38,1843,1.1,0.8
3101,Leonardo Godoy,ARG,DF,Ath Paranaense,Série A,28,18.2,1639,ND,ND,2,18,409,38,70.0,,,7,0,3,1,,1,11,10,14,0.5,,,15,16,61,87,49,,,21,32,17,885,1.0,0.5
3102,Gilberto,BRA,DF,Bahia,Série A,30,15.2,1367,ND,ND,1,14,751,34,85.4,,,17,0,2,1,,1,10,18,25,1.4,,,24,62,78,125,67,,,43,53,26,1235,1.4,1.4
3103,Gilberto,BRA,FW,Juventude,Série A,34,12.3,1110,ND,ND,1,6,138,15,59.1,,,10,0,4,3,,3,2,13,28,3.7,,,3,16,14,52,14,,,7,9,2,321,1.5,3.7
3104,Agustín Giay,ARG,DF,Palmeiras,Série A,20,7.1,642,ND,ND,0,7,280,11,80.0,,,5,0,0,0,,0,6,5,11,0.6,,,5,16,37,22,28,,,30,36,15,532,0.2,0.6
3105,Gerson,BRA,MFFW,Flamengo,Série A,26,27.3,2457,ND,ND,6,23,1060,19,84.7,,,35,0,9,3,,3,5,41,34,2.3,,,54,71,181,186,137,,,57,62,38,1690,3.7,2.3
3106,Pedro Geromel,BRA,DF,Grêmio,Série A,38,8.6,771,ND,ND,0,14,247,45,83.9,,,0,0,0,0,,0,11,1,5,0.4,,,0,2,15,2,33,,,18,29,14,507,0.0,0.4
3107,Rodrigo Garro,ARG,MFFW,Corinthians,Série A,26,33.3,2995,ND,ND,10,29,1331,12,72.2,,,53,0,20,9,,10,21,106,80,5.2,,,71,64,246,169,156,,,52,73,32,2268,7.4,6.0
3108,Ganso,BRA,MF,Fluminense,Série A,34,25.0,2247,ND,ND,7,15,1033,12,86.3,,,21,1,10,3,,3,14,60,29,1.8,,,33,16,172,84,95,,,34,48,23,1759,4.0,2.6
3109,Mateo Gamarra,PAR,DF,Ath Paranaense,Série A,23,16.5,1482,ND,ND,0,28,559,71,80.5,,,5,1,0,0,,0,25,2,5,1.3,,,3,4,59,2,71,,,30,55,17,1026,0.2,1.3
3110,Pablo Galdames Millán,CHI,MF,Vasco da Gama,Série A,27,12.8,1154,ND,ND,2,18,344,22,81.6,,,11,1,2,0,,0,12,18,9,0.3,,,4,8,71,25,57,,,26,38,16,660,0.7,0.3
3111,Zé Gabriel,BRA,MF,Vasco da Gama,Série A,25,5.1,457,ND,ND,0,3,137,10,82.0,,,5,0,0,0,,0,5,1,4,0.8,,,0,6,11,5,33,,,15,20,11,264,0.0,0.8
3112,Marquinhos Gabriel,BRA,MF,Criciúma,Série A,33,11.1,1003,ND,ND,0,11,333,10,79.9,,,28,1,0,0,,0,6,19,20,0.5,,,14,22,46,55,58,,,13,19,6,570,1.8,0.5
3113,Gabriel,BRA,DF,Bahia,Série A,22,35.0,3150,ND,ND,0,49,1513,183,88.7,,,4,2,0,0,,0,57,5,8,1.4,,,3,20,115,5,107,,,64,121,44,2641,0.2,1.4
3114,Gabriel,BRA,MF,Ath Paranaense,Série A,31,15.9,1431,ND,ND,2,26,533,27,89.3,,,1,1,3,1,,1,21,12,10,0.4,,,9,17,103,5,101,,,48,69,28,1014,0.3,0.4
3115,Bruno Fuchs,BRA,DF,Atlético Mineiro,Série A,24,22.6,2031,ND,ND,1,34,1047,92,88.3,,,3,1,1,0,,0,29,16,17,0.8,,,20,22,136,10,95,,,42,71,26,1735,1.9,0.8
3116,Marlon Freitas,BRA,MF,Botafogo (RJ),Série A,28,26.9,2425,ND,ND,5,33,1220,41,87.5,,,8,2,5,0,,0,20,43,14,1.7,,,39,44,264,43,115,,,43,63,27,2016,4.3,1.7
3117,Lucas Freitas,BRA,DF,Juventude,Série A,23,14.0,1256,ND,ND,0,23,432,48,85.9,,,5,0,0,0,,0,14,5,13,0.2,,,2,8,43,1,44,,,9,23,8,793,0.1,0.2
3118,Gonzalo Freitas,URU,MF,Atl Goianiense,Série A,32,9.1,820,ND,ND,0,7,174,28,80.4,,,4,0,0,0,,0,13,1,5,0.5,,,2,2,27,4,31,,,21,34,11,396,0.2,0.5
3119,Alan Franco,ARG,DF,São Paulo,Série A,27,24.3,2191,ND,ND,1,20,1209,75,91.4,,,4,1,1,0,,0,13,7,14,1.1,,,3,14,98,6,129,,,26,39,15,1797,0.4,1.1
3120,Alan Franco,ECU,MF,Atlético Mineiro,Série A,25,18.1,1631,ND,ND,0,11,402,16,85.7,,,5,0,0,0,,0,25,12,11,1.0,,,7,5,50,52,68,,,29,54,17,834,2.0,1.0
3121,Tobias Figueiredo,POR,DF,Criciúma,Série A,29,23.0,2066,ND,ND,0,39,520,140,85.0,,,3,0,1,1,,1,28,2,8,0.3,,,0,2,49,1,75,,,21,49,13,1140,0.5,0.3
3122,Ferreira,BRA,FWMF,São Paulo,Série A,26,13.7,1230,ND,ND,1,11,501,5,79.4,,,21,0,6,5,,5,6,30,41,2.9,,,17,76,57,152,66,,,26,32,20,787,1.8,2.9
3123,Nahuel Ferraresi,VEN,DF,São Paulo,Série A,25,10.0,902,ND,ND,1,23,385,43,87.8,,,0,0,2,1,,1,8,6,4,0.4,,,6,9,45,14,45,,,21,29,18,737,0.8,0.4
3124,Luiz Fernando,BRA,FWMF,Atl Goianiense,Série A,27,28.8,2591,ND,ND,0,37,691,31,74.2,,,34,0,8,8,,8,18,29,54,5.7,,,25,79,78,230,132,,,25,43,15,1094,1.3,5.7
3125,Fernando,BRA,MFDF,Internacional,Série A,36,17.2,1546,ND,ND,0,14,622,46,91.3,,,3,1,1,1,,1,22,8,14,0.4,,,2,17,69,7,102,,,33,55,24,1126,0.4,0.4
3126,Fernando,BRA,DF,Ath Paranaense,Série A,24,8.0,724,ND,ND,1,7,282,13,78.1,,,1,0,1,0,,0,18,6,9,0.0,,,7,14,36,18,33,,,8,26,4,490,0.5,0.0
3127,Fernandinho,BRA,MF,Ath Paranaense,Série A,38,17.2,1551,ND,ND,3,11,668,24,79.6,,,19,0,5,1,,2,10,37,19,0.8,,,28,39,168,36,99,,,30,40,22,1133,2.4,1.6
3128,Nathan Fernandes,BRA,FWMF,Grêmio,Série A,18,6.0,544,ND,ND,0,7,191,5,78.4,,,19,0,0,0,,0,4,4,31,1.5,,,6,18,17,51,13,,,8,12,6,278,0.1,1.5
3129,Matheus Fernandes,BRA,MF,RB Bragantino,Série A,25,9.4,846,ND,ND,1,17,211,21,78.8,,,8,0,2,1,,1,22,6,11,0.6,,,2,7,38,14,63,,,39,61,31,499,0.6,0.6
3130,Lucas Fernandes,BRA,MFFW,Cuiabá,Série A,26,11.5,1039,ND,ND,1,8,329,2,84.3,,,13,0,2,1,,1,9,18,19,0.8,,,13,16,45,31,42,,,20,29,11,588,0.7,0.8
3131,Felipinho,BRA,MF,Ath Paranaense,Série A,22,10.3,923,ND,ND,0,12,180,21,81.9,,,12,0,0,0,,0,21,5,5,0.6,,,1,7,16,11,43,,,53,74,35,386,0.2,0.6
3132,Luiz Felipe,BRA,DF,Atl Goianiense,Série A,30,12.1,1090,ND,ND,0,17,289,60,82.7,,,0,0,1,1,,1,16,0,2,0.9,,,0,2,20,1,36,,,19,35,13,575,0.0,0.9
3133,Erick Farias,BRA,FW,Juventude,Série A,27,23.5,2112,ND,ND,3,21,389,16,74.4,,,19,2,8,5,,5,15,21,26,5.0,,,11,31,35,121,69,,,29,44,22,709,2.6,5.0
3134,Rodrigo Fagundes,BRA,DF,Criciúma,Série A,36,32.0,2880,ND,ND,1,55,927,223,81.6,,,10,1,4,3,,3,50,13,20,2.1,,,10,20,113,9,153,,,44,94,33,1886,1.1,2.1
3135,Fagner,BRA,DF,Corinthians,Série A,34,10.1,913,ND,ND,1,8,271,18,76.8,,,4,1,1,0,,0,11,17,7,0.1,,,18,14,39,49,37,,,23,34,11,591,2.2,0.1
3136,Fábio,BRA,DF,Grêmio,Série A,33,7.5,677,ND,ND,0,5,179,16,74.7,,,4,0,0,0,,0,5,6,10,0.4,,,7,11,15,40,32,,,12,17,7,434,0.4,0.4
3137,Fabinho,BRA,MF,Palmeiras,Série A,21,5.7,513,ND,ND,0,10,175,8,80.0,,,7,0,1,1,,1,6,7,4,0.3,,,3,5,36,13,28,,,6,12,4,318,0.3,0.3
3138,Bruno Fabiano Alves,BRA,DF,Cuiabá,Série A,32,22.4,2015,ND,ND,0,29,484,128,86.1,,,2,0,1,1,,1,30,1,2,0.9,,,4,11,42,3,50,,,22,52,11,1024,0.0,0.9
3139,Ewerton,BRA,DFFW,Juventude,Série A,23,13.2,1189,ND,ND,2,8,315,46,71.5,,,9,1,3,1,,1,21,9,11,1.0,,,6,10,35,51,57,,,28,49,19,713,1.5,1.0
3140,Evertton,BRA,MF,Flamengo,Série A,20,8.9,803,ND,ND,0,11,365,13,90.0,,,7,1,1,1,,1,16,6,8,0.9,,,4,9,41,5,54,,,21,37,15,602,0.2,0.9
3141,Everton,BRA,FWMF,Grêmio,Série A,26,5.1,457,ND,ND,0,4,111,5,79.5,,,6,0,0,0,,0,1,8,24,0.2,,,0,11,11,28,18,,,6,7,5,181,0.7,0.2
3142,Everaldo,BRA,FWMF,Vitória,Série A,29,4.7,421,ND,ND,0,2,146,3,76.5,,,6,1,2,2,,2,2,2,18,1.1,,,3,18,17,37,14,,,5,7,4,225,0.1,1.1
3143,Lucas Evangelista,BRA,MF,RB Bragantino,Série A,28,28.2,2540,ND,ND,3,29,697,37,82.5,,,33,0,5,2,,2,23,33,43,2.6,,,24,26,131,69,125,,,48,71,30,1320,2.0,2.6
3144,Lucas Esteves,BRA,DF,Vitória,Série A,23,32.6,2932,ND,ND,4,29,872,88,77.9,,,17,0,5,1,,1,40,35,20,1.6,,,26,46,108,126,135,,,63,103,44,1836,3.0,1.6
3145,Lucas Esquivel,ARG,DF,Ath Paranaense,Série A,22,30.2,2720,ND,ND,4,29,1099,100,76.7,,,19,0,4,0,,0,35,38,17,0.6,,,40,57,178,87,156,,,79,114,52,2134,4.5,0.6
3146,Erick,BRA,MFDF,Ath Paranaense,Série A,26,28.4,2560,ND,ND,1,50,777,51,85.6,,,13,0,4,3,,3,41,17,26,4.2,,,11,17,119,43,107,,,50,91,38,1449,1.5,4.2
3147,Endrick,BRA,MFFW,Palmeiras,Série A,17,5.0,453,ND,ND,0,5,118,2,71.2,,,9,0,0,0,,0,0,2,13,1.1,,,4,10,15,28,16,,,5,5,2,175,0.7,1.1
3148,Alan Empereur,BRA,DF,Cuiabá,Série A,29,28.3,2548,ND,ND,0,20,1082,113,82.8,,,5,2,0,0,,0,26,17,9,0.6,,,10,17,95,12,102,,,20,46,16,1742,1.1,0.6
3149,Leandro Emmanuel Martínez,ARG,MFFW,Fortaleza,Série A,29,11.2,1011,ND,ND,4,21,355,4,83.6,,,13,2,5,1,,1,9,19,16,1.0,,,10,15,51,33,62,,,29,38,14,604,1.9,1.0
3150,Rodrigo Ely,BRA,DF,Grêmio,Série A,30,18.4,1659,ND,ND,0,35,422,85,80.6,,,0,1,1,1,,1,24,4,5,1.0,,,3,3,37,6,40,,,39,63,25,1007,0.2,1.0
3151,Kauã Elias,BRA,FW,Fluminense,Série A,17,16.3,1465,ND,ND,2,6,394,6,75.2,,,64,0,8,6,,6,3,19,67,5.0,,,8,28,33,109,57,,,24,27,11,627,2.7,5.0
3152,Carlos Eduardo,BRA,MFFW,Botafogo (RJ),Série A,34,9.1,823,ND,ND,1,4,249,5,82.8,,,5,0,3,2,,2,10,13,10,0.9,,,7,11,41,29,21,,,5,15,3,407,0.5,1.7
3153,Carlos Eduardo,BRA,FWMF,Vitória,Série A,27,9.7,871,ND,ND,2,7,212,17,67.7,,,17,0,2,0,,0,8,9,37,1.5,,,9,19,22,57,49,,,21,29,16,358,1.2,1.5
3154,EDU,BRA,DF,Vitória,Série A,23,8.3,744,ND,ND,0,16,191,60,79.8,,,0,0,0,0,,0,6,0,2,0.7,,,0,2,23,0,23,,,16,22,8,410,0.0,0.7
3155,Éder,ITA,FW,Criciúma,Série A,37,8.5,764,ND,ND,0,2,171,0,74.2,,,8,0,0,0,,0,1,12,13,1.1,,,8,13,22,60,26,,,7,8,4,275,1.3,1.1
3156,Edenílson,BRA,MFFW,Grêmio,Série A,34,14.8,1333,ND,ND,1,12,349,15,75.9,,,23,0,2,1,,1,12,13,27,2.2,,,13,21,50,61,55,,,17,29,9,628,0.9,2.2
3157,Dudu,BRA,FWMF,Palmeiras,Série A,32,6.1,548,ND,ND,0,0,221,2,68.3,,,7,0,0,0,,0,3,9,14,1.2,,,7,35,26,76,31,,,5,8,4,341,0.6,1.2
3158,Thiago dos Santos,BRA,DF,Fluminense,Série A,34,23.8,2143,ND,ND,0,26,1128,100,86.1,,,4,2,0,0,,0,29,3,12,1.1,,,1,13,67,3,97,,,38,67,25,1778,0.1,1.1
3159,Dodi,BRA,MF,Grêmio,Série A,27,26.7,2400,ND,ND,2,30,571,34,87.1,,,21,0,2,0,,0,38,8,31,0.9,,,8,24,79,15,113,,,79,117,44,1034,1.1,0.9
3160,Diego,BRA,DF,São Paulo,Série A,24,9.9,894,ND,ND,0,10,449,49,87.9,,,3,0,0,0,,0,12,3,7,0.2,,,3,4,40,2,39,,,13,25,8,761,0.1,0.2
3161,Lautaro Díaz,ARG,FW,Cruzeiro,Série A,25,10.7,959,ND,ND,0,2,177,10,66.5,,,8,0,1,1,,1,3,13,28,2.2,,,6,15,15,74,25,,,9,12,8,330,0.6,2.2
3162,Lucas Di Yorio,ARG,FW,Ath Paranaense,Série A,27,8.9,799,ND,ND,0,7,140,12,63.1,,,13,0,3,3,,3,3,5,28,3.2,,,2,15,10,47,20,,,5,8,3,290,0.2,4.0
3163,Deyverson,BRA,FW,2 Teams,Série A,32,13.6,1221,ND,ND,1,9,185,18,61.0,,,18,0,4,3,,3,1,6,38,2.4,,,5,6,20,56,35,,,7,8,2,408,0.8,3.2
3164,Derek,BRA,FW,Atl Goianiense,Série A,26,11.0,986,ND,ND,1,13,153,5,75.3,,,19,0,4,3,,3,4,14,35,2.8,,,5,20,17,53,22,,,16,20,11,312,1.9,3.8
3165,Denilson,BRA,MF,Cuiabá,Série A,22,22.4,2016,ND,ND,3,14,701,17,84.8,,,25,0,3,0,,0,9,27,22,1.1,,,21,26,96,43,140,,,48,57,24,1157,2.2,1.1
3166,Nicolás De La Cruz,URU,MF,Flamengo,Série A,26,11.2,1010,ND,ND,3,16,523,6,82.0,,,11,2,5,2,,2,8,37,13,1.6,,,22,18,104,35,66,,,20,28,14,898,2.5,1.6
3167,Giorgian De Arrascaeta,URU,MF,Flamengo,Série A,29,11.2,1007,ND,ND,5,13,430,3,77.5,,,21,0,10,5,,5,4,27,23,2.2,,,30,19,80,91,46,,,16,20,12,748,2.7,2.2
3168,David,BRA,FW,Vasco da Gama,Série A,28,17.6,1588,ND,ND,3,10,415,10,74.7,,,26,1,7,4,,4,9,20,55,1.8,,,17,41,48,127,93,,,21,30,15,669,1.9,1.8
3169,Lucas Cunha,BRA,DF,RB Bragantino,Série A,27,8.7,782,ND,ND,0,9,179,52,80.9,,,0,0,0,0,,0,4,1,2,0.1,,,0,0,22,0,16,,,9,13,7,409,0.1,0.1
3170,Cuiabano,BRA,DF,2 Teams,Série A,20,18.2,1639,ND,ND,1,25,492,54,67.4,,,13,0,5,4,,4,28,10,22,1.8,,,16,37,50,133,73,,,52,80,34,1118,1.4,1.8
3171,Víctor Cuesta,ARG,DF,Bahia,Série A,35,5.6,506,ND,ND,0,7,286,23,91.3,,,1,0,0,0,,0,5,0,4,0.2,,,0,1,14,1,19,,,12,17,9,423,0.0,0.2
3172,Tomás Cuello,ARG,FWMF,Ath Paranaense,Série A,23,22.3,2010,ND,ND,5,35,706,12,69.4,,,41,0,8,3,,3,21,43,47,2.8,,,30,102,88,188,128,,,36,57,21,1177,4.2,2.8
3173,João Cruz,BRA,MFFW,Ath Paranaense,Série A,17,9.3,838,ND,ND,2,10,277,5,71.7,,,14,0,3,1,,1,6,23,23,0.7,,,10,22,37,61,40,,,17,23,5,506,1.0,0.7
3174,Alejo Cruz,URU,FWMF,Atl Goianiense,Série A,23,24.0,2156,ND,ND,2,24,713,28,69.6,,,17,0,4,1,,2,21,68,45,1.7,,,35,69,115,151,96,,,37,58,24,1322,3.7,2.4
3175,Franco Cristaldo,ARG,MFFW,Grêmio,Série A,27,23.7,2136,ND,ND,2,20,741,15,76.2,,,25,0,8,5,,6,13,69,50,4.4,,,34,31,157,128,113,,,36,49,24,1436,5.5,5.2
3176,Philippe Coutinho,BRA,MF,Vasco da Gama,Série A,31,7.4,667,ND,ND,1,7,348,0,78.8,,,10,0,3,2,,2,4,11,21,2.3,,,14,28,60,29,34,,,9,13,5,531,1.0,2.3
3177,Diego Costa,ESP,FW,Grêmio,Série A,35,5.3,478,ND,ND,2,5,122,5,77.1,,,15,0,3,1,,1,1,7,15,0.9,,,3,8,11,32,11,,,6,7,1,197,0.5,0.9
3178,Igor Coronado,BRA,MFFW,Corinthians,Série A,31,15.3,1378,ND,ND,2,27,671,13,73.6,,,33,0,3,1,,1,10,42,46,1.1,,,34,72,114,90,58,,,33,43,18,1094,4.0,1.1
3179,Mateus Cocão,BRA,MF,Vasco da Gama,Série A,21,24.0,2156,ND,ND,2,40,812,21,86.7,,,30,1,4,2,,2,38,11,30,0.7,,,11,20,114,38,147,,,80,118,46,1485,1.0,0.7
3180,Clayton,BRA,DF,Internacional,Série A,23,5.9,535,ND,ND,0,4,199,30,85.8,,,0,1,0,0,,0,6,2,2,0.2,,,0,1,15,0,22,,,4,10,3,374,0.3,0.2
3181,Clayson,BRA,FWMF,Cuiabá,Série A,28,22.7,2043,ND,ND,1,27,594,20,69.1,,,28,1,6,5,,5,7,19,59,2.6,,,20,56,75,120,75,,,11,18,8,1008,1.2,2.6
3182,Claudinho,BRA,DF,Criciúma,Série A,23,22.7,2047,ND,ND,3,40,647,48,79.1,,,20,0,5,2,,2,26,39,28,1.1,,,23,43,113,101,117,,,58,84,39,1373,3.6,1.1
3183,Eliel Chrystian,BRA,FWMF,Cuiabá,Série A,21,5.7,510,ND,ND,0,6,86,9,67.1,,,6,0,2,2,,2,2,2,15,2.2,,,1,8,4,30,14,,,9,11,7,155,0.1,2.2
3184,Christian,BRA,MFFW,Ath Paranaense,Série A,23,16.7,1507,ND,ND,0,15,386,11,79.5,,,9,0,1,1,,1,12,14,30,1.8,,,11,15,58,102,45,,,27,39,15,664,1.8,1.8
3185,Murilo Cerqueira,BRA,DF,Palmeiras,Série A,26,24.2,2175,ND,ND,0,21,777,100,82.6,,,2,0,1,1,,1,25,6,15,1.5,,,6,25,127,2,93,,,38,63,24,1403,0.4,1.5
3186,Gabriel Carvalho,BRA,FWMF,Internacional,Série A,16,14.5,1301,ND,ND,3,37,516,8,79.0,,,24,1,4,1,,1,5,27,36,3.2,,,21,50,61,168,70,,,29,34,18,888,4.0,3.2
3187,Ronie Carrillo,ECU,FW,Juventude,Série A,27,7.5,678,ND,ND,0,3,105,8,62.0,,,10,0,1,1,,1,2,5,21,1.0,,,6,6,10,29,17,,,4,6,3,225,0.3,1.0
3188,André Carrillo,PER,MF,Corinthians,Série A,32,8.1,730,ND,ND,2,11,404,7,88.8,,,12,0,2,0,,0,8,10,9,0.2,,,10,13,66,25,38,,,23,31,13,583,2.2,0.2
3189,Jean Carlos Vicente,BRA,MFFW,Juventude,Série A,31,11.5,1031,ND,ND,2,6,278,4,62.7,,,8,0,6,4,,4,6,25,25,1.7,,,17,26,52,38,39,,,8,14,4,506,2.7,1.7
3190,Jan Carlos Hurtado,VEN,FW,Atl Goianiense,Série A,23,9.6,865,ND,ND,0,8,139,8,78.8,,,20,0,2,2,,2,2,6,34,1.7,,,2,9,15,41,17,,,12,14,9,285,0.6,1.7
3191,Antonio Carlos,BRA,DF,Fluminense,Série A,30,12.0,1080,ND,ND,0,12,533,73,87.1,,,1,1,0,0,,0,20,6,4,0.2,,,3,8,40,2,40,,,6,26,4,882,0.2,0.2
3192,Carlinhos,BRA,FW,Flamengo,Série A,26,4.7,423,ND,ND,0,0,57,5,60.3,,,7,0,2,2,,2,0,3,11,2.4,,,0,6,1,21,6,,,5,5,1,116,0.1,2.4
3193,Edson Carioca,BRA,FW,Juventude,Série A,26,8.2,740,ND,ND,2,18,151,6,60.4,,,22,0,5,3,,3,6,4,21,1.8,,,3,19,23,59,38,,,22,28,14,278,0.3,1.8
3194,Tomás Cardona,ARG,DF,Fortaleza,Série A,28,15.9,1435,ND,ND,0,37,491,97,77.6,,,0,4,1,1,,1,29,0,7,0.5,,,1,11,50,0,36,,,26,55,17,956,0.0,0.5
3195,Felipe Carballo,URU,MF,Grêmio,Série A,27,5.3,478,ND,ND,0,5,164,9,82.1,,,9,0,0,0,,0,4,2,3,0.4,,,0,8,28,25,30,,,15,19,10,311,0.0,0.4
3196,Juninho Capixaba,BRA,DFMF,RB Bragantino,Série A,26,20.8,1872,ND,ND,0,27,677,73,75.1,,,17,2,2,2,,2,33,14,29,1.5,,,9,35,90,73,95,,,62,95,43,1420,0.7,1.5
3197,Agustín Canobbio,URU,FWMF,Ath Paranaense,Série A,25,13.5,1215,ND,ND,1,22,408,8,76.5,,,29,0,5,4,,4,4,23,39,3.5,,,24,47,57,136,71,,,30,34,19,617,2.5,3.5
3198,Germán Cano,ARG,FW,Fluminense,Série A,35,17.9,1611,ND,ND,0,4,211,10,76.8,,,13,1,4,4,,4,1,12,34,5.7,,,4,4,20,41,33,,,9,10,5,440,1.6,5.7
3199,Luan Cândido,BRA,DF,RB Bragantino,Série A,22,21.7,1953,ND,ND,0,27,515,103,80.0,,,5,1,1,0,,1,32,4,16,0.8,,,3,7,50,16,54,,,41,73,28,1145,0.1,1.5
3200,Camutanga,BRA,DF,Vitória,Série A,30,5.0,449,ND,ND,0,7,130,19,84.0,,,0,0,0,0,,0,2,0,0,0.2,,,0,0,10,1,14,,,8,10,5,236,0.0,0.2
3201,Joel Campbell,CRC,MFFW,Atl Goianiense,Série A,31,6.2,558,ND,ND,0,3,251,2,80.1,,,12,0,2,1,,2,2,9,13,1.0,,,15,23,54,41,30,,,13,15,10,363,0.5,1.8
3202,Patric Calmon PK,BRA,DF,Vitória,Série A,29,6.0,540,ND,ND,1,7,193,16,76.1,,,5,0,1,0,,0,15,4,8,0.1,,,5,17,24,37,22,,,10,25,5,347,0.7,0.1
3203,Jonathan Calleri,ARG,FW,São Paulo,Série A,30,22.7,2047,ND,ND,4,8,319,18,65.8,,,30,0,9,5,,5,3,19,45,5.6,,,10,24,28,112,26,,,11,14,9,597,1.3,5.6
3204,Jonathan Cafu,BRA,FWMF,Cuiabá,Série A,32,15.5,1392,ND,ND,2,10,384,10,73.1,,,34,0,3,1,,1,9,14,47,2.3,,,17,39,43,125,71,,,22,31,15,614,1.2,2.3
3205,Cadu,BRA,FWDF,Atlético Mineiro,Série A,19,11.2,1008,ND,ND,0,8,213,9,79.1,,,17,0,3,3,,3,9,4,23,1.9,,,1,13,16,65,29,,,29,38,19,373,0.1,1.9
3206,Raúl Cáceres,PAR,DF,Vitória,Série A,32,18.8,1695,ND,ND,3,16,422,54,70.0,,,5,0,3,0,,0,14,23,8,0.1,,,22,50,49,111,48,,,39,53,18,920,2.4,0.1
3207,Cacá,BRA,DF,Corinthians,Série A,24,25.5,2298,ND,ND,1,44,849,109,88.3,,,5,2,5,4,,4,13,6,8,4.3,,,2,9,45,1,71,,,28,41,15,1420,0.2,4.3
3208,Fabricio Bustos,ARG,DF,Internacional,Série A,27,9.6,864,ND,ND,1,10,399,29,82.4,,,12,0,2,1,,1,11,16,16,0.7,,,13,12,63,64,43,,,38,49,23,718,0.8,0.7
3209,Fabrício Bruno,BRA,DF,Flamengo,Série A,27,25.7,2310,ND,ND,0,21,1065,117,90.8,,,0,0,1,1,,1,14,6,4,0.7,,,3,11,115,6,88,,,30,44,19,1790,0.2,0.7
3210,Emanuel Brítez,ARG,DF,Fortaleza,Série A,31,27.8,2503,ND,ND,2,33,592,125,75.0,,,9,1,2,0,,0,37,9,16,1.2,,,5,12,64,23,95,,,60,97,42,1338,1.9,1.2
3211,Breno,BRA,MF,Corinthians,Série A,18,19.8,1780,ND,ND,0,27,639,28,85.6,,,27,0,0,0,,0,21,16,24,1.4,,,12,24,118,55,96,,,42,63,23,1098,1.0,1.4
3212,Breno,BRA,FWMF,2 Teams,Série A,28,21.1,1897,ND,ND,3,14,620,12,78.7,,,29,0,8,5,,5,5,18,38,4.5,,,10,81,43,163,83,,,12,17,5,895,1.3,4.5
3213,Martin Braithwaite,DEN,FW,Grêmio,Série A,32,16.2,1462,ND,ND,2,6,265,19,73.8,,,21,0,10,8,,8,1,13,47,5.6,,,11,19,31,78,39,,,9,10,6,477,1.4,5.6
3214,Danilo Boza,BRA,DF,Juventude,Série A,25,31.4,2829,ND,ND,1,40,1219,130,90.0,,,4,1,4,3,,3,33,4,12,2.9,,,4,20,88,10,104,,,24,57,13,1999,0.3,2.9
3215,Rafael Borré,COL,FW,Internacional,Série A,28,20.8,1870,ND,ND,3,13,376,17,75.8,,,21,0,12,9,,9,3,18,73,12.1,,,19,19,42,128,59,,,20,23,14,698,1.0,12.9
3216,Pedro Borges,BRA,MF,Fortaleza,Série A,26,13.0,1168,ND,ND,1,22,289,40,80.7,,,6,0,1,0,,0,21,4,17,0.1,,,1,2,51,9,64,,,58,79,31,675,0.2,0.1
3217,Marllon Borges,BRA,DF,Cuiabá,Série A,31,32.0,2881,ND,ND,0,51,748,162,85.7,,,3,1,1,1,,1,34,3,5,1.2,,,1,4,56,1,111,,,46,80,33,1578,0.4,1.2
3218,Thiago Borbas,URU,FW,RB Bragantino,Série A,21,10.6,956,ND,ND,0,8,138,14,62.8,,,22,0,2,2,,2,2,7,29,2.0,,,5,2,12,40,22,,,7,9,4,273,0.3,2.0
3219,Yannick Bolasie,COD,FW,Criciúma,Série A,34,26.4,2377,ND,ND,4,19,476,14,68.0,,,38,0,12,8,,8,4,20,65,7.4,,,16,63,55,172,71,,,26,30,18,796,1.8,7.4
3220,Damián Bobadilla,PAR,MF,São Paulo,Série A,22,11.5,1031,ND,ND,0,16,413,6,90.7,,,7,1,1,1,,1,8,13,8,0.9,,,11,7,60,14,58,,,34,42,18,712,0.8,0.9
3221,Biel,BRA,FWMF,Bahia,Série A,22,10.0,904,ND,ND,4,6,307,10,76.1,,,6,0,9,5,,5,10,21,24,4.5,,,17,37,41,100,28,,,9,19,7,454,3.4,4.5
3222,Matheus Bidu,BRA,DF,Corinthians,Série A,24,16.7,1500,ND,ND,1,20,668,42,85.4,,,14,0,3,2,,2,30,16,23,1.1,,,17,35,63,71,110,,,35,65,18,1162,0.9,1.1
3223,Bernard,BRA,MFFW,Atlético Mineiro,Série A,31,10.0,900,ND,ND,0,7,357,9,81.1,,,11,0,0,0,,0,3,21,25,0.5,,,14,28,61,70,47,,,20,23,11,586,1.8,0.5
3224,Facundo Bernal,URU,MF,Fluminense,Série A,20,10.5,943,ND,ND,0,12,355,20,86.5,,,12,0,0,0,,0,8,3,7,0.4,,,1,3,51,9,49,,,26,34,11,637,0.1,0.4
3225,Alexandro Bernabei,ARG,DF,Internacional,Série A,23,22.9,2063,ND,ND,5,26,832,40,76.7,,,18,0,8,3,,3,49,40,41,1.4,,,30,58,114,97,118,,,56,105,36,1662,4.9,1.4
3226,Ramiro Benetti,BRA,MF,Cruzeiro,Série A,30,16.0,1436,ND,ND,0,19,440,26,81.1,,,10,0,2,2,,2,20,5,21,1.1,,,8,9,57,43,57,,,29,49,20,915,0.7,1.1
3227,Lucas Belezi,BRA,DF,Ath Paranaense,Série A,20,8.8,793,ND,ND,0,13,142,65,75.6,,,0,0,1,1,,1,13,1,3,0.8,,,1,3,15,3,19,,,14,27,6,369,0.1,0.8
3228,José Luis Rodríguez Bebanz,URU,DFFW,Vasco da Gama,Série A,26,12.5,1123,ND,ND,2,15,379,47,70.7,,,13,1,3,1,,1,11,16,13,0.7,,,16,38,51,108,47,,,20,31,14,752,2.1,0.7
3229,Rodrigo Battaglia,ARG,DFMF,Atlético Mineiro,Série A,32,25.4,2285,ND,ND,0,30,1022,106,88.6,,,0,2,0,0,,0,15,6,17,0.4,,,4,21,78,6,89,,,38,53,20,1804,0.1,0.4
3230,Bastos,ANG,DF,Botafogo (RJ),Série A,32,29.2,2628,ND,ND,0,27,1132,112,90.8,,,4,1,3,3,,3,31,6,13,1.7,,,3,12,111,7,117,,,32,63,26,1925,0.1,1.7
3231,Barreto,BRA,MF,Criciúma,Série A,28,25.3,2281,ND,ND,2,51,546,36,84.3,,,25,0,4,2,,2,18,17,25,3.1,,,12,18,92,35,138,,,58,76,40,1138,0.9,3.1
3232,Álvaro Barreal,ARG,MFFW,Cruzeiro,Série A,23,16.5,1488,ND,ND,4,40,620,19,76.7,,,18,1,6,2,,2,7,26,29,2.4,,,24,29,69,113,72,,,38,45,24,1064,1.6,2.4
3233,Alexander Barboza,ARG,DF,Botafogo (RJ),Série A,28,22.6,2033,ND,ND,1,27,776,121,81.5,,,8,0,1,0,,0,30,9,13,1.4,,,3,14,90,7,106,,,30,60,16,1470,1.0,1.4
3234,Lucas Barbosa,BRA,FW,Juventude,Série A,22,27.1,2443,ND,ND,2,59,692,21,68.7,,,31,1,9,7,,7,19,28,63,6.4,,,29,61,103,165,103,,,68,87,40,1223,3.4,6.4
3235,Gabriel Barbosa,BRA,FWMF,Flamengo,Série A,27,8.4,754,ND,ND,1,2,166,0,85.1,,,3,0,5,2,,4,0,9,12,3.6,,,11,17,24,42,14,,,5,5,3,252,0.9,5.2
3236,Diogo Barbosa,BRA,DF,Fluminense,Série A,31,20.5,1849,ND,ND,0,8,765,48,83.7,,,12,0,0,0,,0,15,17,19,0.1,,,18,42,114,80,85,,,37,52,26,1406,1.3,0.1
3237,Danilo Barbosa,BRA,MF,Botafogo (RJ),Série A,27,12.8,1153,ND,ND,1,15,364,38,83.5,,,14,0,4,3,,3,25,7,16,1.3,,,4,9,53,13,70,,,29,54,22,742,0.4,1.3
3238,Gabriel Baralhas,BRA,MF,Atl Goianiense,Série A,25,27.2,2452,ND,ND,3,41,662,31,82.4,,,16,2,4,1,,1,39,29,33,2.4,,,19,22,121,59,130,,,56,95,32,1375,2.4,2.4
3239,Renato Augusto,BRA,MFFW,Fluminense,Série A,35,4.9,442,ND,ND,1,1,187,3,84.7,,,5,0,2,1,,1,5,5,8,0.7,,,4,8,21,17,18,,,14,19,8,322,0.8,0.7
3240,Filipe Augusto,BRA,MF,Cuiabá,Série A,30,9.4,844,ND,ND,0,16,264,24,86.3,,,9,0,0,0,,0,11,2,10,0.3,,,2,5,32,6,39,,,16,27,8,540,0.1,0.3
3241,Arthur,BRA,FW,Cruzeiro,Série A,25,14.1,1273,ND,ND,1,8,413,6,78.4,,,22,0,3,2,,2,3,10,32,1.6,,,16,48,35,130,41,,,16,19,10,597,0.8,1.6
3242,Arthur,BRA,FW,Criciúma,Série A,31,18.6,1671,ND,ND,1,13,242,18,69.8,,,18,0,6,5,,5,1,21,53,5.0,,,7,12,26,87,41,,,6,7,2,502,1.7,5.0
3243,Santiago Arias,COL,DF,Bahia,Série A,32,20.9,1884,ND,ND,1,14,784,47,82.2,,,11,1,1,0,,0,20,29,10,0.6,,,41,57,115,185,94,,,43,63,32,1465,3.1,0.6
3244,Jhon Arias,COL,FW,Fluminense,Série A,26,26.4,2376,ND,ND,3,36,1002,13,84.1,,,59,0,10,7,,7,13,47,60,5.1,,,19,94,92,215,134,,,50,63,28,1609,3.4,6.7
3245,Robert Arboleda,ECU,DF,São Paulo,Série A,32,25.1,2256,ND,ND,0,28,1065,99,91.1,,,0,3,2,2,,2,23,5,4,1.4,,,2,2,45,3,86,,,31,54,19,1804,0.5,1.4
3246,Alexander Aravena,CHI,FWMF,Grêmio,Série A,21,8.6,770,ND,ND,2,2,175,7,77.0,,,15,0,4,2,,2,3,9,15,2.2,,,8,22,15,65,35,,,4,7,4,256,1.1,2.2
3247,Michel Araujo,URU,DFFW,São Paulo,Série A,27,9.5,858,ND,ND,1,10,365,15,85.1,,,18,0,1,0,,0,7,14,21,1.2,,,12,22,45,50,61,,,27,34,18,643,1.7,1.2
3248,Luiz Araújo,BRA,FWMF,Flamengo,Série A,27,17.4,1566,ND,ND,5,25,532,14,72.6,,,25,0,9,4,,4,20,34,36,3.1,,,19,54,74,126,81,,,37,57,25,890,4.6,3.1
3249,Guilherme Arana,BRA,DF,Atlético Mineiro,Série A,26,14.5,1303,ND,ND,1,13,754,18,83.6,,,3,0,2,1,,1,18,20,8,0.6,,,23,43,94,113,72,,,21,39,15,1249,1.0,0.6
3250,Marcos Antônio,BRA,MF,São Paulo,Série A,23,9.4,844,ND,ND,0,11,399,16,93.9,,,2,0,0,0,,0,5,9,13,0.1,,,3,10,50,13,52,,,9,14,6,645,0.3,0.1
3251,Wilker Ángel,VEN,DF,Criciúma,Série A,30,10.9,985,ND,ND,0,27,223,67,79.1,,,2,1,1,1,,1,13,2,3,0.6,,,0,1,15,3,13,,,10,23,6,492,0.0,0.6
3252,José Andrés Martínez,VEN,MF,Corinthians,Série A,29,7.0,633,ND,ND,0,7,199,12,80.5,,,6,0,0,0,,0,11,4,8,0.0,,,3,6,25,5,46,,,17,28,10,393,0.1,0.0
3253,André,BRA,MF,Fluminense,Série A,22,11.9,1072,ND,ND,1,16,516,14,94.3,,,12,0,1,0,,0,15,6,11,0.1,,,0,9,64,7,87,,,24,39,16,847,0.1,0.1
3254,Kervin Andrade,VEN,MF,Fortaleza,Série A,18,5.4,484,ND,ND,1,7,133,3,67.3,,,13,0,2,1,,1,4,15,18,1.1,,,4,6,17,39,30,,,3,7,2,228,1.1,1.1
3255,Felipe Anderson,BRA,FW,Palmeiras,Série A,30,14.6,1310,ND,ND,2,25,447,19,73.8,,,19,0,4,2,,2,13,32,26,2.8,,,23,46,57,122,71,,,35,48,24,866,4.3,2.8
3256,Júnior Alonso,PAR,DF,Atlético Mineiro,Série A,30,11.6,1046,ND,ND,0,6,507,41,87.3,,,2,0,1,1,,1,14,4,6,0.3,,,3,16,50,5,48,,,18,32,10,901,0.0,0.3
3257,Thiago Almada,ARG,FWMF,Botafogo (RJ),Série A,22,13.9,1252,ND,ND,2,7,682,3,84.2,,,26,2,3,1,,1,6,43,27,2.6,,,50,65,112,108,80,,,12,18,6,1037,2.6,3.4
3258,Allano,BRA,FWMF,Criciúma,Série A,28,14.4,1296,ND,ND,2,23,453,7,80.0,,,41,0,3,1,,1,3,19,57,2.1,,,18,62,59,134,72,,,30,33,20,725,1.9,2.1
3259,Allan,BRA,MF,Flamengo,Série A,26,15.7,1412,ND,ND,0,15,600,20,87.9,,,5,1,0,0,,0,22,11,15,0.3,,,7,16,75,10,62,,,30,52,15,1012,0.5,0.3
3260,Alisson,BRA,MF,São Paulo,Série A,30,17.9,1609,ND,ND,2,14,920,13,90.4,,,12,0,3,1,,1,16,14,14,0.6,,,7,21,114,28,102,,,29,45,19,1435,0.6,0.6
3261,Alisson,BRA,DFFW,Atlético Mineiro,Série A,18,9.9,890,ND,ND,0,6,353,5,72.5,,,9,0,1,1,,1,5,14,29,2.4,,,13,43,34,107,52,,,16,21,13,526,1.1,2.4
3262,Alexsander,BRA,MF,Fluminense,Série A,20,8.8,791,ND,ND,1,13,335,9,85.8,,,17,0,1,0,,0,9,7,23,0.4,,,8,15,36,24,50,,,24,33,12,598,0.9,0.4
3263,Matheus Alexandre,BRA,DF,Cuiabá,Série A,24,27.4,2464,ND,ND,0,38,689,79,77.5,,,19,0,1,1,,1,38,14,32,0.4,,,12,37,86,68,97,,,60,98,40,1541,0.7,0.4
3264,Caio Alexandre,BRA,MF,Bahia,Série A,24,30.8,2774,ND,ND,0,27,1748,18,91.2,,,30,1,2,2,,2,9,33,39,1.1,,,22,80,236,52,143,,,59,68,29,2581,2.3,1.1
3265,Alerrandro,BRA,FW,Vitória,Série A,24,26.5,2387,ND,ND,4,29,393,26,69.7,,,33,0,19,11,,15,13,33,57,7.8,,,13,16,55,87,92,,,24,37,15,785,2.8,11.0
3266,Carlos Alcaraz,ARG,MFFW,Flamengo,Série A,21,8.3,751,ND,ND,1,13,322,5,78.6,,,16,0,3,0,,2,5,17,24,1.4,,,8,26,39,42,52,,,20,25,11,551,0.6,3.3
3267,Yuri Alberto,BRA,FW,Corinthians,Série A,22,24.4,2197,ND,ND,4,11,419,13,72.1,,,34,0,19,12,,15,8,22,60,8.3,,,13,52,31,172,67,,,10,18,5,676,1.9,10.7
3268,Lucas Alario,ARG,FWMF,Internacional,Série A,31,7.1,638,ND,ND,0,2,72,14,72.6,,,9,0,0,0,,0,1,3,18,1.9,,,1,0,7,22,13,,,5,6,1,185,0.1,1.9
3269,Adson,BRA,FW,Vasco da Gama,Série A,23,13.6,1224,ND,ND,1,15,478,9,84.9,,,16,0,3,2,,2,6,21,30,1.5,,,19,42,72,80,73,,,25,31,20,792,2.6,1.5
3270,Adryelson,BRA,DF,Botafogo (RJ),Série A,25,6.4,580,ND,ND,0,5,271,34,91.6,,,0,1,1,1,,1,10,1,2,0.2,,,0,2,22,0,13,,,4,14,3,470,0.3,0.2
3271,Wéverton,BRA,GK,Palmeiras,Série A,36,37.0,3330,ND,ND,1,0,686,7,69.5,16.0,43.2,1,1,1,0,31.0,0,0,2,0,0.0,1.0,0.0,3,0,0,0,41,79.9,119.0,1,1,1,1210,0.3,0.0
3272,Walter,BRA,GK,Cuiabá,Série A,36,36.0,3240,ND,ND,0,0,556,12,74.8,9.0,25.0,0,5,0,0,47.0,0,0,1,2,0.0,6.0,1.0,1,0,0,0,33,76.4,126.0,1,1,0,1129,0.0,0.0
3273,Hugo Souza,BRA,GK,Corinthians,Série A,25,22.0,1980,ND,ND,0,0,338,8,75.1,7.0,31.8,1,1,0,0,23.0,0,0,0,2,0.0,4.0,0.0,0,1,1,0,21,80.2,73.0,0,0,0,652,0.0,0.0
3274,Cleiton Schwengber,BRA,GK,RB Bragantino,Série A,26,30.0,2699,ND,ND,0,1,561,20,69.0,5.0,16.1,0,1,0,0,37.0,0,0,0,2,0.0,1.0,2.0,0,0,1,0,35,75.0,106.0,1,1,0,1071,0.0,0.0
3275,Agustín Rossi,ARG,GK,Flamengo,Série A,28,35.0,3150,ND,ND,0,0,767,6,79.0,8.0,22.9,1,1,0,0,39.0,0,1,2,2,0.0,2.0,2.0,0,0,3,0,34,69.2,80.0,1,2,1,1253,0.1,0.0
3276,Sergio Rochet,URU,GK,Internacional,Série A,30,28.0,2520,ND,ND,0,0,410,20,66.8,8.0,28.6,0,2,0,0,27.0,0,0,0,2,0.0,3.0,0.0,0,0,0,0,36,76.0,73.0,1,1,1,798,0.0,0.0
3277,João Ricardo Riedi,BRA,GK,Fortaleza,Série A,35,38.0,3420,ND,ND,0,0,510,10,65.3,13.0,34.2,0,3,0,0,39.0,0,0,1,2,0.0,5.0,0.0,0,0,0,0,26,82.6,156.0,2,2,1,1101,0.0,0.0
3278,Pedro Rangel,BRA,GK,Atl Goianiense,Série A,23,6.0,540,ND,ND,0,0,124,3,72.3,1.0,16.7,0,2,0,0,12.0,0,0,0,0,0.0,2.0,0.0,0,0,0,0,10,70.6,22.0,0,0,0,213,0.0,0.0
3279,Rafael Pires,BRA,GK,São Paulo,Série A,34,25.0,2250,ND,ND,0,0,363,5,81.9,8.0,32.0,0,1,0,0,27.0,0,0,0,0,0.0,2.0,0.0,0,0,1,0,15,72.8,67.0,0,0,0,710,0.0,0.0
3280,Mycael,BRA,GK,Ath Paranaense,Série A,19,17.4,1565,ND,ND,0,0,196,10,65.2,4.0,23.5,0,1,0,0,21.0,0,0,1,1,0.0,0.0,2.0,0,0,0,0,6,74.7,60.0,0,0,0,461,0.0,0.0
3281,Carlos Miguel,BRA,GK,Corinthians,Série A,25,6.0,540,ND,ND,0,0,104,2,79.5,2.0,33.3,0,1,0,0,7.0,0,0,1,0,0.0,1.0,0.0,1,0,0,0,6,79.3,24.0,0,0,0,201,0.1,0.0
3282,Matheus Mendes,BRA,GK,Atlético Mineiro,Série A,24,12.1,1087,ND,ND,0,0,176,10,83.4,1.0,8.3,0,0,0,0,22.0,0,0,0,0,0.0,1.0,1.0,0,0,0,0,13,68.7,44.0,0,0,0,372,0.0,0.0
3283,Agustín Marchesín,ARG,GK,Grêmio,Série A,35,27.5,2475,ND,ND,0,1,414,7,63.4,7.0,25.0,0,1,0,0,32.0,0,0,0,0,0.0,6.0,2.0,0,0,1,0,17,80.5,100.0,1,1,0,898,0.0,0.0
3284,Lucão,BRA,GK,RB Bragantino,Série A,22,7.0,631,ND,ND,0,0,95,4,66.5,1.0,16.7,0,0,0,0,9.0,0,0,1,0,0.0,0.0,0.0,1,0,0,0,5,71.9,23.0,0,0,0,215,0.4,0.0
3285,Leonardo Linck,BRA,GK,Ath Paranaense,Série A,22,13.6,1223,ND,ND,0,0,207,8,73.2,1.0,7.1,0,2,0,0,21.0,0,0,2,0,0.0,0.0,0.0,0,0,1,0,10,67.7,44.0,0,0,0,387,0.5,0.0
3286,John,BRA,GK,Botafogo (RJ),Série A,27,34.0,3060,ND,ND,0,1,655,17,79.3,16.0,47.1,0,1,0,0,25.0,0,0,0,1,0.0,5.0,1.0,0,0,2,0,41,82.9,91.0,0,0,0,1158,0.0,0.0
3287,Léo Jardim,BRA,GK,Vasco da Gama,Série A,28,38.0,3420,ND,ND,0,0,554,15,71.5,8.0,21.1,0,3,0,0,56.0,0,0,0,1,0.0,0.0,0.0,0,0,0,0,35,72.4,147.0,0,0,0,1134,0.0,0.0
3288,Jandrei,BRA,GK,São Paulo,Série A,30,13.0,1170,ND,ND,0,1,330,5,77.5,4.0,30.8,0,3,0,0,16.0,0,0,0,1,0.0,1.0,0.0,0,0,0,0,6,73.2,41.0,0,0,0,543,0.0,0.0
3289,Gustavo,BRA,GK,Criciúma,Série A,30,33.3,2997,ND,ND,0,0,462,7,70.4,6.0,17.6,0,3,0,0,54.0,0,0,1,1,0.1,4.0,2.0,0,0,0,0,25,71.3,119.0,0,0,0,965,0.0,0.1
3290,Marcos Felipe,BRA,GK,Bahia,Série A,27,33.3,2996,ND,ND,0,0,782,24,84.0,9.0,26.5,1,4,0,0,43.0,0,0,0,2,0.0,2.0,1.0,0,0,2,0,45,72.7,106.0,2,2,1,1367,0.0,0.0
3291,Fabrício,BRA,GK,Internacional,Série A,38,8.0,720,ND,ND,0,0,124,2,66.3,3.0,37.5,0,0,0,0,8.0,0,0,0,0,0.0,1.0,0.0,0,0,0,0,10,79.4,26.0,0,0,0,221,0.0,0.0
3292,Fábio,BRA,GK,Fluminense,Série A,43,37.0,3330,ND,ND,0,0,502,22,74.6,13.0,35.1,0,4,0,0,37.0,0,3,0,1,0.0,4.0,0.0,0,0,0,0,40,80.4,131.0,2,5,1,1015,0.0,0.0
3293,Éverson,BRA,GK,Atlético Mineiro,Série A,33,24.9,2242,ND,ND,0,0,431,9,79.6,8.0,32.0,0,1,0,0,31.0,0,0,0,2,0.0,4.0,1.0,0,0,2,0,34,71.6,64.0,1,1,1,851,0.0,0.0
3294,Matheus Donelli,BRA,GK,Corinthians,Série A,21,7.0,630,ND,ND,0,0,107,1,74.2,0.0,0.0,0,0,0,0,12.0,0,0,0,0,0.0,1.0,1.0,0,0,0,0,10,72.5,27.0,0,0,0,215,0.0,0.0
3295,Mateus Claus,BRA,GK,Juventude,Série A,29,4.5,406,ND,ND,0,0,66,2,67.3,0.0,0.0,0,2,0,0,10.0,0,0,0,0,0.0,0.0,0.0,0,0,0,0,8,69.7,23.0,0,0,0,167,0.0,0.0
3296,Cássio,BRA,GK,2 Teams,Série A,36,24.0,2160,ND,ND,0,0,381,3,84.2,7.0,29.2,1,1,0,0,22.0,0,1,1,0,0.0,1.0,0.0,0,0,2,1,19,81.7,93.0,1,2,1,713,0.0,0.0
3297,Caíque,BRA,GK,Grêmio,Série A,26,5.4,488,ND,ND,0,0,66,1,56.5,0.0,0.0,0,0,0,0,10.0,0,0,0,0,0.0,1.0,0.0,0,0,0,0,1,66.7,18.0,0,0,0,146,0.0,0.0
3298,Rafael Cabral,BRA,GK,Grêmio,Série A,33,5.1,457,ND,ND,0,0,82,0,66.7,1.0,20.0,0,0,0,0,8.0,0,0,0,0,0.0,1.0,0.0,0,0,0,0,5,69.6,15.0,0,0,0,161,0.0,0.0
3299,Bento,BRA,GK,Ath Paranaense,Série A,24,7.0,630,ND,ND,0,0,97,1,70.8,4.0,57.1,0,0,0,0,4.0,0,0,0,0,0.0,0.0,1.0,0,0,0,0,4,84.0,20.0,0,0,0,184,0.0,0.0
3300,Lucas Arcanjo,BRA,GK,Vitória,Série A,25,37.0,3330,ND,ND,0,0,701,9,70.9,8.0,21.6,0,3,0,0,52.0,0,1,1,0,0.0,3.0,0.0,0,0,0,1,31,69.8,112.0,3,4,0,1188,0.0,0.0
3301,Anderson,BRA,GK,Cruzeiro,Série A,25,17.0,1530,ND,ND,0,0,260,6,84.3,6.0,35.3,0,3,0,0,22.0,0,1,0,0,0.0,1.0,0.0,0,0,0,0,21,70.8,51.0,0,1,0,505,0.0,0.0
3302,Alisson,BRA,GK,Criciúma,Série A,28,4.7,421,ND,ND,0,0,75,2,61.7,0.0,0.0,0,0,0,0,7.0,0,0,0,0,0.0,0.0,0.0,0,0,0,0,6,72.0,18.0,0,0,0,164,0.0,0.0
3303,Bruno Zuculini,ARG,MF,Racing Club,Liga Profesional Argentina,30,12.1,1091,ND,ND,1,19,271,16,83.2,,,10,0,1,0,,0,18,14,13,0.9,,,3,5,53,7,54,,,29,47,16,624,0.5,0.9
3304,Kevin Zenon,ARG,MFFW,Boca Juniors,Liga Profesional Argentina,22,15.3,1379,ND,ND,1,17,450,5,69.6,,,26,0,3,2,,2,6,31,43,2.0,,,21,45,97,111,64,,,14,20,8,785,3.3,2.0
3305,Exequiel Zeballos,ARG,MFFW,Boca Juniors,Liga Profesional Argentina,21,11.6,1046,ND,ND,2,7,308,2,64.3,,,26,0,3,1,,1,3,11,40,3.3,,,9,45,23,102,38,,,8,11,5,443,1.8,3.3
3306,Maximiliano Zalazar,ARG,FWMF,Barracas Central,Liga Profesional Argentina,22,11.0,992,ND,ND,0,13,209,3,57.7,,,9,0,1,1,,1,6,5,23,1.6,,,10,33,24,67,33,,,11,17,6,344,0.2,1.6
3307,David Zalazar,ARG,FWMF,Gimnasia–LP,Liga Profesional Argentina,21,11.7,1053,ND,ND,0,11,290,17,56.0,,,10,0,1,1,,1,12,21,34,1.6,,,21,36,44,115,63,,,17,29,11,594,1.8,1.6
3308,Andrés Vombergar,SVN,FWMF,San Lorenzo,Liga Profesional Argentina,29,7.0,633,ND,ND,1,6,110,10,58.0,,,10,0,2,0,,1,3,10,19,0.9,,,3,1,7,36,19,,,5,8,5,254,0.5,1.7
3309,Emiliano Viveros,ARG,MFFW,Arg Juniors,Liga Profesional Argentina,21,9.0,806,ND,ND,2,7,292,6,70.8,,,22,0,2,0,,0,5,15,23,0.5,,,10,13,38,64,56,,,16,21,8,555,0.5,0.5
3310,Iván Villalba,PAR,DF,Ind. Rivadavia,Liga Profesional Argentina,29,18.6,1678,ND,ND,2,19,312,102,66.9,,,3,0,4,2,,2,20,7,11,1.2,,,2,4,42,6,48,,,25,45,16,852,0.8,1.2
3311,Carlos Villalba,ARG,MF,Platense,Liga Profesional Argentina,25,9.1,822,ND,ND,1,18,137,17,73.8,,,3,0,1,0,,0,19,4,8,0.2,,,2,1,39,12,37,,,35,54,17,427,0.6,0.2
3312,Rodrigo Villagra,ARG,MF,River Plate,Liga Profesional Argentina,22,11.1,997,ND,ND,1,14,305,10,86.9,,,15,1,1,0,,0,13,7,14,0.1,,,3,14,48,4,75,,,25,38,14,633,0.2,0.1
3313,Sebastián Villa,COL,FW,Ind. Rivadavia,Liga Profesional Argentina,27,21.6,1940,ND,ND,6,10,596,4,59.2,,,41,1,10,4,,4,5,42,68,2.6,,,35,95,73,195,87,,,12,17,8,918,4.4,3.4
3314,Gastón Verón,ARG,FWMF,Arg Juniors,Liga Profesional Argentina,22,10.0,901,ND,ND,0,3,238,8,69.0,,,35,0,0,0,,0,2,11,34,2.3,,,9,12,24,75,33,,,8,10,5,372,0.9,2.3
3315,Federico Vera,ARG,DF,2 Teams,Liga Profesional Argentina,25,15.2,1369,ND,ND,0,21,366,42,72.2,,,17,0,0,0,,0,18,11,23,0.2,,,12,21,54,49,86,,,37,55,22,836,0.7,0.2
3316,Pedro Velurtas,ARG,DF,Barracas Central,Liga Profesional Argentina,22,5.6,504,ND,ND,0,9,142,17,70.6,,,7,0,0,0,,0,10,3,18,0.1,,,2,8,11,23,27,,,11,21,5,346,0.1,0.1
3317,Juan Velazquez,ARG,DFMF,Belgrano,Liga Profesional Argentina,19,20.1,1808,ND,ND,3,26,521,36,66.9,,,19,0,3,0,,0,29,22,45,0.4,,,25,61,89,147,126,,,37,66,23,1016,2.4,0.4
3318,Gustavo Velásquez,PAR,DF,Newell's OB,Liga Profesional Argentina,32,23.0,2070,ND,ND,1,23,564,126,75.2,,,6,1,1,0,,0,39,2,19,1.0,,,2,13,77,6,95,,,36,75,22,1292,0.8,1.0
3319,Román Vega,ARG,DF,Arg Juniors,Liga Profesional Argentina,20,20.4,1832,ND,ND,0,21,655,45,70.3,,,14,0,0,0,,0,20,22,43,0.2,,,30,87,84,112,100,,,54,74,32,1278,1.6,0.2
3320,Kevin Vázquez,ARG,MF,Cen. Córdoba–SdE,Liga Profesional Argentina,22,23.2,2086,ND,ND,0,31,854,20,84.2,,,11,0,2,2,,2,24,15,26,1.3,,,11,15,175,23,178,,,47,71,29,1606,0.8,1.3
3321,Ignacio Vázquez,ARG,DF,Platense,Liga Profesional Argentina,26,24.0,2160,ND,ND,0,27,389,103,66.4,,,2,0,0,0,,0,32,7,13,0.5,,,4,15,74,8,109,,,49,81,36,1064,1.1,0.5
3322,Lautaro Vargas,ARG,DF,Unión,Liga Profesional Argentina,18,20.0,1798,ND,ND,2,26,487,29,66.4,,,18,0,2,0,,0,21,22,34,0.4,,,21,47,66,80,107,,,62,83,41,998,1.6,0.4
3323,Lucas Varaldo,ARG,FW,Cen. Córdoba–SdE,Liga Profesional Argentina,21,14.5,1308,ND,ND,2,14,268,20,70.8,,,21,0,5,2,,3,1,18,47,2.0,,,10,17,44,85,38,,,7,8,3,532,1.4,2.8
3324,Leonel Vangioni,ARG,DF,Newell's OB,Liga Profesional Argentina,36,7.2,645,ND,ND,0,8,189,21,75.9,,,3,0,0,0,,0,3,7,7,0.1,,,7,7,31,31,24,,,21,24,14,396,0.3,0.1
3325,Sebastián Valdez,ARG,DF,Cen. Córdoba–SdE,Liga Profesional Argentina,28,22.7,2039,ND,ND,0,19,671,98,81.3,,,9,1,0,0,,0,22,8,12,0.4,,,1,20,75,7,141,,,39,61,20,1349,0.2,0.4
3326,Agustín Urzi,ARG,MFFW,Racing Club,Liga Profesional Argentina,23,6.8,610,ND,ND,0,7,172,4,64.1,,,7,0,0,0,,0,2,13,26,1.0,,,5,15,21,58,26,,,7,9,3,303,1.9,1.0
3327,Mariano Troilo,ARG,DF,Belgrano,Liga Profesional Argentina,20,17.4,1570,ND,ND,0,21,448,140,81.7,,,6,3,1,1,,1,30,0,6,1.2,,,1,5,23,2,69,,,26,56,12,1009,0.0,1.2
3328,Nicolás Tripichio,ARG,DFMF,2 Teams,Liga Profesional Argentina,28,11.8,1064,ND,ND,1,12,360,28,72.3,,,6,0,1,0,,0,16,13,27,0.1,,,11,22,50,33,74,,,34,50,22,715,0.8,0.1
3329,Jonathan Torres,ARG,FWMF,Lanús,Liga Profesional Argentina,27,10.0,897,ND,ND,1,8,162,19,56.3,,,10,0,5,4,,4,1,13,41,2.2,,,3,2,20,33,20,,,10,11,7,382,1.3,2.2
3330,Diego Tonetto,ARG,MF,Ind. Rivadavia,Liga Profesional Argentina,35,6.9,620,ND,ND,1,12,143,23,69.0,,,0,1,1,0,,0,3,4,4,0.4,,,3,2,24,12,33,,,15,18,11,319,0.1,0.4
3331,Fernando Tobio,ARG,DF,Huracán,Liga Profesional Argentina,34,16.4,1476,ND,ND,0,15,366,89,78.1,,,1,0,1,1,,1,9,0,1,0.7,,,1,3,12,0,38,,,18,27,13,828,0.0,0.7
3332,Renzo Tesuri,ARG,MFDF,Atlé Tucumán,Liga Profesional Argentina,27,23.4,2108,ND,ND,3,38,465,22,66.6,,,20,0,9,6,,6,15,29,48,5.9,,,25,30,99,124,145,,,50,65,34,998,2.5,5.9
3333,Diego Tarzia,ARG,FWMF,Independiente,Liga Profesional Argentina,20,10.1,909,ND,ND,0,16,218,7,64.6,,,20,0,0,0,,0,5,14,37,1.0,,,11,9,25,46,43,,,11,16,9,384,1.3,1.0
3334,Cristian Tarragona,ARG,FW,2 Teams,Liga Profesional Argentina,32,16.5,1484,ND,ND,1,11,357,12,74.8,,,33,0,6,5,,5,2,16,73,7.0,,,8,13,18,99,49,,,15,17,11,634,1.8,7.0
3335,Iván Tapia,ARG,MFFW,2 Teams,Liga Profesional Argentina,25,15.2,1366,ND,ND,2,7,309,3,72.8,,,9,0,2,0,,0,6,34,15,0.5,,,12,10,50,44,45,,,17,23,8,710,1.8,0.5
3336,Vicente Taborda,ARG,MF,2 Teams,Liga Profesional Argentina,22,9.3,841,ND,ND,0,14,276,7,68.4,,,21,0,0,0,,0,7,8,28,0.8,,,4,10,29,38,72,,,17,24,12,535,0.3,0.8
3337,Gastón Suso,ARG,DF,Platense,Liga Profesional Argentina,32,27.0,2430,ND,ND,0,19,235,158,69.6,,,2,0,0,0,,0,27,3,5,0.9,,,2,1,47,0,59,,,36,63,25,908,0.1,0.9
3338,Matías Suárez,ARG,FWDF,Belgrano,Liga Profesional Argentina,35,7.2,645,ND,ND,0,5,194,4,76.0,,,13,0,2,2,,2,0,8,28,1.7,,,9,8,25,40,19,,,5,5,2,283,1.0,1.7
3339,Lucas Suárez,ARG,DF,Talleres,Liga Profesional Argentina,28,10.1,911,ND,ND,0,8,324,51,83.1,,,2,0,0,0,,0,10,0,2,0.4,,,0,4,27,0,39,,,12,22,9,607,0.0,0.4
3340,Facundo Suárez,ARG,FW,Instituto,Liga Profesional Argentina,29,14.7,1324,ND,ND,3,15,240,19,53.6,,,21,0,6,3,,3,1,15,47,3.6,,,7,12,21,67,27,,,11,12,7,510,1.2,3.6
3341,Sheyko Studer,ARG,DF,Ind. Rivadavia,Liga Profesional Argentina,21,13.8,1243,ND,ND,0,22,265,83,71.7,,,3,0,2,2,,2,23,1,7,0.6,,,1,5,26,3,35,,,19,42,12,630,0.0,0.6
3342,Adrián Sporle,ARG,DF,Independiente,Liga Profesional Argentina,28,12.1,1093,ND,ND,0,12,361,23,70.5,,,7,0,0,0,,0,14,12,24,0.3,,,17,29,65,80,70,,,26,40,18,772,0.8,0.3
3343,Lucas Souto,ARG,DF,Huracán,Liga Profesional Argentina,25,11.2,1009,ND,ND,0,10,220,31,67.4,,,6,0,0,0,,0,12,1,16,0.1,,,4,14,39,37,27,,,17,29,12,555,0.1,0.1
3344,Alexis Soto,ARG,DF,Defensa y Just,Liga Profesional Argentina,30,16.6,1496,ND,ND,2,18,500,46,72.4,,,14,0,2,0,,0,26,33,33,0.6,,,30,32,75,79,102,,,35,61,22,1140,2.4,0.6
3345,Santiago Sosa,ARG,MF,San Lorenzo,Liga Profesional Argentina,19,9.8,885,ND,ND,0,7,155,22,78.4,,,7,0,0,0,,0,16,4,6,0.2,,,4,2,26,7,26,,,12,28,7,366,0.2,0.2
3346,Santiago Sosa,ARG,DFMF,Racing Club,Liga Profesional Argentina,24,22.3,2006,ND,ND,1,20,864,96,79.4,,,6,1,3,2,,2,53,17,18,0.7,,,14,33,165,13,106,,,56,109,37,1751,0.8,0.7
3347,José Sosa,ARG,FWMF,Estudiantes–LP,Liga Profesional Argentina,38,12.8,1152,ND,ND,2,16,498,10,75.7,,,16,1,5,1,,3,6,24,22,0.6,,,16,16,106,73,61,,,27,33,14,915,1.4,2.2
3348,Jesús Soraire,ARG,MF,Banfield,Liga Profesional Argentina,35,10.6,955,ND,ND,0,13,236,13,71.3,,,11,0,1,1,,1,6,14,21,0.7,,,9,8,49,8,64,,,32,38,24,526,0.6,0.7
3349,Julio Soler,ARG,DF,Lanús,Liga Profesional Argentina,18,18.0,1622,ND,ND,0,33,554,36,79.6,,,13,2,0,0,,0,32,14,37,0.2,,,12,38,49,77,94,,,34,66,24,1136,1.0,0.2
3350,Santiago Solari,ARG,FWMF,Racing Club,Liga Profesional Argentina,26,9.2,831,ND,ND,2,6,238,7,63.4,,,13,0,4,2,,2,3,10,27,2.0,,,11,24,29,106,36,,,11,14,9,401,1.5,2.0
3351,Pablo Solari,ARG,FW,River Plate,Liga Profesional Argentina,22,16.5,1483,ND,ND,1,22,452,4,64.2,,,23,0,7,6,,6,6,26,49,5.1,,,28,65,41,210,43,,,18,24,11,725,4.1,5.1
3352,Santiago Simón,ARG,MFDF,River Plate,Liga Profesional Argentina,21,19.2,1731,ND,ND,1,26,822,24,78.5,,,16,0,1,0,,0,17,21,33,0.6,,,29,39,173,98,101,,,55,72,36,1482,1.0,0.6
3353,Mateo Silvetti,ARG,MFFW,Newell's OB,Liga Profesional Argentina,18,13.5,1217,ND,ND,1,16,311,11,54.6,,,26,0,5,4,,4,6,14,43,2.3,,,13,37,20,125,58,,,15,21,8,488,1.7,2.3
3354,Leonardo Sigali,ARG,DF,Racing Club,Liga Profesional Argentina,36,5.7,512,ND,ND,0,5,143,23,81.2,,,1,0,1,1,,1,8,3,2,0.1,,,2,2,24,0,25,,,9,17,7,314,0.1,0.1
3355,Luis Sequeira,ARG,MF,2 Teams,Liga Profesional Argentina,21,11.2,1004,ND,ND,1,10,372,6,74.2,,,26,0,2,1,,1,4,22,38,0.9,,,11,25,72,45,73,,,26,30,17,647,1.5,0.9
3356,Bruno Sepúlveda,ARG,FW,Banfield,Liga Profesional Argentina,31,13.0,1173,ND,ND,1,10,172,10,68.2,,,35,0,7,5,,6,3,14,36,4.0,,,5,10,13,52,34,,,7,10,5,338,1.3,4.7
3357,Alexis Segovia,ARG,MFFW,Cen. Córdoba–SdE,Liga Profesional Argentina,19,6.1,553,ND,ND,1,3,172,4,79.2,,,5,0,1,0,,0,2,3,15,0.2,,,4,20,24,32,24,,,4,6,2,266,0.7,0.2
3358,Lorenzo Scipioni,ARG,MF,Tigre,Liga Profesional Argentina,19,5.8,522,ND,ND,1,11,154,17,74.0,,,7,1,1,0,,0,9,2,8,0.1,,,2,5,31,1,41,,,36,45,22,376,0.5,0.1
3359,Augusto Schott,ARG,DF,Newell's OB,Liga Profesional Argentina,24,11.1,1001,ND,ND,0,10,282,24,69.6,,,7,0,0,0,,0,18,8,17,1.1,,,7,24,47,58,45,,,20,38,13,634,0.4,1.1
3360,Ignacio Schor,ARG,FWMF,2 Teams,Liga Profesional Argentina,23,5.7,515,ND,ND,0,5,138,7,62.7,,,13,0,1,1,,1,8,7,27,0.4,,,1,21,10,53,27,,,8,16,5,240,0.7,0.4
3361,Benjamín Schamine,ARG,MF,Defensa y Just,Liga Profesional Argentina,20,5.4,485,ND,ND,0,16,129,11,79.3,,,10,0,2,2,,2,9,3,8,1.3,,,3,1,21,9,25,,,13,22,7,280,0.2,1.3
3362,Rodrigo Sayavedra,ARG,DFMF,Deportivo Riestra,Liga Profesional Argentina,28,7.4,666,ND,ND,0,8,112,18,47.1,,,6,0,0,0,,0,16,6,8,0.1,,,1,4,28,9,36,,,22,38,11,362,0.1,0.1
3363,Gastón Sauro,ARG,DF,Sarmiento,Liga Profesional Argentina,33,7.0,630,ND,ND,0,7,49,41,77.5,,,0,0,0,0,,0,16,0,4,0.2,,,0,2,9,1,20,,,5,21,1,222,0.0,0.2
3364,Rodrigo Saravia,URU,MF,Gimnasia–LP,Liga Profesional Argentina,23,5.0,450,ND,ND,0,9,84,9,75.3,,,2,0,0,0,,0,3,2,4,0.2,,,3,2,18,4,34,,,15,18,11,239,0.0,0.2
3365,Marcelo Saracchi,URU,DFMF,Boca Juniors,Liga Profesional Argentina,25,8.9,801,ND,ND,1,12,274,21,76.4,,,4,0,2,1,,1,18,12,9,1.0,,,9,14,34,64,47,,,17,35,14,581,1.2,1.0
3366,Thiago Santamaría,ARG,DF,Arg Juniors,Liga Profesional Argentina,20,12.9,1159,ND,ND,0,15,398,25,71.4,,,9,0,0,0,,0,14,12,17,0.2,,,19,24,66,75,54,,,32,46,21,860,0.5,0.2
3367,Nicolás Sansotre,ARG,DF,Deportivo Riestra,Liga Profesional Argentina,30,24.9,2243,ND,ND,2,26,218,113,60.8,,,6,0,2,0,,0,32,5,12,0.2,,,15,12,72,16,75,,,33,65,23,827,0.6,0.2
3368,Agustín Sández,PAR,DF,Rosario Central,Liga Profesional Argentina,23,16.5,1482,ND,ND,0,22,416,36,74.0,,,21,1,1,1,,1,22,6,21,0.8,,,7,25,81,47,72,,,39,61,29,960,0.5,0.8
3369,Carlos Sánchez,COL,DF,2 Teams,Liga Profesional Argentina,37,12.0,1080,ND,ND,0,6,209,79,79.6,,,5,0,0,0,,0,6,1,3,0.4,,,2,4,28,1,34,,,6,12,4,501,0.1,0.4
3370,Brían Sánchez,ARG,MF,Deportivo Riestra,Liga Profesional Argentina,30,12.4,1120,ND,ND,2,21,232,10,66.3,,,20,0,5,3,,3,9,12,29,2.2,,,18,17,51,35,71,,,34,43,23,500,1.7,2.2
3371,Mateo Sanabria,ARG,MF,2 Teams,Liga Profesional Argentina,19,6.0,537,ND,ND,1,4,132,0,64.2,,,14,0,3,2,,2,3,8,18,1.1,,,6,31,5,53,16,,,10,13,6,188,0.7,1.1
3372,Eduardo Salvio,ARG,FWMF,Lanús,Liga Profesional Argentina,33,14.6,1310,ND,ND,1,13,429,15,76.7,,,28,0,5,4,,4,4,14,42,3.5,,,9,44,50,105,72,,,15,19,6,732,1.3,3.5
3373,Santiago Salle,ARG,DF,Independiente,Liga Profesional Argentina,19,7.3,653,ND,ND,1,7,173,16,72.0,,,6,0,1,0,,0,13,7,8,0.2,,,8,10,29,25,29,,,6,19,4,388,0.7,0.2
3374,Saúl Salcedo,PAR,DF,Newell's OB,Liga Profesional Argentina,26,19.9,1791,ND,ND,0,27,529,103,83.8,,,2,0,1,1,,1,25,2,11,0.9,,,1,7,65,2,89,,,22,47,13,1099,0.1,0.9
3375,Maximiliano Salas,ARG,FWMF,Racing Club,Liga Profesional Argentina,26,17.9,1611,ND,ND,1,13,354,19,62.2,,,23,0,5,3,,4,3,22,59,4.3,,,13,34,38,114,69,,,24,27,14,624,2.2,5.1
3376,Juan Saborido,ARG,DF,Platense,Liga Profesional Argentina,25,11.8,1058,ND,ND,0,21,260,27,60.2,,,10,0,0,0,,0,15,7,25,0.2,,,7,24,33,48,70,,,27,42,18,677,0.9,0.2
3377,Ignacio Russo,ARG,FW,Instituto,Liga Profesional Argentina,23,12.6,1130,ND,ND,1,9,247,11,60.7,,,16,0,6,5,,5,3,12,52,5.2,,,8,4,16,67,26,,,9,12,6,416,1.5,6.0
3378,Ramiro Ruiz,ARG,FWMF,Talleres,Liga Profesional Argentina,23,4.6,411,ND,ND,0,4,70,5,63.6,,,9,0,0,0,,0,5,7,12,1.4,,,2,5,6,35,16,,,3,8,1,141,0.6,1.4
3379,Javier Ruiz,ARG,MFFW,2 Teams,Liga Profesional Argentina,19,9.1,817,ND,ND,0,12,249,4,69.8,,,43,0,2,2,,2,3,11,45,1.1,,,4,23,24,67,44,,,20,23,10,393,0.9,1.1
3380,Matías Ruíz Díaz,ARG,DF,Ind. Rivadavia,Liga Profesional Argentina,27,7.8,703,ND,ND,0,10,121,37,58.7,,,2,0,0,0,,0,4,2,5,0.4,,,4,12,18,28,20,,,16,20,10,369,0.3,0.4
3381,Tobías Rubio,ARG,MF,2 Teams,Liga Profesional Argentina,19,8.0,724,ND,ND,1,7,218,20,73.9,,,8,0,1,0,,0,6,6,18,0.3,,,11,17,31,46,32,,,20,26,16,460,0.3,0.3
3382,Marco Ruben,ARG,FW,Rosario Central,Liga Profesional Argentina,37,10.6,954,ND,ND,1,8,134,10,61.2,,,14,0,2,1,,1,3,3,41,3.1,,,1,4,20,46,23,,,12,15,4,258,0.4,3.1
3383,Siro Rosane,ARG,MF,Barracas Central,Liga Profesional Argentina,23,18.2,1635,ND,ND,0,19,455,51,80.4,,,12,1,0,0,,0,24,8,37,0.6,,,4,9,58,19,120,,,68,92,35,986,0.5,0.6
3384,Facundo Roncaglia,ARG,DF,Sarmiento,Liga Profesional Argentina,36,7.5,672,ND,ND,0,12,120,31,74.5,,,0,0,0,0,,0,12,2,0,0.0,,,3,2,22,0,30,,,14,26,12,318,0.2,0.0
3385,Nicolás Romero,ARG,DF,Atlé Tucumán,Liga Profesional Argentina,20,23.7,2129,ND,ND,0,47,381,142,62.5,,,5,1,0,0,,0,24,3,11,0.9,,,5,9,56,6,76,,,30,54,17,1142,0.2,0.9
3386,Maximiliano Romero,ARG,FW,Arg Juniors,Liga Profesional Argentina,25,15.0,1351,ND,ND,1,3,159,3,65.1,,,10,0,5,4,,4,3,14,27,2.8,,,6,10,16,51,33,,,7,10,5,291,1.4,2.8
3387,Franco Romero,ARG,MF,Ind. Rivadavia,Liga Profesional Argentina,23,26.9,2420,ND,ND,0,46,511,51,79.0,,,17,0,2,0,,2,57,10,24,0.1,,,4,15,115,24,188,,,59,116,38,1259,0.3,1.7
3388,Fernando Romero,PAR,FW,Ind. Rivadavia,Liga Profesional Argentina,23,7.3,656,ND,ND,0,7,122,3,61.3,,,10,0,1,1,,1,1,7,41,0.9,,,1,9,9,32,28,,,7,8,5,225,0.4,0.9
3389,Braian Romero,ARG,FW,Vélez Sarsfield,Liga Profesional Argentina,32,24.6,2211,ND,ND,4,14,350,26,69.0,,,38,0,16,10,,12,2,12,82,10.8,,,7,24,25,143,62,,,16,18,7,677,2.7,12.4
3390,Jhohan Romaña,COL,DF,San Lorenzo,Liga Profesional Argentina,25,24.4,2198,ND,ND,0,33,720,111,80.7,,,5,1,0,0,,0,42,1,21,0.6,,,1,16,74,3,115,,,47,89,32,1442,0.0,0.6
3391,Esteban Rolón,ARG,MF,Belgrano,Liga Profesional Argentina,28,18.1,1627,ND,ND,1,18,406,22,73.6,,,20,0,2,1,,1,16,14,19,0.6,,,11,13,81,45,87,,,37,53,25,828,1.2,0.6
3392,Mauricio Roldán,ARG,FW,Banfield,Liga Profesional Argentina,18,4.9,439,ND,ND,1,3,98,2,63.7,,,7,0,1,0,,0,1,3,24,0.7,,,3,7,5,30,16,,,6,7,3,185,0.6,0.7
3393,Marcos Rojo,ARG,DF,Boca Juniors,Liga Profesional Argentina,33,10.8,971,ND,ND,0,16,459,51,86.3,,,2,1,0,0,,0,8,3,4,0.1,,,1,12,47,4,46,,,15,23,9,865,0.1,0.1
3394,Gabriel Rojas,ARG,DFMF,Racing Club,Liga Profesional Argentina,26,16.9,1518,ND,ND,1,13,445,24,71.2,,,15,0,2,1,,1,13,21,30,1.0,,,17,41,63,121,75,,,29,42,20,961,1.2,1.0
3395,Yonatan Rodríguez,URU,MF,2 Teams,Liga Profesional Argentina,30,8.2,734,ND,ND,0,7,150,19,74.9,,,7,0,0,0,,0,7,5,14,0.2,,,4,3,36,8,47,,,22,29,14,372,0.7,0.2
3396,Santiago Rodriguez,ARG,FWMF,2 Teams,Liga Profesional Argentina,26,13.9,1252,ND,ND,1,10,374,8,63.3,,,21,0,6,5,,5,2,15,41,1.9,,,15,40,52,115,52,,,9,11,6,572,1.0,1.9
3397,Salomón Rodríguez,URU,FW,Godoy Cruz,Liga Profesional Argentina,23,18.4,1656,ND,ND,1,18,268,9,61.0,,,26,0,9,7,,8,1,10,59,9.5,,,1,13,25,77,36,,,14,15,10,520,0.8,11.1
3398,Lucas Rodríguez,ARG,DF,Instituto,Liga Profesional Argentina,30,17.3,1554,ND,ND,4,29,414,38,66.3,,,7,0,4,0,,0,13,15,12,1.1,,,18,16,53,66,62,,,32,45,23,976,1.5,1.1
3399,Juan Rodríguez,ARG,DF,Talleres,Liga Profesional Argentina,29,13.0,1169,ND,ND,0,18,455,74,85.2,,,2,0,2,2,,2,23,2,6,1.1,,,1,11,46,4,53,,,24,47,15,924,0.1,1.1
3400,Ignacio Rodríguez,ARG,MFFW,Banfield,Liga Profesional Argentina,21,18.9,1700,ND,ND,1,24,383,18,66.2,,,30,1,4,3,,3,13,15,38,2.1,,,11,33,44,88,111,,,38,51,20,748,2.0,2.9
3401,Gregorio Rodríguez,ARG,FWMF,Instituto,Liga Profesional Argentina,24,13.3,1197,ND,ND,1,17,273,5,65.5,,,15,0,5,4,,4,3,20,42,2.0,,,18,53,22,97,62,,,15,18,8,456,2.3,2.0
3402,Facundo Rodríguez,ARG,DF,Estudiantes–LP,Liga Profesional Argentina,23,13.5,1215,ND,ND,0,9,336,63,78.6,,,1,1,1,1,,1,15,3,6,0.2,,,3,6,35,2,33,,,16,31,11,691,0.1,0.2
3403,Baltasar Rodríguez,ARG,MFFW,Racing Club,Liga Profesional Argentina,20,9.6,868,ND,ND,1,18,311,12,76.9,,,9,0,1,0,,0,3,17,19,1.4,,,4,24,39,43,54,,,33,36,18,558,1.3,1.4
3404,Alan Rodríguez,URU,MF,Arg Juniors,Liga Profesional Argentina,24,10.7,961,ND,ND,1,12,326,5,75.9,,,22,0,2,1,,1,14,7,27,1.7,,,9,17,31,49,76,,,34,48,16,592,0.4,1.7
3405,Alan Rodríguez,PAR,DFMF,Rosario Central,Liga Profesional Argentina,23,10.6,954,ND,ND,0,8,307,26,71.1,,,2,0,1,1,,1,17,8,9,0.2,,,13,9,44,35,39,,,16,33,10,743,0.4,0.2
3406,Valentín Rodríguez,URU,MFDF,Gimnasia–LP,Liga Profesional Argentina,22,5.9,528,ND,ND,0,7,121,11,70.5,,,4,0,0,0,,0,4,2,19,0.2,,,1,11,21,25,22,,,10,14,5,256,0.0,0.2
3407,Blas Riveros,PAR,DFFW,Talleres,Liga Profesional Argentina,25,8.8,789,ND,ND,2,5,234,16,77.5,,,9,0,2,0,,0,7,7,9,0.3,,,9,20,25,57,23,,,8,15,4,465,1.0,0.3
3408,Simón Rivero,ARG,MF,Unión,Liga Profesional Argentina,20,18.4,1655,ND,ND,1,28,428,7,67.8,,,25,0,2,1,,1,5,30,51,1.4,,,23,30,69,98,89,,,37,42,21,806,1.6,1.4
3409,Lautaro Rivero,ARG,DF,Cen. Córdoba–SdE,Liga Profesional Argentina,20,6.7,601,ND,ND,0,7,221,28,83.2,,,4,1,0,0,,0,7,1,5,0.2,,,1,2,30,3,28,,,15,22,11,494,0.2,0.2
3410,Geronimo Rivera,ARG,FWMF,Banfield,Liga Profesional Argentina,20,8.8,795,ND,ND,2,10,156,7,55.9,,,23,0,3,1,,1,4,11,31,2.8,,,9,12,17,41,25,,,15,19,5,310,1.5,2.8
3411,Lautaro Ríos,ARG,MF,Ind. Rivadavia,Liga Profesional Argentina,23,13.1,1182,ND,ND,2,29,209,35,71.8,,,14,0,3,1,,1,9,9,17,1.9,,,5,12,43,27,64,,,33,42,23,524,1.2,1.9
3412,Gonzalo Ríos,ARG,MFFW,Ind. Rivadavia,Liga Profesional Argentina,25,7.3,658,ND,ND,0,11,159,7,80.0,,,10,0,1,1,,1,3,5,30,0.8,,,6,23,20,35,32,,,15,18,12,289,0.1,0.8
3413,Bryan Reyna,PER,FWMF,Belgrano,Liga Profesional Argentina,25,9.4,845,ND,ND,4,7,202,1,72.4,,,9,0,7,3,,3,3,12,29,1.8,,,7,29,24,60,33,,,10,13,7,318,2.5,1.8
3414,Gonzalo Requena,ARG,DF,Instituto,Liga Profesional Argentina,20,24.9,2237,ND,ND,0,29,467,175,70.2,,,4,0,2,2,,2,30,1,11,0.9,,,1,1,33,0,68,,,28,58,14,1157,0.0,0.9
3415,Eric Remedi,ARG,MF,San Lorenzo,Liga Profesional Argentina,28,17.8,1605,ND,ND,0,31,493,23,80.3,,,18,1,0,0,,0,14,11,14,0.5,,,5,12,98,3,132,,,51,65,34,985,0.9,0.5
3416,Alejandro Rébola,ARG,DF,Belgrano,Liga Profesional Argentina,35,16.1,1453,ND,ND,0,16,390,109,80.4,,,1,0,0,0,,0,21,2,3,0.5,,,4,6,51,2,34,,,22,43,11,944,0.1,0.5
3417,Matías Reali,ARG,FWMF,2 Teams,Liga Profesional Argentina,26,12.5,1126,ND,ND,0,7,279,5,57.4,,,13,0,1,1,,1,7,16,30,0.9,,,10,46,17,96,36,,,12,19,7,465,1.0,0.9
3418,Federico Rasmussen,ARG,DF,Godoy Cruz,Liga Profesional Argentina,31,23.9,2153,ND,ND,0,14,548,84,83.4,,,1,1,0,0,,0,37,4,22,0.0,,,3,2,53,1,105,,,38,75,22,1168,0.3,0.0
3419,Santi Ramos Mingo,ARG,DF,Defensa y Just,Liga Profesional Argentina,22,22.0,1979,ND,ND,1,24,595,124,81.9,,,6,1,2,1,,1,33,5,7,1.9,,,4,14,70,9,59,,,29,62,16,1284,0.2,1.9
3420,Luciano Ramón Herrera,ARG,FWMF,Defensa y Just,Liga Profesional Argentina,27,16.6,1498,ND,ND,2,25,407,19,69.5,,,36,0,3,1,,1,5,21,66,2.6,,,21,41,46,124,71,,,24,29,19,657,2.5,2.6
3421,Victorio Ramis,ARG,FW,Ind. Rivadavia,Liga Profesional Argentina,29,8.5,764,ND,ND,1,3,152,7,65.6,,,8,0,5,4,,4,5,7,26,2.4,,,0,5,12,43,21,,,11,16,6,287,0.9,2.4
3422,Sebastián Ramírez,ARG,FW,Huracán,Liga Profesional Argentina,23,4.7,422,ND,ND,1,4,68,3,66.7,,,6,0,1,0,,0,0,2,17,1.4,,,1,8,4,22,11,,,10,10,3,148,0.3,1.4
3423,Pedro Ramírez,ARG,DFMF,Deportivo Riestra,Liga Profesional Argentina,23,20.4,1836,ND,ND,1,36,267,81,54.2,,,17,0,1,0,,0,19,12,42,1.3,,,16,15,68,62,120,,,51,70,38,877,1.9,1.3
3424,Eric Ramírez,ARG,FW,2 Teams,Liga Profesional Argentina,27,13.2,1187,ND,ND,0,22,192,13,49.5,,,16,0,3,3,,3,4,12,49,2.3,,,11,7,26,55,35,,,30,34,21,406,1.5,2.3
3425,Eric Ramírez,VEN,FWDF,Tigre,Liga Profesional Argentina,25,5.1,456,ND,ND,1,0,76,3,56.1,,,9,0,2,1,,1,0,3,18,0.9,,,5,3,9,34,8,,,4,4,3,149,0.3,0.9
3426,Yonatthan Rak,URU,DF,Cen. Córdoba–SdE,Liga Profesional Argentina,30,11.1,998,ND,ND,1,11,278,52,79.3,,,1,0,1,0,,0,28,6,6,0.3,,,1,2,30,2,55,,,17,45,12,631,0.5,0.3
3427,Santiago Quiros,ARG,DF,Racing Club,Liga Profesional Argentina,20,11.6,1043,ND,ND,0,9,438,40,79.0,,,3,0,1,1,,1,18,4,12,0.9,,,5,15,60,18,61,,,17,35,14,780,0.2,0.9
3428,Aaron Quirós,ARG,DF,2 Teams,Liga Profesional Argentina,22,8.2,741,ND,ND,0,7,179,35,70.5,,,3,1,0,0,,0,8,1,3,0.1,,,2,2,19,5,35,,,9,17,7,386,0.0,0.1
3429,Juan Quintero,COL,MFFW,Racing Club,Liga Profesional Argentina,31,6.7,606,ND,ND,3,0,266,0,72.0,,,1,0,5,1,,2,1,15,10,0.8,,,17,15,77,41,21,,,4,5,4,453,1.1,1.6
3430,Carlos Quintana,ARG,DF,Rosario Central,Liga Profesional Argentina,35,10.6,951,ND,ND,0,13,150,50,66.6,,,0,0,2,2,,2,17,2,4,0.5,,,1,2,14,1,32,,,23,40,15,439,0.9,0.5
3431,Facundo Quignon,ARG,MF,Belgrano,Liga Profesional Argentina,30,15.0,1352,ND,ND,2,17,367,39,84.7,,,11,0,3,1,,1,19,7,7,0.8,,,3,10,58,13,82,,,48,67,30,823,1.4,0.8
3432,Ignacio Pussetto,ARG,FW,Huracán,Liga Profesional Argentina,28,5.0,448,ND,ND,1,2,89,8,63.4,,,10,0,6,3,,5,0,6,13,1.8,,,5,3,8,14,6,,,7,7,6,180,0.8,3.3
3433,Damián Puebla,ARG,MFFW,Instituto,Liga Profesional Argentina,21,23.1,2077,ND,ND,4,45,506,19,66.2,,,26,0,9,3,,5,12,24,67,3.7,,,12,35,69,95,102,,,40,52,26,902,2.2,5.3
3434,Sebastián Prieto,ARG,DF,Arg Juniors,Liga Profesional Argentina,30,7.0,630,ND,ND,0,15,226,13,72.9,,,5,0,0,0,,0,9,5,9,0.3,,,5,20,30,32,33,,,13,22,11,498,0.3,0.3
3435,Marcos Portillo,ARG,MF,Talleres,Liga Profesional Argentina,24,6.9,622,ND,ND,3,10,241,6,74.0,,,8,0,5,2,,2,5,18,8,0.8,,,14,6,44,16,39,,,22,27,18,441,1.3,0.8
3436,Juan Portillo,ARG,DFMF,Talleres,Liga Profesional Argentina,23,20.9,1883,ND,ND,2,21,722,86,84.8,,,7,0,2,0,,0,23,2,24,0.7,,,2,18,70,10,103,,,68,91,43,1305,0.8,0.7
3437,Vicente Poggi,URU,MF,Godoy Cruz,Liga Profesional Argentina,21,18.8,1692,ND,ND,2,31,408,26,78.0,,,21,0,5,3,,3,18,20,24,2.4,,,11,20,78,51,102,,,75,93,52,921,1.4,2.4
3438,Francisco Pizzini,ARG,FW,Vélez Sarsfield,Liga Profesional Argentina,30,24.1,2165,ND,ND,5,16,760,21,69.0,,,55,0,9,4,,4,14,41,100,5.8,,,34,86,87,240,140,,,21,35,14,1165,5.3,5.8
3439,Mauro Pittón,ARG,MF,Unión,Liga Profesional Argentina,29,24.9,2238,ND,ND,2,30,650,34,74.0,,,28,0,4,2,,2,27,25,50,1.5,,,21,20,151,75,152,,,57,84,28,1379,1.9,1.5
3440,Bruno Pittón,ARG,DF,Unión,Liga Profesional Argentina,30,14.6,1317,ND,ND,0,18,356,24,63.2,,,8,0,1,1,,1,16,22,20,2.2,,,28,31,58,97,57,,,39,55,23,765,2.0,2.2
3441,Juan Pintado,URU,DFMF,Gimnasia–LP,Liga Profesional Argentina,29,25.7,2310,ND,ND,5,35,781,75,70.4,,,26,0,5,0,,0,24,22,51,0.4,,,53,69,145,128,151,,,73,97,53,1707,2.2,0.4
3442,Martín Pino,ARG,FW,Godoy Cruz,Liga Profesional Argentina,25,5.1,459,ND,ND,0,5,90,6,65.0,,,17,0,1,1,,1,0,2,27,2.3,,,1,3,5,16,9,,,2,2,2,156,0.2,2.3
3443,Leonel Picco,ARG,MF,Platense,Liga Profesional Argentina,24,20.1,1811,ND,ND,0,43,255,39,72.6,,,18,1,0,0,,0,58,0,21,0.7,,,2,3,49,16,150,,,97,155,52,855,0.0,0.7
3444,Pablo Piatti,ARG,FWMF,Estudiantes–LP,Liga Profesional Argentina,34,10.4,935,ND,ND,1,17,285,14,65.9,,,12,0,3,2,,2,6,21,32,1.8,,,8,11,36,78,53,,,26,32,19,526,1.8,1.8
3445,Germán Pezzella,ARG,DF,River Plate,Liga Profesional Argentina,32,8.9,805,ND,ND,0,8,320,33,84.2,,,1,0,0,0,,0,9,2,4,0.4,,,0,5,28,4,46,,,8,17,7,618,0.5,0.4
3446,Francisco Petrasso,ARG,DF,Ind. Rivadavia,Liga Profesional Argentina,21,4.8,432,ND,ND,0,4,81,17,66.2,,,0,0,1,1,,1,6,1,6,0.3,,,1,5,8,2,13,,,10,16,7,203,0.0,0.3
3447,Patricio Pernicone,ARG,DF,Vélez Sarsfield,Liga Profesional Argentina,22,6.2,554,ND,ND,0,10,153,39,84.1,,,0,0,0,0,,0,4,0,2,0.0,,,0,4,19,1,19,,,5,9,3,322,0.0,0.0
3448,Tomás Pérez,ARG,MF,Newell's OB,Liga Profesional Argentina,18,13.3,1195,ND,ND,0,18,341,22,83.5,,,14,1,1,1,,1,21,5,19,0.7,,,3,11,43,9,60,,,28,49,13,661,0.2,0.7
3449,Juan Pérez,COL,MF,Godoy Cruz,Liga Profesional Argentina,19,5.4,483,ND,ND,2,3,107,1,72.0,,,15,0,3,1,,1,0,7,10,0.3,,,4,9,16,18,22,,,7,7,5,197,0.6,0.3
3450,Gonzalo Pérez,URU,MFDF,Lanús,Liga Profesional Argentina,23,14.1,1272,ND,ND,0,15,369,27,78.8,,,3,0,0,0,,0,38,3,13,0.9,,,4,7,78,6,79,,,36,74,23,855,0.1,0.9
3451,Enzo Pérez,ARG,MF,Estudiantes–LP,Liga Profesional Argentina,37,20.6,1851,ND,ND,0,27,676,46,87.6,,,7,0,0,0,,0,45,7,16,0.0,,,11,12,141,10,112,,,43,88,23,1448,0.6,0.0
3452,Damián Pérez,ARG,DF,Independiente,Liga Profesional Argentina,35,14.7,1320,ND,ND,0,12,312,44,67.9,,,3,0,0,0,,0,16,6,13,0.1,,,8,12,62,36,48,,,26,42,18,784,0.3,0.1
3453,César Pérez,CHI,MFFW,Defensa y Just,Liga Profesional Argentina,21,10.0,898,ND,ND,0,17,364,15,83.7,,,10,0,0,0,,0,10,11,17,0.7,,,5,8,70,30,73,,,20,30,10,692,0.6,0.7
3454,Joaquín Pereyra,ARG,MF,Atlé Tucumán,Liga Profesional Argentina,25,8.2,742,ND,ND,4,22,249,17,65.2,,,15,0,4,0,,0,4,22,23,0.7,,,15,23,53,41,58,,,23,27,9,556,2.2,0.7
3455,Fabio Pereyra,ARG,DF,Huracán,Liga Profesional Argentina,34,20.9,1878,ND,ND,0,41,412,129,75.1,,,3,0,0,0,,0,28,5,8,0.7,,,3,4,38,0,58,,,29,57,18,1063,0.5,0.7
3456,Elías Pereyra,ARG,DF,Godoy Cruz,Liga Profesional Argentina,24,12.5,1127,ND,ND,0,12,258,33,70.4,,,8,1,0,0,,0,17,7,22,0.1,,,8,13,49,32,51,,,33,50,21,636,0.2,0.1
3457,Guillermo Pereira,ARG,MF,Deportivo Riestra,Liga Profesional Argentina,30,6.4,575,ND,ND,0,11,71,6,62.7,,,7,0,1,1,,1,11,9,7,0.7,,,3,4,24,10,28,,,20,31,11,280,0.8,0.7
3458,Felipe Peña,ARG,MF,2 Teams,Liga Profesional Argentina,22,16.8,1516,ND,ND,0,27,501,39,79.3,,,22,2,2,2,,2,25,15,12,0.6,,,6,9,100,12,89,,,30,55,19,1088,0.8,0.6
3459,Mateo Pellegrino,ARG,FW,Platense,Liga Profesional Argentina,22,21.8,1962,ND,ND,1,9,355,23,53.4,,,35,0,11,6,,10,0,17,93,6.2,,,9,17,43,83,72,,,7,7,4,717,1.4,10.1
3460,Marco Pellegrino,ARG,DF,Independiente,Liga Profesional Argentina,21,4.9,440,ND,ND,0,5,119,31,67.6,,,2,0,0,0,,0,4,0,1,0.1,,,0,0,8,1,20,,,5,9,4,227,0.0,0.1
3461,Nicolás Paz,ARG,DF,Unión,Liga Profesional Argentina,21,16.4,1473,ND,ND,0,18,404,55,71.7,,,4,0,0,0,,0,23,0,12,0.4,,,4,15,65,8,44,,,33,56,26,873,0.0,0.4
3462,Nehuén Paz,ARG,DF,Tigre,Liga Profesional Argentina,30,19.8,1780,ND,ND,0,29,583,146,79.9,,,2,0,1,1,,1,21,1,2,0.4,,,0,6,50,0,46,,,22,43,18,1158,0.0,0.4
3463,Cristian Paz,ARG,DF,Deportivo Riestra,Liga Profesional Argentina,28,8.1,725,ND,ND,0,10,41,41,49.2,,,0,0,0,0,,0,5,0,0,0.4,,,0,0,11,0,25,,,19,24,14,204,0.0,0.4
3464,Franco Paredes,ARG,DF,Sarmiento,Liga Profesional Argentina,24,20.5,1845,ND,ND,0,24,324,97,66.1,,,10,1,1,1,,1,34,9,17,1.0,,,7,8,50,12,86,,,32,66,19,869,1.8,1.0
3465,Nicolás Palavecino,ARG,FWMF,Defensa y Just,Liga Profesional Argentina,20,7.2,652,ND,ND,1,15,181,5,75.1,,,6,0,1,0,,0,3,13,27,1.5,,,5,18,25,34,33,,,20,23,10,321,0.7,1.5
3466,Tomás Palacios,ARG,DF,Ind. Rivadavia,Liga Profesional Argentina,20,8.5,765,ND,ND,0,6,177,38,64.2,,,10,0,0,0,,0,13,0,16,0.2,,,2,8,17,3,61,,,22,35,15,380,0.0,0.2
3467,Tiago Palacios,URU,FWMF,Estudiantes–LP,Liga Profesional Argentina,22,19.4,1743,ND,ND,3,32,694,15,75.0,,,64,0,6,3,,3,13,34,70,4.2,,,26,62,99,185,103,,,36,49,27,1101,2.1,4.2
3468,Sebastián Palacios,ARG,FWMF,Talleres,Liga Profesional Argentina,32,5.8,522,ND,ND,1,5,157,3,66.9,,,9,0,3,2,,2,2,11,29,1.6,,,7,19,14,65,25,,,9,11,2,240,0.6,1.6
3469,Tobías Palacio,ARG,DF,Arg Juniors,Liga Profesional Argentina,17,11.6,1045,ND,ND,0,18,425,57,82.9,,,4,0,0,0,,0,14,2,9,0.6,,,0,8,42,1,48,,,16,30,6,792,0.2,0.6
3470,Tobías Ostchega,ARG,DF,Ind. Rivadavia,Liga Profesional Argentina,25,20.7,1863,ND,ND,0,20,428,69,67.9,,,16,0,0,0,,0,36,18,33,1.2,,,8,31,65,69,78,,,39,75,26,1087,1.7,1.2
3471,Abiel Osorio,ARG,FW,Defensa y Just,Liga Profesional Argentina,21,10.7,961,ND,ND,0,6,195,15,77.7,,,13,0,4,3,,4,0,16,32,2.8,,,7,16,21,74,25,,,8,8,6,345,0.8,3.6
3472,Kevin Ortíz,ARG,MF,Rosario Central,Liga Profesional Argentina,23,12.7,1147,ND,ND,0,32,275,35,70.9,,,9,1,1,1,,1,19,1,13,0.6,,,6,4,42,7,75,,,27,46,19,657,0.1,0.6
3473,Diego Ortegoza,CHI,MF,Talleres,Liga Profesional Argentina,26,13.7,1232,ND,ND,0,25,515,13,84.2,,,15,1,0,0,,0,11,12,24,0.5,,,11,14,79,23,97,,,40,51,21,898,1.0,0.5
3474,Martín Ortega,ARG,DF,Tigre,Liga Profesional Argentina,24,15.8,1420,ND,ND,2,23,484,28,70.6,,,15,1,3,1,,1,20,8,20,0.7,,,25,39,39,97,85,,,42,62,25,987,0.9,0.7
3475,Nicolás Orsini,ARG,FW,Unión,Liga Profesional Argentina,29,17.1,1542,ND,ND,2,10,294,16,61.3,,,35,0,6,3,,4,4,27,59,5.5,,,10,16,27,102,40,,,15,19,9,573,2.1,6.3
3476,Nicolás Oróz,ARG,MFFW,Arg Juniors,Liga Profesional Argentina,29,16.6,1490,ND,ND,0,26,539,15,72.8,,,36,1,2,2,,2,18,34,34,0.9,,,14,20,79,68,72,,,33,51,17,989,1.6,0.9
3477,Christian Ordoñez,ARG,MF,Vélez Sarsfield,Liga Profesional Argentina,19,22.3,2008,ND,ND,3,43,485,30,77.6,,,31,1,3,0,,0,17,21,50,1.2,,,15,32,83,74,115,,,53,70,30,1017,2.4,1.2
3478,Lucas Ocampo,URU,MFFW,Platense,Liga Profesional Argentina,26,8.4,760,ND,ND,2,18,166,5,54.5,,,10,0,2,0,,0,2,15,16,0.6,,,9,9,22,38,48,,,24,26,11,350,1.0,0.6
3479,Cristian Núñez,PAR,MF,Banfield,Liga Profesional Argentina,26,16.9,1517,ND,ND,0,24,330,27,82.1,,,7,0,0,0,,0,24,7,18,0.0,,,3,5,64,4,100,,,74,98,53,824,0.1,0.0
3480,Aaron Nicolás Molinas,ARG,MFFW,Defensa y Just,Liga Profesional Argentina,23,17.4,1569,ND,ND,4,19,569,8,77.5,,,20,0,9,5,,5,9,49,28,4.2,,,18,36,112,114,63,,,21,30,11,1020,2.5,4.2
3481,Roberto Nicolás Fernández,URU,MF,Godoy Cruz,Liga Profesional Argentina,25,14.1,1272,ND,ND,2,22,387,26,70.5,,,21,0,4,2,,2,19,18,32,1.5,,,8,18,63,35,80,,,25,44,15,823,1.2,1.5
3482,Franco Nicola,URU,MFFW,Atlé Tucumán,Liga Profesional Argentina,21,7.3,657,ND,ND,0,6,168,7,65.8,,,8,0,1,1,,1,6,7,18,1.2,,,4,8,12,39,29,,,20,26,12,327,0.9,1.2
3483,Gabriel Neves,URU,MFFW,2 Teams,Liga Profesional Argentina,26,11.0,994,ND,ND,0,13,425,7,85.0,,,8,0,0,0,,0,9,9,9,0.3,,,3,5,80,17,72,,,27,36,17,820,0.8,0.3
3484,Ezequiel Naya,ARG,DF,2 Teams,Liga Profesional Argentina,22,7.8,703,ND,ND,0,10,108,6,59.0,,,2,0,1,1,,1,0,8,21,1.5,,,5,5,13,32,17,,,8,8,7,258,0.3,1.5
3485,Miguel Navarro,VEN,DF,Talleres,Liga Profesional Argentina,24,18.5,1665,ND,ND,3,22,566,54,81.0,,,5,0,4,1,,1,27,18,25,0.3,,,13,21,91,76,77,,,26,53,18,1176,0.8,0.3
3486,Juan Nardoni,ARG,MF,Racing Club,Liga Profesional Argentina,21,17.0,1529,ND,ND,0,14,454,24,80.9,,,28,1,1,1,,1,15,12,35,0.8,,,5,13,72,35,104,,,32,47,23,873,0.3,0.8
3487,Gian Nardelli,ARG,DF,Tigre,Liga Profesional Argentina,23,7.9,714,ND,ND,0,9,256,62,77.0,,,0,1,0,0,,0,10,3,2,0.0,,,1,9,27,2,23,,,7,17,5,513,0.5,0.0
3488,Facundo Mura,ARG,DFMF,Racing Club,Liga Profesional Argentina,24,8.3,748,ND,ND,0,10,203,29,71.7,,,3,0,3,3,,3,7,8,11,0.7,,,5,9,31,45,32,,,13,20,8,491,0.6,0.7
3489,Ezequiel Muñoz,ARG,DF,Lanús,Liga Profesional Argentina,33,17.3,1558,ND,ND,0,17,377,88,82.5,,,0,1,1,1,,1,36,0,2,0.6,,,0,3,26,0,36,,,22,58,13,820,0.0,0.6
3490,Iker Muniain,ESP,MFFW,San Lorenzo,Liga Profesional Argentina,31,9.9,891,ND,ND,1,6,286,3,86.1,,,10,0,4,1,,3,2,16,19,1.0,,,4,9,50,25,46,,,16,18,11,525,1.1,2.6
3491,Joaquín Mosqueira,ARG,MF,Unión,Liga Profesional Argentina,19,19.8,1780,ND,ND,1,18,346,26,78.4,,,7,1,2,1,,1,26,9,15,0.5,,,4,15,91,13,92,,,31,57,25,830,0.2,0.5
3492,Nicolás Morgantini,ARG,DF,Lanús,Liga Profesional Argentina,29,11.8,1060,ND,ND,1,15,212,38,72.5,,,9,0,1,0,,0,13,8,14,0.5,,,7,22,28,36,46,,,20,33,14,587,1.0,0.5
3493,Stéfano Moreyra,ARG,MF,Instituto,Liga Profesional Argentina,22,6.3,565,ND,ND,0,11,128,18,69.2,,,7,0,0,0,,0,21,3,11,0.1,,,5,1,23,2,33,,,16,37,12,346,0.2,0.1
3494,Matias Moreno,ARG,DF,Belgrano,Liga Profesional Argentina,20,5.7,513,ND,ND,0,12,179,16,76.8,,,3,0,0,0,,0,11,0,3,0.1,,,0,3,19,0,20,,,13,24,9,313,0.0,0.1
3495,Marcelino Moreno,ARG,MFFW,Lanús,Liga Profesional Argentina,29,22.4,2012,ND,ND,10,13,683,8,71.3,,,48,1,15,5,,5,7,63,61,4.9,,,45,72,124,181,102,,,26,33,12,1166,6.5,4.9
3496,Juan Morán,ARG,DF,Godoy Cruz,Liga Profesional Argentina,17,5.4,485,ND,ND,0,9,105,16,70.0,,,3,0,0,0,,0,12,1,6,0.1,,,2,5,17,16,20,,,23,35,16,317,0.1,0.1
3497,Leonardo Morales,ARG,DF,Gimnasia–LP,Liga Profesional Argentina,32,21.3,1919,ND,ND,0,28,453,129,74.1,,,3,1,0,0,,0,45,1,8,0.3,,,4,13,81,2,98,,,39,84,30,1109,0.2,0.3
3498,Gonzalo Morales,ARG,FWDF,Unión,Liga Profesional Argentina,20,6.6,597,ND,ND,0,2,97,4,63.1,,,9,0,3,3,,3,0,1,22,2.2,,,2,1,5,39,12,,,3,3,2,146,0.1,2.2
3499,Iván Morales Bravo,CHI,FW,Sarmiento,Liga Profesional Argentina,24,14.5,1306,ND,ND,0,5,239,6,65.3,,,33,0,3,3,,3,0,9,53,3.3,,,4,35,16,84,35,,,10,10,7,415,0.5,3.3
3500,Florián Monzón,ARG,FWMF,2 Teams,Liga Profesional Argentina,23,10.7,967,ND,ND,2,12,268,12,56.2,,,21,1,8,6,,6,6,10,35,3.8,,,8,15,29,75,32,,,9,15,7,477,2.1,3.8
3501,Santiago Montiel,ARG,FWMF,2 Teams,Liga Profesional Argentina,23,12.2,1096,ND,ND,4,10,333,6,68.4,,,20,0,8,3,,4,4,28,25,1.4,,,20,24,43,83,58,,,21,25,15,588,2.2,2.2
3502,Pablo Monje,ARG,MF,Deportivo Riestra,Liga Profesional Argentina,26,22.3,2010,ND,ND,2,34,200,53,55.8,,,13,1,2,0,,0,33,24,23,0.2,,,3,2,58,8,115,,,50,83,33,851,1.3,0.2
3503,Tomás Molina,ARG,FW,2 Teams,Liga Profesional Argentina,28,7.5,671,ND,ND,1,2,107,6,70.1,,,13,0,4,1,,3,1,5,21,1.2,,,4,5,16,30,15,,,5,6,4,212,1.2,2.8
3504,Agustín Módica,ARG,FW,Rosario Central,Liga Profesional Argentina,21,6.0,536,ND,ND,0,5,88,3,71.1,,,8,0,3,3,,3,3,1,20,2.0,,,2,7,11,23,23,,,8,11,4,199,0.5,2.0
3505,Juan Miritello,ARG,FW,Defensa y Just,Liga Profesional Argentina,24,13.5,1213,ND,ND,3,10,213,16,70.6,,,24,0,7,4,,4,0,16,37,4.2,,,1,2,11,68,32,,,5,5,2,451,2.2,4.2
3506,Ignacio Miramon,ARG,MF,Boca Juniors,Liga Profesional Argentina,20,8.8,794,ND,ND,0,13,257,5,79.0,,,14,0,0,0,,0,13,4,12,0.1,,,2,10,48,15,56,,,26,39,16,503,1.1,0.1
3507,Franco Minerva,ARG,MFFW,Platense,Liga Profesional Argentina,17,8.6,774,ND,ND,1,12,137,8,48.8,,,8,0,2,1,,1,7,11,19,0.4,,,6,8,14,42,24,,,14,21,9,290,0.9,0.4
3508,Dardo Miloc,ARG,MF,2 Teams,Liga Profesional Argentina,33,11.4,1024,ND,ND,0,18,186,26,75.7,,,3,0,0,0,,0,23,5,10,0.1,,,0,4,45,3,56,,,34,57,16,579,0.1,0.1
3509,Federico Milo,ARG,DF,2 Teams,Liga Profesional Argentina,32,6.2,558,ND,ND,0,5,119,16,56.2,,,6,0,0,0,,0,15,2,7,0.1,,,4,9,17,13,27,,,22,37,19,348,0.2,0.1
3510,Lautaro Millán,CHI,MF,Independiente,Liga Profesional Argentina,18,5.6,503,ND,ND,1,8,173,3,73.9,,,14,0,1,0,,0,1,9,20,1.9,,,11,7,19,31,28,,,17,18,12,280,0.3,1.9
3511,Matko Miljevic,USA,MFFW,Newell's OB,Liga Profesional Argentina,22,12.8,1151,ND,ND,1,8,461,4,73.3,,,28,0,3,2,,2,4,29,39,1.3,,,14,25,79,68,68,,,9,13,7,701,1.8,1.3
3512,Luis Miguel Rodríguez,ARG,FWMF,Atlé Tucumán,Liga Profesional Argentina,39,6.6,592,ND,ND,2,6,108,1,62.3,,,6,0,4,1,,2,4,19,11,1.3,,,11,4,31,25,35,,,6,10,4,295,2.2,2.1
3513,Maximiliano Meza,ARG,MFFW,River Plate,Liga Profesional Argentina,31,11.1,995,ND,ND,1,19,470,11,78.7,,,16,0,5,4,,4,7,16,28,2.9,,,18,32,101,60,47,,,38,45,25,734,1.1,2.9
3514,Fernando Meza,ARG,DF,Arg Juniors,Liga Profesional Argentina,33,5.2,470,ND,ND,0,1,156,16,83.0,,,0,0,1,1,,1,8,3,6,0.8,,,1,2,21,4,26,,,2,10,0,289,0.1,0.8
3515,Eric Meza,ARG,DF,Estudiantes–LP,Liga Profesional Argentina,24,18.1,1626,ND,ND,2,24,483,31,70.5,,,9,0,3,1,,1,16,23,36,0.4,,,25,51,63,108,79,,,40,56,27,1087,2.5,0.4
3516,Nicolás Meriano,ARG,DF,Belgrano,Liga Profesional Argentina,23,5.3,474,ND,ND,0,5,165,23,71.8,,,1,0,0,0,,0,12,1,4,0.4,,,3,3,28,3,32,,,14,26,6,397,0.2,0.4
3517,Miguel Merentiel,URU,FW,Boca Juniors,Liga Profesional Argentina,27,19.0,1706,ND,ND,3,5,378,5,67.7,,,21,0,10,6,,7,5,16,36,7.3,,,28,40,60,129,35,,,5,10,3,595,3.7,8.1
3518,Lucas Menossi,ARG,MF,Belgrano,Liga Profesional Argentina,31,5.7,510,ND,ND,0,8,152,14,72.7,,,3,0,0,0,,0,6,7,9,0.1,,,5,7,32,8,22,,,15,21,7,288,0.6,0.1
3519,Mateo Mendoza,ARG,DF,Godoy Cruz,Liga Profesional Argentina,19,9.0,812,ND,ND,0,10,252,44,79.6,,,6,1,3,3,,3,16,1,10,1.0,,,2,4,15,7,38,,,29,45,19,530,0.0,1.0
3520,Emiliano Méndez,ARG,MF,Sarmiento,Liga Profesional Argentina,34,15.5,1392,ND,ND,0,16,192,35,69.1,,,6,1,1,1,,1,16,4,15,0.4,,,3,5,50,6,80,,,48,64,25,628,0.2,0.4
3521,Armando Méndez,URU,DF,Newell's OB,Liga Profesional Argentina,27,15.9,1433,ND,ND,1,19,318,40,67.9,,,21,0,2,1,,1,7,11,27,2.0,,,11,43,45,69,56,,,37,44,30,730,1.7,2.0
3522,Juan Meli,ARG,DFMF,Cen. Córdoba–SdE,Liga Profesional Argentina,23,13.6,1228,ND,ND,1,18,282,29,65.2,,,5,1,3,2,,2,18,7,21,0.4,,,12,25,39,60,51,,,34,52,24,667,0.4,0.4
3523,Sebastián Medina,ARG,FWDF,Tigre,Liga Profesional Argentina,23,5.5,498,ND,ND,0,9,100,17,56.3,,,9,0,1,1,,1,2,3,15,0.7,,,3,5,8,28,15,,,12,14,6,240,0.3,0.7
3524,Cristian Medina,ARG,MF,Boca Juniors,Liga Profesional Argentina,21,10.7,964,ND,ND,1,15,349,8,84.9,,,17,0,2,1,,1,13,8,25,0.8,,,8,22,60,27,59,,,29,42,16,613,0.9,0.8
3525,Gary Medel,CHI,DFMF,Boca Juniors,Liga Profesional Argentina,36,6.2,561,ND,ND,0,6,260,27,93.2,,,2,1,0,0,,0,8,2,5,0.0,,,0,0,13,0,22,,,8,16,6,482,0.1,0.0
3526,Walter Mazzantti,ARG,FW,Huracán,Liga Profesional Argentina,27,22.8,2052,ND,ND,4,39,474,13,68.7,,,41,0,7,3,,3,14,20,79,4.3,,,16,63,36,178,86,,,45,59,26,792,2.7,4.3
3527,Augusto Max,ARG,MF,Gimnasia–LP,Liga Profesional Argentina,31,6.2,557,ND,ND,0,6,118,9,85.7,,,5,0,0,0,,0,7,4,8,0.2,,,2,3,29,2,30,,,33,40,23,299,0.3,0.2
3528,Guillermo Matías Fernández,ARG,MF,Boca Juniors,Liga Profesional Argentina,32,18.8,1693,ND,ND,0,14,690,31,84.2,,,9,0,0,0,,0,32,15,26,0.1,,,9,31,116,27,128,,,58,90,41,1315,1.4,0.1
3529,Facundo Mater,SYR,DFMF,Barracas Central,Liga Profesional Argentina,25,10.0,901,ND,ND,0,15,277,33,73.8,,,11,1,0,0,,0,8,10,20,0.7,,,9,10,40,28,49,,,26,34,18,652,0.7,0.7
3530,Franco Mastantuono,ARG,MFFW,River Plate,Liga Profesional Argentina,16,10.5,948,ND,ND,3,8,492,3,74.6,,,24,0,4,1,,1,1,29,42,3.6,,,17,38,73,110,62,,,22,23,14,772,2.5,3.6
3531,Gastón Martirena,URU,DFMF,Racing Club,Liga Profesional Argentina,24,21.7,1951,ND,ND,5,30,595,54,70.7,,,22,1,8,3,,3,23,34,36,1.0,,,27,44,88,151,118,,,37,60,27,1277,4.8,1.0
3532,Ángelo Martino,ARG,DF,Newell's OB,Liga Profesional Argentina,25,18.2,1641,ND,ND,1,18,442,47,67.8,,,13,0,1,0,,0,28,9,28,0.5,,,12,30,71,67,76,,,38,66,26,1067,0.7,0.5
3533,Rubén Martínez,ARG,MF,Independiente,Liga Profesional Argentina,19,15.7,1415,ND,ND,0,23,326,19,71.7,,,15,1,0,0,,0,20,4,24,1.0,,,5,18,61,27,79,,,45,65,25,695,0.3,1.0
3534,Ronaldo Martínez,PAR,FWMF,Platense,Liga Profesional Argentina,27,10.4,936,ND,ND,0,5,180,16,43.7,,,13,0,3,3,,3,3,7,31,1.9,,,4,10,22,58,38,,,4,7,1,392,0.5,1.9
3535,Roger Martínez,COL,FWMF,Racing Club,Liga Profesional Argentina,29,9.6,862,ND,ND,0,2,206,8,67.0,,,18,0,5,4,,5,0,13,38,2.5,,,6,21,24,67,26,,,10,10,4,335,1.0,3.2
3536,Mauricio Martínez,ARG,MFDF,Rosario Central,Liga Profesional Argentina,30,15.1,1360,ND,ND,0,8,560,35,82.7,,,15,1,0,0,,0,15,4,26,0.8,,,4,24,60,15,126,,,30,45,17,906,0.1,0.8
3537,Enzo Martínez,URU,DF,Gimnasia–LP,Liga Profesional Argentina,25,8.4,753,ND,ND,0,12,220,43,68.0,,,0,0,0,0,,0,18,2,2,0.0,,,1,5,28,0,52,,,28,46,23,518,0.1,0.0
3538,Damián Martínez,ARG,DF,Rosario Central,Liga Profesional Argentina,34,9.5,856,ND,ND,0,11,210,30,73.9,,,4,0,1,1,,1,9,6,13,0.2,,,6,9,32,23,18,,,14,23,9,513,0.3,0.2
3539,Alejandro Martínez,ARG,FW,Talleres,Liga Profesional Argentina,26,11.1,1002,ND,ND,0,13,282,6,64.7,,,15,0,2,2,,2,8,21,35,1.8,,,16,43,30,88,45,,,14,22,9,482,2.2,1.8
3540,Adrián Martínez,ARG,FW,Racing Club,Liga Profesional Argentina,31,15.9,1430,ND,ND,3,6,202,13,62.2,,,11,0,10,7,,7,4,14,40,7.6,,,3,8,14,61,33,,,11,15,7,402,2.1,9.2
3541,Enzo Martín Roldán,ARG,MF,Unión,Liga Profesional Argentina,23,6.9,622,ND,ND,0,9,209,5,76.8,,,9,0,0,0,,0,5,8,10,0.5,,,3,22,34,27,26,,,12,17,6,352,0.2,0.5
3542,Gonzalo Maroni,ARG,MFFW,Tigre,Liga Profesional Argentina,24,19.1,1720,ND,ND,4,14,685,3,72.1,,,30,0,7,2,,3,6,37,55,3.0,,,23,58,125,121,113,,,28,34,21,1166,2.7,3.8
3543,Iván Marcone,ARG,MF,Independiente,Liga Profesional Argentina,33,22.5,2024,ND,ND,1,12,634,30,79.7,,,17,0,1,0,,0,33,10,23,0.9,,,11,15,155,17,124,,,49,82,36,1193,0.9,0.9
3544,Sasha Marcich,ARG,DF,Platense,Liga Profesional Argentina,25,24.3,2187,ND,ND,1,27,416,91,57.5,,,16,0,2,1,,1,42,21,18,1.5,,,23,36,80,53,77,,,80,122,54,1329,1.2,1.5
3545,Rafael Marcelo Delgado,ARG,DF,Belgrano,Liga Profesional Argentina,34,14.7,1320,ND,ND,1,23,317,63,73.8,,,1,0,1,0,,0,21,3,5,0.0,,,9,11,53,3,58,,,29,50,20,782,0.6,0.0
3546,Alexis Manyoma,COL,FWMF,Estudiantes–LP,Liga Profesional Argentina,21,11.1,999,ND,ND,6,14,395,8,74.3,,,27,0,9,3,,3,6,18,50,2.5,,,14,32,46,121,57,,,16,22,6,597,3.0,2.5
3547,Juan Manuel Insaurralde,ARG,DF,Sarmiento,Liga Profesional Argentina,39,24.0,2160,ND,ND,0,35,353,174,70.9,,,2,0,0,0,,0,23,2,10,1.1,,,3,9,47,5,63,,,16,39,12,972,0.1,1.1
3548,Juan Manuel García,ARG,FW,Newell's OB,Liga Profesional Argentina,31,9.5,859,ND,ND,1,0,127,10,59.0,,,5,0,4,3,,3,2,15,26,4.4,,,3,2,14,37,9,,,10,12,3,280,1.1,4.4
3549,Kevin Mantilla,COL,DF,Talleres,Liga Profesional Argentina,20,5.0,450,ND,ND,0,5,180,27,85.7,,,0,0,0,0,,0,8,1,0,0.0,,,1,2,13,1,26,,,11,19,8,302,0.2,0.0
3550,Federico Mancuello,ARG,MFFW,Independiente,Liga Profesional Argentina,34,9.0,806,ND,ND,1,10,217,5,67.3,,,11,0,2,1,,1,4,21,8,1.2,,,6,8,38,41,37,,,11,15,7,424,0.9,1.2
3551,Leandro Mamut,ARG,MF,Gimnasia–LP,Liga Profesional Argentina,20,5.0,449,ND,ND,0,8,122,5,68.7,,,7,0,1,1,,1,6,5,11,0.4,,,1,14,22,18,30,,,11,17,9,236,0.2,0.4
3552,Emanuel Mammana,ARG,DF,Vélez Sarsfield,Liga Profesional Argentina,27,18.0,1620,ND,ND,0,24,416,119,79.9,,,2,3,0,0,,0,30,3,3,0.2,,,0,8,45,1,68,,,34,64,24,1047,0.0,0.2
3553,Facundo Mallo,URU,DF,Rosario Central,Liga Profesional Argentina,29,13.2,1184,ND,ND,0,14,311,60,67.2,,,2,1,2,2,,2,30,4,5,1.2,,,3,4,34,3,48,,,11,41,7,674,0.1,1.2
3554,Alexis Maldonado,ARG,DF,Banfield,Liga Profesional Argentina,26,10.6,958,ND,ND,0,11,182,57,72.6,,,0,0,0,0,,0,6,1,3,0.1,,,0,2,16,0,29,,,15,21,10,446,0.1,0.1
3555,Víctor Malcorra,ARG,MFFW,Rosario Central,Liga Profesional Argentina,36,16.7,1499,ND,ND,5,17,501,6,65.4,,,25,0,8,0,,3,1,39,41,1.1,,,27,45,82,125,64,,,6,7,3,895,3.3,3.5
3556,Guido Mainero,ARG,FWMF,2 Teams,Liga Profesional Argentina,28,18.7,1679,ND,ND,1,23,422,22,58.3,,,18,0,5,4,,4,14,29,45,3.1,,,23,44,43,122,99,,,27,41,16,808,1.7,3.1
3557,Alejandro Maciel,ARG,DF,Banfield,Liga Profesional Argentina,26,15.2,1371,ND,ND,0,27,340,75,67.5,,,4,0,1,1,,1,20,3,11,0.3,,,2,1,18,2,38,,,27,47,19,772,0.1,0.3
3558,Francis Mac Allister,ARG,MF,Arg Juniors,Liga Profesional Argentina,28,13.1,1179,ND,ND,0,19,402,21,81.6,,,8,0,0,0,,0,17,11,9,0.3,,,5,4,69,6,96,,,42,59,23,824,0.2,0.3
3559,Alex Luna,ARG,FWMF,Independiente,Liga Profesional Argentina,19,7.2,648,ND,ND,0,9,199,5,68.6,,,26,0,1,1,,1,5,8,30,1.4,,,12,13,27,45,32,,,15,20,6,335,0.8,1.4
3560,Gonzalo Luján,ARG,DF,San Lorenzo,Liga Profesional Argentina,22,14.7,1325,ND,ND,0,16,393,45,68.0,,,1,0,0,0,,0,7,3,11,0.4,,,11,12,70,28,39,,,29,36,17,879,0.1,0.4
3561,Brian Luciatti,ARG,DF,Lanús,Liga Profesional Argentina,30,10.6,955,ND,ND,0,6,272,53,82.9,,,2,1,0,0,,0,15,0,9,0.3,,,1,10,31,2,31,,,12,27,6,514,0.0,0.3
3562,Martín Luciano,ARG,DF,Godoy Cruz,Liga Profesional Argentina,20,6.0,539,ND,ND,0,7,118,25,69.7,,,0,0,0,0,,0,11,4,9,0.1,,,3,6,19,10,22,,,17,28,17,319,0.2,0.1
3563,Felipe Loyola,CHI,MFDF,Independiente,Liga Profesional Argentina,23,18.0,1620,ND,ND,2,21,471,22,75.3,,,17,1,4,2,,2,15,15,45,1.5,,,16,47,59,87,96,,,33,48,18,900,1.6,1.5
3564,Maximiliano Lovera,ARG,FWMF,Rosario Central,Liga Profesional Argentina,24,9.8,881,ND,ND,2,8,352,4,69.9,,,11,0,2,0,,0,14,18,34,0.2,,,14,27,35,65,48,,,8,22,6,532,1.6,1.0
3565,Augusto Lotti,ITA,FWMF,2 Teams,Liga Profesional Argentina,27,6.9,625,ND,ND,1,16,122,9,62.0,,,14,0,1,0,,0,2,8,19,0.7,,,5,8,11,32,24,,,8,10,5,245,0.6,0.7
3566,Santiago López,ARG,FW,Independiente,Liga Profesional Argentina,17,10.6,951,ND,ND,0,10,275,4,64.6,,,24,0,1,1,,1,4,16,42,1.2,,,8,30,31,94,46,,,27,31,19,422,0.8,1.2
3567,Lisandro López,ARG,FWMF,Sarmiento,Liga Profesional Argentina,40,5.4,487,ND,ND,0,6,113,3,62.7,,,6,0,1,0,,1,4,5,15,2.3,,,4,7,20,25,25,,,4,8,3,208,0.8,3.1
3568,Kevin Lopez,ARG,MFFW,Defensa y Just,Liga Profesional Argentina,22,10.9,979,ND,ND,0,13,415,9,80.0,,,8,0,0,0,,0,12,23,27,0.5,,,9,17,76,40,61,,,23,35,11,714,2.2,0.5
3569,Julián López,ARG,MF,Defensa y Just,Liga Profesional Argentina,24,6.3,571,ND,ND,0,13,198,11,75.9,,,7,0,0,0,,0,5,3,16,0.3,,,2,4,30,8,27,,,11,16,7,398,0.1,0.3
3570,Elías López,ARG,DF,Sarmiento,Liga Profesional Argentina,23,22.6,2032,ND,ND,2,21,340,56,63.5,,,11,2,4,2,,2,27,17,17,1.1,,,22,31,49,70,90,,,40,67,23,989,2.1,1.1
3571,Santiago Longo,ARG,MF,Belgrano,Liga Profesional Argentina,25,6.7,603,ND,ND,0,12,171,10,86.1,,,1,0,0,0,,0,5,2,8,0.6,,,3,3,28,4,32,,,10,15,6,405,0.4,0.6
3572,Kevin Lomónaco,ARG,DF,2 Teams,Liga Profesional Argentina,22,22.1,1988,ND,ND,0,14,774,81,82.3,,,5,1,2,2,,2,23,7,18,0.7,,,5,35,92,2,129,,,25,48,17,1300,1.3,0.7
3573,Luciano Lollo,ARG,DF,Estudiantes–LP,Liga Profesional Argentina,36,18.7,1682,ND,ND,0,12,731,75,82.6,,,3,1,0,0,,0,21,3,9,0.4,,,3,3,87,5,76,,,18,39,12,1252,0.1,0.4
3574,Gastón Lodico,ARG,MF,Instituto,Liga Profesional Argentina,25,24.0,2164,ND,ND,6,24,882,24,80.7,,,18,0,7,1,,1,32,40,37,1.9,,,19,18,210,53,165,,,48,80,29,1715,3.6,1.9
3575,Raúl Loaiza,COL,MF,Lanús,Liga Profesional Argentina,29,9.4,844,ND,ND,0,17,231,13,83.8,,,13,1,0,0,,0,12,4,11,0.4,,,1,5,31,14,61,,,18,30,9,450,0.1,0.4
3576,Bruno Leyes,ARG,MF,Godoy Cruz,Liga Profesional Argentina,22,19.6,1762,ND,ND,0,16,512,47,78.1,,,19,0,0,0,,0,40,7,13,0.3,,,6,10,91,8,128,,,37,77,28,1054,0.4,0.3
3577,Alan Lescano,ARG,MFFW,Arg Juniors,Liga Profesional Argentina,22,20.9,1880,ND,ND,2,27,660,12,80.9,,,43,0,7,4,,5,21,33,46,3.7,,,23,32,132,89,113,,,33,54,17,1124,2.7,4.5
3578,Cristian Lema,ARG,DF,Boca Juniors,Liga Profesional Argentina,33,9.0,808,ND,ND,0,8,282,50,77.9,,,3,0,1,1,,1,14,1,5,0.4,,,0,6,34,3,39,,,18,32,12,597,0.2,0.4
3579,Ivan Leguizamon,PAR,FWMF,San Lorenzo,Liga Profesional Argentina,21,15.7,1413,ND,ND,1,25,329,7,57.1,,,25,0,4,1,,3,9,17,50,1.7,,,15,38,37,116,72,,,30,39,23,693,1.4,3.3
3580,Anibal Leguizamón,ARG,DF,Belgrano,Liga Profesional Argentina,32,13.6,1228,ND,ND,0,14,308,65,76.3,,,0,0,1,1,,1,18,1,8,0.3,,,2,8,44,6,33,,,22,40,12,634,0.2,0.3
3581,Joaquín Laso,ARG,DF,Independiente,Liga Profesional Argentina,33,22.6,2037,ND,ND,0,20,654,121,78.6,,,3,2,1,1,,1,35,5,16,0.8,,,3,8,79,3,99,,,26,61,18,1358,0.3,0.8
3582,Santiago Laquidaín,ARG,DF,Cen. Córdoba–SdE,Liga Profesional Argentina,22,5.7,513,ND,ND,1,6,210,21,84.2,,,3,0,1,0,,0,5,3,5,0.0,,,1,3,26,9,20,,,16,21,11,411,0.2,0.0
3583,Manuel Lanzini,ARG,MFFW,River Plate,Liga Profesional Argentina,30,9.3,839,ND,ND,0,11,511,5,85.3,,,24,0,1,1,,1,4,23,28,2.0,,,13,36,80,66,49,,,15,19,8,792,1.4,2.0
3584,Agustín Lagos,ARG,DF,2 Teams,Liga Profesional Argentina,22,6.2,554,ND,ND,0,10,153,19,65.0,,,9,0,1,1,,1,11,5,18,0.2,,,9,6,29,24,46,,,36,47,22,416,0.2,0.2
3585,Matías Kranevitter,ARG,MF,River Plate,Liga Profesional Argentina,30,7.4,665,ND,ND,0,7,245,15,85.3,,,1,0,0,0,,0,5,2,3,0.0,,,5,4,41,1,42,,,20,25,13,511,0.2,0.0
3586,Fernando Juárez,ARG,MF,Platense,Liga Profesional Argentina,25,22.8,2049,ND,ND,0,22,380,44,68.9,,,14,0,0,0,,0,42,10,50,0.2,,,9,13,111,26,109,,,64,106,48,1046,0.7,0.2
3587,Franco Jara,ARG,FW,Belgrano,Liga Profesional Argentina,35,17.8,1605,ND,ND,1,12,455,28,69.5,,,39,0,14,13,,13,2,18,72,7.2,,,21,29,64,139,71,,,12,14,6,708,1.6,8.1
3588,Tomás Jacob,ARG,DF,Newell's OB,Liga Profesional Argentina,19,7.1,642,ND,ND,0,9,193,23,80.1,,,0,0,0,0,,0,12,1,3,0.1,,,0,3,18,1,31,,,17,29,10,358,0.0,0.1
3589,Carlos Izquierdoz,ARG,DF,Lanús,Liga Profesional Argentina,35,19.6,1760,ND,ND,0,22,472,86,81.0,,,3,0,0,0,,0,32,2,5,0.5,,,4,5,49,6,43,,,36,68,26,1088,0.1,0.5
3590,Elian Irala,ARG,MF,San Lorenzo,Liga Profesional Argentina,19,17.5,1574,ND,ND,0,25,465,28,76.0,,,22,0,2,2,,2,20,7,41,0.6,,,5,20,66,31,132,,,51,71,36,990,0.2,0.6
3591,Rodrigo Insúa,ARG,DFMF,Barracas Central,Liga Profesional Argentina,26,24.9,2239,ND,ND,1,33,523,69,64.1,,,20,0,4,2,,3,32,34,37,0.9,,,19,47,82,95,103,,,45,77,34,1407,3.1,1.7
3592,Emanuel Insúa,ARG,DF,Banfield,Liga Profesional Argentina,32,12.0,1078,ND,ND,0,10,277,32,68.0,,,9,0,0,0,,0,12,4,16,0.9,,,7,40,49,33,76,,,33,45,20,618,0.3,0.9
3593,Juan Infante,ARG,DF,Atlé Tucumán,Liga Profesional Argentina,28,23.9,2151,ND,ND,2,28,377,46,70.1,,,5,0,2,0,,0,34,10,27,0.7,,,15,29,52,73,76,,,51,85,34,1111,1.9,0.7
3594,Juan Ignacio Ramírez,URU,FW,Newell's OB,Liga Profesional Argentina,26,18.7,1680,ND,ND,0,9,179,18,57.3,,,9,0,3,2,,3,1,13,31,6.3,,,3,7,18,47,28,,,12,13,8,381,1.7,8.4
3595,Juan Ignacio Méndez,ARG,MF,2 Teams,Liga Profesional Argentina,26,7.3,655,ND,ND,0,9,196,10,77.3,,,8,0,0,0,,0,6,6,13,0.1,,,7,4,36,9,44,,,24,30,18,401,0.3,0.1
3596,Franco Ibarra,ARG,MF,Rosario Central,Liga Profesional Argentina,22,19.8,1781,ND,ND,1,44,512,46,73.6,,,24,1,1,0,,0,28,10,15,0.3,,,6,6,86,12,121,,,88,116,57,1111,0.3,0.3
3597,César Ibáñez,ARG,DF,Huracán,Liga Profesional Argentina,24,11.7,1049,ND,ND,1,15,271,36,64.4,,,14,0,1,0,,0,23,10,15,0.1,,,13,17,45,33,83,,,42,65,31,722,0.7,0.1
3598,Marco Iacobellis,ARG,FWMF,Barracas Central,Liga Profesional Argentina,23,9.0,811,ND,ND,0,8,289,4,66.8,,,37,0,1,1,,1,6,5,31,1.5,,,7,24,35,45,63,,,25,31,12,463,0.4,1.5
3599,Santiago Hidalgo,ARG,FWMF,Independiente,Liga Profesional Argentina,18,8.1,729,ND,ND,2,14,196,7,68.2,,,18,0,3,1,,1,1,11,29,3.4,,,6,22,18,65,36,,,21,22,15,330,1.4,3.4
3600,Rodrigo Herrera,ARG,MF,Barracas Central,Liga Profesional Argentina,23,17.3,1553,ND,ND,2,25,340,44,72.8,,,20,1,2,0,,0,24,8,17,0.4,,,3,7,46,15,91,,,72,96,43,848,0.2,0.4
3601,José Herrera,ARG,FWMF,Arg Juniors,Liga Profesional Argentina,20,13.4,1206,ND,ND,2,14,344,9,62.7,,,27,0,4,2,,2,3,14,40,1.6,,,16,25,37,106,36,,,18,21,15,576,1.4,1.6
3602,Jonathan Herrera,ARG,FW,Deportivo Riestra,Liga Profesional Argentina,32,24.5,2204,ND,ND,0,12,349,25,59.8,,,34,0,9,7,,9,7,16,81,7.2,,,10,26,37,166,49,,,7,14,6,630,1.7,8.8
3603,Nicolás Hernández,COL,DF,2 Teams,Liga Profesional Argentina,26,15.5,1394,ND,ND,0,18,408,95,80.8,,,0,1,0,0,,0,18,2,6,0.0,,,2,9,50,0,37,,,15,33,11,777,0.2,0.0
3604,Leonardo Heredia,ARG,FWMF,Arg Juniors,Liga Profesional Argentina,28,4.9,440,ND,ND,0,2,73,3,68.6,,,5,0,0,0,,0,1,2,9,1.1,,,1,5,11,28,10,,,3,4,2,135,0.1,1.1
3605,Gerónimo Heredia,ARG,MFDF,Belgrano,Liga Profesional Argentina,18,7.5,673,ND,ND,0,9,186,14,69.9,,,15,0,1,1,,1,10,4,23,1.1,,,1,4,23,32,41,,,26,36,15,387,0.1,1.1
3606,Gabriel Hauche,ARG,MFFW,Sarmiento,Liga Profesional Argentina,37,4.8,432,ND,ND,1,4,75,11,58.0,,,2,0,1,0,,0,3,8,7,1.0,,,6,6,11,23,24,,,12,15,9,175,0.7,1.0
3607,Ezequiel Ham,SYR,MF,Ind. Rivadavia,Liga Profesional Argentina,29,14.2,1275,ND,ND,2,21,336,9,77.3,,,9,0,3,1,,1,6,21,12,2.7,,,10,17,78,52,69,,,9,15,6,702,1.4,2.7
3608,Adrián Guillermo Sánchez,ARG,MF,Atlé Tucumán,Liga Profesional Argentina,24,24.9,2238,ND,ND,0,42,660,55,78.2,,,22,2,0,0,,0,29,16,47,0.5,,,24,18,153,57,151,,,77,106,42,1489,1.2,0.5
3609,Tomas Guiacobini,ARG,MF,Sarmiento,Liga Profesional Argentina,19,8.1,733,ND,ND,1,14,149,17,76.8,,,7,2,1,0,,0,12,8,7,0.2,,,1,2,41,2,48,,,11,23,4,383,0.2,0.2
3610,Gabriel Gudiño,ARG,MFFW,Sarmiento,Liga Profesional Argentina,31,10.5,949,ND,ND,0,13,172,16,55.3,,,22,0,1,1,,1,8,6,30,2.3,,,3,13,9,44,47,,,32,40,15,330,0.4,2.3
3611,Jonathan Goya,ARG,MF,Deportivo Riestra,Liga Profesional Argentina,34,5.9,531,ND,ND,0,9,65,15,59.7,,,2,0,0,0,,0,8,1,10,0.0,,,2,3,16,2,25,,,15,23,8,219,0.0,0.0
3612,Santiago González,ARG,MF,Tigre,Liga Profesional Argentina,20,16.1,1447,ND,ND,1,40,367,26,79.3,,,19,0,2,1,,1,32,11,28,0.8,,,4,15,53,26,78,,,62,94,33,815,1.1,0.8
3613,Leandro González Pirez,ARG,DF,River Plate,Liga Profesional Argentina,31,16.2,1454,ND,ND,0,16,623,73,85.7,,,5,0,1,1,,1,35,5,11,0.6,,,2,10,77,1,69,,,21,56,14,1130,0.3,0.6
3614,Matías González,ARG,MF,Banfield,Liga Profesional Argentina,21,10.0,902,ND,ND,2,8,292,1,64.7,,,25,0,2,0,,0,1,16,40,0.7,,,8,13,50,56,71,,,27,28,19,520,0.9,0.7
3615,Lucas González,ARG,MFFW,Independiente,Liga Profesional Argentina,23,8.6,778,ND,ND,2,10,214,2,71.8,,,24,0,2,0,,0,3,6,27,0.5,,,5,6,30,43,36,,,15,18,8,360,0.4,0.5
3616,Francisco González,ARG,FW,Newell's OB,Liga Profesional Argentina,22,11.0,990,ND,ND,1,8,211,5,67.0,,,11,0,2,1,,1,3,22,27,0.9,,,19,19,19,95,39,,,13,16,7,369,2.0,0.9
3617,Francisco González,ARG,MF,Belgrano,Liga Profesional Argentina,26,21.8,1964,ND,ND,4,36,551,43,75.4,,,29,0,4,0,,0,11,45,48,2.6,,,11,24,99,73,123,,,52,63,36,1129,3.6,2.6
3618,Gonzalo Goñi,ARG,DF,Barracas Central,Liga Profesional Argentina,25,17.2,1552,ND,ND,0,29,339,86,78.1,,,5,2,0,0,,0,15,5,6,0.5,,,0,4,26,0,49,,,28,43,19,784,0.2,0.5
3619,Luciano Gondou,ARG,FW,Arg Juniors,Liga Profesional Argentina,22,5.9,532,ND,ND,0,3,126,4,66.4,,,14,0,1,1,,1,1,5,17,1.2,,,4,14,13,52,22,,,3,4,2,202,0.1,1.2
3620,Valentín Gómez,ARG,DF,Vélez Sarsfield,Liga Profesional Argentina,20,21.6,1947,ND,ND,0,42,654,119,78.6,,,7,0,0,0,,0,32,3,10,0.7,,,1,24,69,5,97,,,35,67,23,1337,0.2,0.7
3621,Lucas Gómez,ARG,MF,Arg Juniors,Liga Profesional Argentina,19,6.1,547,ND,ND,0,6,126,10,86.2,,,4,0,0,0,,0,3,2,6,0.2,,,1,8,17,14,33,,,12,15,9,286,0.0,0.2
3622,Iván Gómez,ARG,MFFW,Platense,Liga Profesional Argentina,26,7.6,681,ND,ND,0,4,140,7,71.9,,,13,0,0,0,,0,9,3,20,0.3,,,2,15,31,28,44,,,17,26,9,319,0.1,0.3
3623,Elías Gómez,ARG,DF,Vélez Sarsfield,Liga Profesional Argentina,29,23.3,2093,ND,ND,2,22,629,48,74.6,,,21,0,3,1,,1,17,14,41,0.9,,,18,36,116,81,128,,,49,66,25,1425,2.4,0.9
3624,Jonatan Goitía,ARG,MFDF,Deportivo Riestra,Liga Profesional Argentina,29,17.3,1555,ND,ND,0,34,177,35,49.0,,,9,0,0,0,,0,20,11,20,0.5,,,9,3,45,31,69,,,56,76,34,678,1.0,0.5
3625,Matías Godoy,ARG,FWMF,Cen. Córdoba–SdE,Liga Profesional Argentina,22,15.9,1430,ND,ND,3,4,350,8,74.3,,,25,0,4,1,,1,4,21,42,2.1,,,16,41,34,129,56,,,20,24,13,585,2.9,2.1
3626,Ian Glavinovich,ARG,DF,Newell's OB,Liga Profesional Argentina,22,6.0,540,ND,ND,0,6,197,25,81.9,,,0,0,0,0,,0,12,0,3,0.0,,,2,6,10,1,18,,,8,20,4,368,0.0,0.0
3627,Federico Girotti,ARG,FW,Talleres,Liga Profesional Argentina,24,16.4,1478,ND,ND,0,2,265,18,67.6,,,18,0,3,2,,3,3,12,42,4.3,,,6,13,23,74,22,,,7,10,4,541,0.9,5.1
3628,Milton Giménez,ARG,FW,2 Teams,Liga Profesional Argentina,27,16.1,1451,ND,ND,1,12,214,22,63.3,,,30,0,11,9,,10,3,4,52,6.5,,,7,12,26,63,39,,,21,24,13,442,0.6,8.8
3629,Luciano Giménez,ARG,FWMF,Estudiantes–LP,Liga Profesional Argentina,23,7.5,672,ND,ND,3,5,143,7,56.7,,,6,0,3,0,,0,3,12,26,1.7,,,6,13,21,63,28,,,11,14,9,296,0.9,1.7
3630,Juan Giménez,ARG,DF,Rosario Central,Liga Profesional Argentina,17,15.4,1388,ND,ND,1,26,442,59,80.8,,,8,0,2,1,,1,25,3,12,0.2,,,0,8,26,1,71,,,36,61,25,835,0.3,0.2
3631,Laurtaro Giaccone,ARG,FWMF,Rosario Central,Liga Profesional Argentina,22,10.1,908,ND,ND,2,17,257,12,73.6,,,6,0,3,1,,1,6,14,27,1.4,,,12,32,37,61,55,,,18,24,11,444,2.3,1.4
3632,Joaquín Gho,ARG,FWMF,Sarmiento,Liga Profesional Argentina,20,20.4,1840,ND,ND,3,21,389,32,57.0,,,19,0,6,3,,3,10,22,62,2.8,,,10,40,57,107,103,,,38,48,20,853,2.3,2.8
3633,Federico Gattoni,ARG,DF,River Plate,Liga Profesional Argentina,24,4.6,416,ND,ND,0,13,180,20,85.3,,,0,0,0,0,,0,7,0,3,0.1,,,0,0,21,0,18,,,6,13,2,349,0.0,0.1
3634,Manuel García,ARG,MF,Sarmiento,Liga Profesional Argentina,24,19.5,1752,ND,ND,1,27,265,25,62.7,,,29,0,3,2,,2,17,14,27,1.4,,,5,7,60,25,98,,,49,66,28,715,1.0,1.4
3635,Joaquín García,ARG,DF,Vélez Sarsfield,Liga Profesional Argentina,22,21.7,1955,ND,ND,0,16,624,51,81.0,,,10,0,0,0,,0,20,15,17,0.3,,,10,39,112,84,122,,,77,97,51,1397,1.0,0.3
3636,Agustín García Basso,ARG,DF,Racing Club,Liga Profesional Argentina,31,9.3,835,ND,ND,0,11,350,33,83.2,,,0,0,1,1,,1,13,3,3,0.4,,,5,5,41,3,43,,,6,19,4,624,0.1,0.4
3637,Nicolás Garayalde,ARG,MF,Gimnasia–LP,Liga Profesional Argentina,24,14.2,1275,ND,ND,0,21,337,20,74.6,,,12,0,0,0,,0,18,16,21,0.4,,,7,7,63,33,88,,,67,85,47,819,0.5,0.4
3638,Martín Garay,ARG,DFMF,Tigre,Liga Profesional Argentina,24,21.7,1956,ND,ND,0,28,734,31,72.1,,,30,1,1,1,,1,20,23,31,0.6,,,30,44,102,106,129,,,49,69,26,1490,1.8,0.6
3639,Leandro Garate,ARG,FWMF,2 Teams,Liga Profesional Argentina,30,7.5,674,ND,ND,0,3,88,9,56.7,,,3,0,2,1,,2,1,3,17,2.2,,,2,3,7,31,15,,,5,6,5,230,0.1,3.0
3640,Lucas Gamba,ARG,FWMF,Unión,Liga Profesional Argentina,36,5.6,507,ND,ND,0,11,152,2,67.5,,,10,0,1,1,,1,3,10,20,0.4,,,7,12,16,58,15,,,12,15,9,246,1.0,0.4
3641,Ariel Gamarra,PAR,MF,Arg Juniors,Liga Profesional Argentina,20,10.7,967,ND,ND,2,17,286,14,79.1,,,13,1,2,0,,0,16,11,9,0.2,,,3,2,46,12,53,,,30,46,21,634,0.9,0.2
3642,Tomás Galván,ARG,FWMF,Tigre,Liga Profesional Argentina,23,25.0,2249,ND,ND,4,22,750,17,84.6,,,34,0,6,2,,2,22,29,50,3.3,,,13,57,124,109,111,,,48,70,34,1262,3.1,3.3
3643,Jonathan Galván,ARG,DF,Arg Juniors,Liga Profesional Argentina,31,17.1,1543,ND,ND,1,24,625,67,78.3,,,0,0,3,2,,2,21,6,7,0.8,,,6,1,78,6,78,,,36,57,24,1210,1.2,0.8
3644,Ignacio Galván,ARG,DF,2 Teams,Liga Profesional Argentina,21,6.1,550,ND,ND,0,9,131,21,56.4,,,4,1,0,0,,0,2,0,14,0.1,,,4,12,11,37,20,,,10,12,6,305,0.0,0.1
3645,Braian Galván,ARG,FWMF,Banfield,Liga Profesional Argentina,23,9.2,832,ND,ND,1,12,204,4,65.2,,,7,0,1,0,,0,8,4,14,0.2,,,11,16,28,54,47,,,12,20,10,380,0.3,0.2
3646,Rodrigo Gallo,ARG,DFMF,Gimnasia–LP,Liga Profesional Argentina,23,5.4,487,ND,ND,0,6,144,23,67.8,,,4,0,0,0,,0,6,3,8,0.2,,,3,8,29,17,25,,,12,18,9,352,0.1,0.2
3647,Matías Galarza,PAR,MFFW,Talleres,Liga Profesional Argentina,21,13.6,1225,ND,ND,1,16,338,11,73.3,,,33,0,4,3,,3,7,12,45,2.5,,,9,17,46,71,79,,,34,41,19,607,0.5,2.5
3648,Matías Galarza,ARG,MF,Talleres,Liga Profesional Argentina,21,8.4,758,ND,ND,0,6,355,13,87.1,,,4,0,0,0,,0,10,9,5,0.2,,,3,5,51,5,51,,,15,25,9,630,0.6,0.2
3649,Nicolás Gaitán,ARG,MFFW,Sarmiento,Liga Profesional Argentina,35,14.3,1286,ND,ND,2,14,317,7,58.6,,,13,0,3,1,,1,9,31,21,1.4,,,21,19,75,75,66,,,24,33,14,676,2.6,1.4
3650,Franco Pardo,ARG,DF,Unión,Liga Profesional Argentina,26,26.0,2340,ND,ND,1,24,721,97,74.9,,,4,0,3,2,,2,53,10,16,1.3,,,8,23,74,7,129,,,51,104,36,1470,1.0,1.3
3651,Juan Franco Arrellaga,PAR,DF,Instituto,Liga Profesional Argentina,31,12.2,1101,ND,ND,0,16,204,30,58.8,,,12,0,1,1,,1,9,3,18,0.5,,,2,7,27,43,44,,,24,33,21,565,0.1,0.5
3652,Nicolas Fonseca,URU,MF,River Plate,Liga Profesional Argentina,25,6.2,558,ND,ND,0,8,306,12,84.0,,,2,0,0,0,,0,16,4,10,0.1,,,4,7,49,5,44,,,24,40,17,509,0.1,0.1
3653,Francisco Flores,ARG,DF,Atlé Tucumán,Liga Profesional Argentina,22,5.1,457,ND,ND,0,7,67,16,70.6,,,0,0,0,0,,0,6,0,3,0.1,,,1,0,11,0,23,,,6,12,5,197,0.0,0.1
3654,Jose Florentín,PAR,MF,Cen. Córdoba–SdE,Liga Profesional Argentina,27,12.3,1104,ND,ND,2,28,296,36,79.9,,,9,0,4,2,,2,27,14,20,1.1,,,5,9,83,17,63,,,25,52,15,706,1.7,1.1
3655,Jorge Figal,ARG,DF,Boca Juniors,Liga Profesional Argentina,29,12.8,1148,ND,ND,0,19,512,45,83.3,,,4,0,0,0,,0,10,2,6,0.3,,,4,14,38,10,44,,,21,31,13,898,0.0,0.3
3656,Héctor Fértoli,ARG,MFFW,Huracán,Liga Profesional Argentina,29,10.6,957,ND,ND,0,5,336,5,70.0,,,27,0,4,3,,4,7,12,28,1.2,,,8,17,42,47,78,,,20,27,10,599,1.3,2.0
3657,Lucas Ferreira,URU,DF,Defensa y Just,Liga Profesional Argentina,23,10.4,934,ND,ND,1,17,287,46,79.8,,,4,0,1,0,,0,11,3,11,0.1,,,2,5,27,3,37,,,23,34,11,609,0.1,0.1
3658,Cristian Ferreira,ARG,MF,2 Teams,Liga Profesional Argentina,24,7.7,692,ND,ND,0,1,274,0,74.8,,,14,1,1,1,,1,0,15,16,1.0,,,9,15,40,45,31,,,7,7,4,453,0.8,1.0
3659,Gianluca Ferrari,ARG,DF,Atlé Tucumán,Liga Profesional Argentina,26,11.4,1027,ND,ND,1,10,181,51,76.7,,,3,0,3,2,,2,21,4,5,1.1,,,3,4,22,4,46,,,28,49,22,492,1.0,1.1
3660,Thiago Fernández,ARG,FW,Vélez Sarsfield,Liga Profesional Argentina,19,21.3,1913,ND,ND,5,14,549,9,65.0,,,40,0,10,5,,5,9,39,70,5.1,,,34,63,72,210,95,,,28,37,13,930,4.9,5.1
3661,Rodrigo Fernández,URU,MF,Newell's OB,Liga Profesional Argentina,28,16.4,1474,ND,ND,0,27,442,17,75.7,,,12,1,0,0,,0,18,10,24,0.3,,,6,18,86,11,110,,,52,70,40,935,0.3,0.3
3662,Nicolás Fernández,ARG,FWMF,2 Teams,Liga Profesional Argentina,27,15.2,1367,ND,ND,4,5,327,5,70.1,,,24,0,10,6,,6,2,18,43,4.3,,,12,15,52,71,40,,,5,7,3,518,1.9,4.3
3663,Martín Fernández,URU,MF,Gimnasia–LP,Liga Profesional Argentina,22,11.9,1073,ND,ND,0,5,287,17,79.2,,,4,0,0,0,,0,10,3,11,0.7,,,2,9,48,12,68,,,19,29,14,615,0.1,0.7
3664,Ignacio Fernández,ARG,MFFW,River Plate,Liga Profesional Argentina,34,7.5,675,ND,ND,3,9,359,8,77.6,,,15,1,4,1,,1,4,13,23,1.1,,,10,14,63,67,41,,,17,21,12,632,0.6,1.1
3665,Gustavo Fernández,ARG,FW,Deportivo Riestra,Liga Profesional Argentina,33,5.0,446,ND,ND,0,1,122,7,59.4,,,18,0,0,0,,0,3,6,31,0.2,,,5,8,10,44,16,,,5,8,3,209,0.3,0.2
3666,Federico Fernández,ARG,DF,Estudiantes–LP,Liga Profesional Argentina,34,8.5,763,ND,ND,0,8,318,39,89.8,,,0,0,0,0,,0,12,2,4,0.5,,,0,2,27,1,34,,,4,16,3,555,0.2,0.5
3667,Damián Fernández,ARG,DF,Vélez Sarsfield,Liga Profesional Argentina,23,6.3,567,ND,ND,0,3,162,39,76.0,,,3,0,1,1,,1,12,1,4,0.8,,,0,3,16,1,38,,,8,20,5,382,0.0,0.8
3668,Juan Fedorco,ARG,DF,Independiente,Liga Profesional Argentina,23,10.5,943,ND,ND,0,15,251,57,74.3,,,1,0,0,0,,0,15,2,4,0.1,,,0,3,24,4,37,,,15,30,11,546,0.1,0.1
3669,Federico Fattori,ARG,MF,Huracán,Liga Profesional Argentina,31,19.2,1726,ND,ND,1,36,636,38,80.5,,,16,0,1,0,,0,28,9,16,0.1,,,12,11,128,11,147,,,44,72,31,1300,0.6,0.1
3670,Kevin Facundo Gutiérrez,ARG,MF,Defensa y Just,Liga Profesional Argentina,26,22.3,2008,ND,ND,0,25,790,28,81.6,,,20,0,0,0,,0,23,10,35,0.6,,,9,17,167,10,154,,,40,63,23,1491,0.4,0.6
3671,Francisco Facello,ARG,DF,Belgrano,Liga Profesional Argentina,21,4.8,431,ND,ND,0,7,77,14,57.6,,,1,1,0,0,,0,4,2,7,0.0,,,2,4,11,6,18,,,16,20,11,202,0.1,0.0
3672,Yair Ezequiel Arismendi,ARG,DF,Sarmiento,Liga Profesional Argentina,25,16.5,1486,ND,ND,0,26,205,83,53.6,,,4,0,0,0,,0,25,8,21,0.4,,,8,13,38,25,60,,,38,63,26,771,1.7,0.4
3673,Marcelo Estigarribia,ARG,FW,Atlé Tucumán,Liga Profesional Argentina,28,16.8,1515,ND,ND,3,27,306,33,53.2,,,27,0,9,6,,6,8,20,56,4.9,,,12,17,43,89,41,,,16,24,8,698,2.5,5.7
3674,Jalil Elías,SYR,MF,Vélez Sarsfield,Liga Profesional Argentina,27,7.8,706,ND,ND,0,10,241,14,77.8,,,8,0,0,0,,0,9,2,8,0.4,,,2,8,59,11,55,,,20,29,14,543,0.4,0.4
3675,Rodrigo Echeverría,CHI,MF,Huracán,Liga Profesional Argentina,28,23.9,2153,ND,ND,1,34,590,39,77.4,,,13,0,4,3,,3,28,19,28,2.0,,,9,11,100,44,131,,,58,86,46,1289,1.5,2.0
3676,Claudio Echeverri,ARG,MFFW,River Plate,Liga Profesional Argentina,18,12.9,1162,ND,ND,3,10,588,4,77.1,,,30,0,5,2,,2,3,34,39,3.8,,,27,37,89,117,72,,,18,21,13,841,3.2,3.8
3677,Nicolás Dubersarsky,ARG,MF,Instituto,Liga Profesional Argentina,19,20.1,1806,ND,ND,1,38,369,35,80.7,,,15,0,1,0,,0,20,8,18,0.1,,,3,8,82,12,134,,,50,70,34,865,0.2,0.1
3678,Gaspar Duarte,ARG,FWMF,Rosario Central,Liga Profesional Argentina,21,5.0,451,ND,ND,3,9,126,2,61.9,,,10,0,3,0,,0,1,6,21,0.0,,,5,19,12,48,17,,,1,2,0,186,0.8,0.0
3679,Nery Domínguez,ARG,DFMF,Lanús,Liga Profesional Argentina,33,11.0,988,ND,ND,0,12,320,43,80.5,,,2,0,0,0,,0,17,2,2,0.0,,,1,10,57,5,71,,,17,34,9,679,0.1,0.0
3680,Benjamín Domínguez,ARG,FW,Gimnasia–LP,Liga Profesional Argentina,20,10.7,960,ND,ND,1,10,260,2,68.7,,,22,0,3,1,,2,4,13,33,1.3,,,11,32,21,109,59,,,10,14,7,427,1.9,2.1
3681,Alexis Dominguez,ARG,FWMF,Barracas Central,Liga Profesional Argentina,27,8.3,746,ND,ND,2,4,128,6,61.7,,,20,0,3,1,,1,0,8,31,1.1,,,2,5,9,33,11,,,5,5,2,265,0.4,1.1
3682,Jerónimo Domina,ARG,FWMF,Unión,Liga Profesional Argentina,18,5.6,503,ND,ND,0,2,124,2,61.7,,,11,0,4,4,,4,0,2,20,1.0,,,0,12,9,39,27,,,4,4,2,215,0.1,1.0
3683,Paulo Díaz,CHI,DF,River Plate,Liga Profesional Argentina,29,20.3,1827,ND,ND,0,13,1081,68,87.2,,,8,1,2,2,,2,41,6,12,1.1,,,7,15,115,6,116,,,25,66,17,1776,1.0,1.1
3684,Gabriel Díaz,ARG,DF,Sarmiento,Liga Profesional Argentina,23,11.4,1027,ND,ND,0,11,209,32,58.9,,,6,0,0,0,,0,14,4,19,0.3,,,3,14,38,29,59,,,26,40,16,575,0.4,0.3
3685,Enzo Díaz,ARG,DF,River Plate,Liga Profesional Argentina,28,9.3,837,ND,ND,0,18,449,16,81.7,,,6,0,0,0,,0,20,11,17,0.1,,,10,22,56,90,56,,,28,48,22,808,0.4,0.1
3686,Alexander Díaz,ARG,MFFW,Deportivo Riestra,Liga Profesional Argentina,24,5.7,510,ND,ND,0,6,126,4,58.9,,,16,0,2,2,,2,3,7,33,1.4,,,3,19,11,37,34,,,14,17,11,210,0.8,1.4
3687,Ramiro Di Luciano,ARG,DF,Banfield,Liga Profesional Argentina,20,11.8,1066,ND,ND,1,23,229,37,59.8,,,10,0,1,0,,0,12,7,23,0.2,,,12,32,36,57,31,,,28,40,19,576,1.4,0.2
3688,Lautaro Di Lollo,ARG,DF,Boca Juniors,Liga Profesional Argentina,19,10.3,929,ND,ND,0,17,364,57,82.9,,,2,0,0,0,,0,7,1,6,0.0,,,1,4,37,2,39,,,32,39,24,692,0.0,0.0
3689,Marco Di Cesare,ARG,DF,Racing Club,Liga Profesional Argentina,22,11.4,1026,ND,ND,0,29,367,45,80.5,,,4,0,0,0,,0,10,1,5,0.1,,,3,8,38,3,62,,,19,29,14,695,0.0,0.1
3690,Valentín Depietri,ARG,FW,Talleres,Liga Profesional Argentina,23,8.5,761,ND,ND,0,6,236,4,72.4,,,8,0,1,1,,1,1,10,24,1.2,,,7,38,21,90,42,,,11,12,8,359,1.6,1.2
3691,Nicolás Demartini,ARG,DF,Barracas Central,Liga Profesional Argentina,24,15.6,1400,ND,ND,0,30,276,89,75.8,,,6,1,1,1,,1,26,3,7,0.7,,,3,2,46,5,33,,,33,59,21,682,0.1,0.7
3692,Mateo Del Blanco,ARG,DF,Unión,Liga Profesional Argentina,20,11.6,1046,ND,ND,3,15,375,24,71.7,,,13,0,3,0,,0,11,15,23,0.2,,,25,27,65,74,67,,,23,34,14,725,2.0,0.2
3693,Mathías De Ritis,URU,DF,Banfield,Liga Profesional Argentina,21,13.5,1219,ND,ND,0,13,338,44,60.9,,,17,0,1,1,,1,29,10,16,0.5,,,17,22,59,42,74,,,39,68,29,777,0.8,0.5
3694,Matías De los Santos,URU,DF,Atlé Tucumán,Liga Profesional Argentina,31,10.1,910,ND,ND,0,7,152,58,69.7,,,2,1,0,0,,0,14,0,4,0.2,,,0,2,22,2,36,,,16,30,13,446,0.0,0.2
3695,Hernán De La Fuente,ARG,DF,Huracán,Liga Profesional Argentina,27,16.3,1466,ND,ND,0,23,310,35,72.0,,,11,0,1,1,,1,22,9,29,0.6,,,10,22,51,53,76,,,36,58,19,791,0.3,0.6
3696,Jonathan David Gómez,ARG,MFFW,Rosario Central,Liga Profesional Argentina,34,13.7,1230,ND,ND,0,16,353,12,81.9,,,16,0,0,0,,0,13,15,20,1.1,,,12,37,65,33,70,,,26,39,17,625,0.7,1.1
3697,Fernando David Cardozo,PAR,FWMF,Newell's OB,Liga Profesional Argentina,22,7.5,676,ND,ND,0,15,194,9,64.4,,,14,0,0,0,,0,2,3,16,1.1,,,2,9,17,50,31,,,18,20,13,360,0.1,1.1
3698,Alexis Cuello,ARG,FW,San Lorenzo,Liga Profesional Argentina,23,19.8,1778,ND,ND,0,18,385,19,59.9,,,44,0,4,4,,4,4,10,84,4.3,,,5,32,17,147,54,,,32,36,25,705,0.9,4.3
3699,Claudio Corvalán,ARG,DF,Unión,Liga Profesional Argentina,34,22.6,2034,ND,ND,1,14,675,107,74.2,,,4,0,1,0,,0,36,11,17,2.6,,,18,12,105,40,87,,,37,73,24,1572,0.8,2.6
3700,Mateo Coronel,ARG,FW,Atlé Tucumán,Liga Profesional Argentina,25,16.0,1441,ND,ND,1,12,404,4,69.7,,,33,0,6,4,,5,4,30,62,5.0,,,16,43,22,158,46,,,10,14,4,652,2.9,6.6
3701,Kevin Coronel,ARG,DF,Arg Juniors,Liga Profesional Argentina,19,9.2,827,ND,ND,1,12,289,23,78.1,,,5,0,1,0,,0,14,11,13,0.2,,,11,15,37,35,28,,,32,46,14,625,0.3,0.2
3702,Emanuel Coronel,ARG,DF,Rosario Central,Liga Profesional Argentina,26,15.9,1427,ND,ND,0,18,431,32,68.4,,,20,1,0,0,,0,36,15,31,0.2,,,9,30,67,54,97,,,36,72,27,991,1.2,0.2
3703,Enzo Copetti,ARG,FWMF,Rosario Central,Liga Profesional Argentina,28,15.8,1422,ND,ND,2,11,299,11,61.1,,,13,0,3,1,,1,4,14,47,2.8,,,7,14,32,95,28,,,7,11,5,546,1.5,3.6
3704,Leandro Contín,ARG,FW,Tigre,Liga Profesional Argentina,28,4.8,431,ND,ND,0,2,74,3,73.0,,,6,0,1,0,,1,0,3,13,0.6,,,3,2,9,20,6,,,2,2,1,141,0.7,1.3
3705,Gabriel Compagnucci,ARG,DFMF,Belgrano,Liga Profesional Argentina,32,15.6,1406,ND,ND,3,8,361,46,68.3,,,14,0,3,0,,0,10,27,17,0.5,,,20,29,29,76,68,,,29,39,19,793,2.3,0.5
3706,Nazareno Colombo,ARG,DF,Racing Club,Liga Profesional Argentina,24,16.9,1521,ND,ND,0,16,589,112,76.7,,,6,2,1,1,,1,18,4,14,0.5,,,6,19,62,3,46,,,32,50,21,1115,0.3,0.5
3707,Facundo Colidio,ARG,FW,River Plate,Liga Profesional Argentina,24,15.6,1407,ND,ND,1,19,414,4,69.6,,,26,0,8,6,,7,2,21,36,5.0,,,15,31,32,143,48,,,21,23,14,664,3.3,5.7
3708,Nicolás Colazo,ARG,DFMF,Gimnasia–LP,Liga Profesional Argentina,33,16.1,1453,ND,ND,1,22,313,45,68.9,,,5,0,2,1,,1,20,17,13,0.3,,,23,14,90,35,64,,,36,56,23,890,1.2,0.3
3709,Pablo Chavarría,ARG,FW,Belgrano,Liga Profesional Argentina,36,6.7,604,ND,ND,0,7,114,12,63.3,,,9,0,2,2,,2,0,9,28,3.2,,,5,13,11,54,15,,,6,6,3,253,0.7,3.2
3710,Edwuin Cetré,COL,FWMF,Estudiantes–LP,Liga Profesional Argentina,26,12.2,1097,ND,ND,1,9,350,11,66.0,,,15,0,4,2,,3,5,23,32,1.0,,,18,32,29,154,42,,,10,15,7,545,1.8,1.8
3711,Ezequiel Cerutti,ARG,FW,San Lorenzo,Liga Profesional Argentina,32,11.6,1040,ND,ND,2,10,298,4,67.1,,,13,0,3,1,,1,5,22,23,0.3,,,22,32,29,89,52,,,13,18,9,454,1.4,0.3
3712,Giuliano Cerato,ARG,DF,Instituto,Liga Profesional Argentina,25,14.8,1333,ND,ND,1,14,322,36,58.3,,,10,0,1,0,,0,20,12,11,0.5,,,20,12,54,68,73,,,29,49,18,892,0.9,0.5
3713,Milton Céliz,ARG,MF,Deportivo Riestra,Liga Profesional Argentina,31,19.3,1741,ND,ND,0,35,268,47,56.1,,,26,0,0,0,,0,21,17,37,1.8,,,24,15,70,53,99,,,51,72,35,796,1.1,2.6
3714,Edinson Cavani,URU,FW,Boca Juniors,Liga Profesional Argentina,36,14.4,1294,ND,ND,1,5,204,17,74.1,,,7,0,5,4,,4,1,6,35,6.4,,,6,6,21,62,30,,,8,9,3,372,0.8,6.4
3715,Matías Catalán,CHI,DF,Talleres,Liga Profesional Argentina,31,8.0,723,ND,ND,0,13,281,41,82.2,,,1,1,1,1,,1,10,1,4,0.2,,,2,4,31,2,24,,,12,22,8,515,0.0,0.2
3716,Lucas Castro,ARG,MF,Gimnasia–LP,Liga Profesional Argentina,34,16.3,1466,ND,ND,1,21,506,24,70.7,,,25,0,3,2,,2,11,16,52,1.9,,,23,21,114,66,124,,,35,46,25,962,1.4,1.9
3717,Rodrigo Castillo,ARG,FW,Gimnasia–LP,Liga Profesional Argentina,24,25.9,2335,ND,ND,2,33,584,33,70.0,,,43,0,8,6,,6,7,28,110,8.6,,,9,28,39,209,94,,,19,26,12,1069,2.3,8.6
3718,Milton Casco,ARG,DF,River Plate,Liga Profesional Argentina,35,13.7,1237,ND,ND,1,9,566,24,80.7,,,4,0,1,0,,0,17,14,10,0.1,,,17,22,93,84,76,,,14,31,8,1026,1.1,0.1
3719,Lucas Carrizo,ARG,DF,Huracán,Liga Profesional Argentina,26,17.5,1577,ND,ND,1,23,630,70,70.4,,,6,0,1,0,,0,26,9,14,0.4,,,15,13,71,7,71,,,52,78,34,1237,0.5,0.4
3720,Guido Carrillo,ARG,FW,Estudiantes–LP,Liga Profesional Argentina,32,13.2,1187,ND,ND,1,8,196,18,66.2,,,10,0,8,7,,7,2,9,20,4.3,,,6,4,30,71,34,,,6,8,3,487,0.8,5.8
3721,Ramiro Carrera,ARG,FWMF,Lanús,Liga Profesional Argentina,30,12.7,1142,ND,ND,1,18,318,22,68.5,,,16,0,2,1,,1,10,13,34,2.4,,,6,20,47,44,55,,,26,36,13,653,1.0,2.4
3722,Lautaro Carrera,ARG,DF,Instituto,Liga Profesional Argentina,20,4.9,445,ND,ND,0,6,111,28,78.6,,,0,1,0,0,,0,8,0,1,0.0,,,0,0,7,0,9,,,14,22,6,256,0.0,0.0
3723,Nicolás Caro,ARG,DF,Deportivo Riestra,Liga Profesional Argentina,28,20.1,1808,ND,ND,0,9,96,125,57.7,,,2,1,1,1,,1,24,2,6,1.1,,,3,0,32,2,38,,,12,36,7,544,0.3,1.1
3724,Agustín Cardozo,ARG,MF,Tigre,Liga Profesional Argentina,26,23.9,2148,ND,ND,1,21,856,36,87.5,,,23,0,2,1,,1,15,14,23,1.1,,,11,39,130,11,155,,,39,54,23,1522,0.8,1.1
3725,Mauricio Cardillo,ARG,MFDF,Ind. Rivadavia,Liga Profesional Argentina,20,7.2,650,ND,ND,1,11,93,17,55.4,,,4,0,1,0,,0,9,3,8,1.3,,,3,7,20,28,20,,,10,19,6,271,0.1,1.3
3726,Johan Carbonero,COL,FWMF,Racing Club,Liga Profesional Argentina,24,12.0,1076,ND,ND,1,12,362,2,79.7,,,29,0,3,2,,2,2,19,35,2.9,,,21,46,49,147,31,,,6,8,4,491,1.4,2.9
3727,Nicolás Capraro,ARG,DF,Barracas Central,Liga Profesional Argentina,25,23.4,2103,ND,ND,0,25,488,147,75.3,,,10,3,0,0,,0,26,5,19,0.6,,,3,8,61,7,97,,,37,63,21,1154,0.2,0.6
3728,Alan Cantero,ARG,MF,Barracas Central,Liga Profesional Argentina,25,9.4,850,ND,ND,1,9,207,8,70.9,,,34,0,2,1,,1,0,7,46,1.2,,,2,8,15,35,35,,,9,9,5,323,0.7,1.2
3729,Ezequiel Cannavo,ARG,DF,Defensa y Just,Liga Profesional Argentina,21,14.0,1261,ND,ND,0,18,261,49,69.7,,,10,0,1,1,,1,21,4,26,2.4,,,13,23,27,65,41,,,29,50,18,664,0.3,2.4
3730,Ezequiel Cañete,ARG,MF,Banfield,Liga Profesional Argentina,24,8.7,785,ND,ND,0,12,201,14,77.1,,,6,0,1,1,,1,19,5,7,1.4,,,0,3,38,12,52,,,23,42,14,451,0.2,1.4
3731,Jhonatan Candia,URU,FWMF,Barracas Central,Liga Profesional Argentina,28,10.0,896,ND,ND,0,8,187,7,71.5,,,13,0,1,1,,1,2,10,23,2.0,,,8,7,23,41,22,,,5,7,3,355,0.8,2.0
3732,Gastón Campi,ARG,DF,San Lorenzo,Liga Profesional Argentina,32,23.6,2120,ND,ND,1,19,692,92,80.7,,,1,1,2,1,,1,34,6,8,0.8,,,5,18,87,5,76,,,27,61,20,1359,0.4,0.8
3733,Jaminton Campaz,COL,FWMF,Rosario Central,Liga Profesional Argentina,23,12.2,1101,ND,ND,1,14,423,5,67.2,,,28,0,4,3,,3,7,11,39,1.8,,,14,41,41,123,77,,,28,35,19,674,1.3,1.8
3734,Juan Camilo Portilla,COL,MF,Talleres,Liga Profesional Argentina,25,15.6,1408,ND,ND,1,24,647,27,84.6,,,15,0,1,0,,0,30,9,20,0.6,,,6,21,78,12,73,,,38,68,25,1156,0.6,0.6
3735,Juan Cáceres,PAR,DF,Lanús,Liga Profesional Argentina,23,13.0,1167,ND,ND,0,16,371,43,72.1,,,6,0,0,0,,0,13,16,15,0.2,,,20,18,70,44,68,,,47,60,35,934,0.8,0.2
3736,Darío Cáceres,PAR,DFMF,Defensa y Just,Liga Profesional Argentina,26,4.5,402,ND,ND,0,6,122,15,79.6,,,3,0,0,0,,0,1,5,7,0.0,,,5,6,9,25,27,,,9,10,7,274,0.2,0.0
3737,Elías Cabrera,ARG,MFFW,2 Teams,Liga Profesional Argentina,20,10.8,971,ND,ND,0,11,376,3,73.2,,,22,0,0,0,,0,11,21,23,0.6,,,7,12,71,45,63,,,28,39,17,679,1.8,0.6
3738,Yonathan Cabral,ARG,DF,Gimnasia–LP,Liga Profesional Argentina,31,24.5,2208,ND,ND,0,37,482,106,71.1,,,1,1,0,0,,0,58,4,12,0.7,,,1,26,83,4,107,,,61,119,43,1222,0.3,0.7
3739,Rodrigo Cabral,ARG,FW,Huracán,Liga Profesional Argentina,23,15.4,1385,ND,ND,1,28,363,3,63.5,,,22,0,3,2,,2,11,8,44,1.5,,,12,33,33,107,88,,,37,48,22,644,0.7,1.5
3740,Favio Cabral,ARG,FW,Cen. Córdoba–SdE,Liga Profesional Argentina,22,6.2,561,ND,ND,1,9,112,9,68.1,,,14,0,5,4,,4,1,5,20,2.5,,,2,6,11,30,13,,,4,5,3,206,1.1,3.3
3741,Nahuel Bustos,ARG,MF,2 Teams,Liga Profesional Argentina,25,9.0,814,ND,ND,1,5,213,5,68.3,,,18,0,2,1,,1,3,14,25,2.0,,,5,17,37,44,34,,,8,11,5,404,1.3,2.0
3742,Joaquín Burgos,ARG,FW,Estudiantes–LP,Liga Profesional Argentina,19,6.3,566,ND,ND,0,5,160,2,66.8,,,6,0,2,2,,2,4,9,10,2.4,,,10,15,11,60,26,,,5,9,5,278,0.6,2.6
3743,Esteban Burgos,ARG,DF,2 Teams,Liga Profesional Argentina,32,9.5,856,ND,ND,0,14,190,52,75.2,,,0,0,0,0,,0,8,1,3,0.1,,,0,4,25,1,28,,,7,15,5,465,0.0,0.1
3744,Valentín Burgoa,ARG,FWMF,Sarmiento,Liga Profesional Argentina,24,11.7,1053,ND,ND,2,9,253,7,67.6,,,20,0,2,0,,0,8,17,35,1.1,,,7,22,26,49,66,,,22,30,16,497,1.2,1.1
3745,Facundo Bruera,ARG,FW,2 Teams,Liga Profesional Argentina,25,8.6,777,ND,ND,0,8,143,13,58.8,,,19,0,3,3,,3,0,8,39,3.0,,,3,5,15,40,13,,,6,6,3,300,0.5,3.0
3746,Lucas Brochero,ARG,DFFW,Barracas Central,Liga Profesional Argentina,25,11.2,1010,ND,ND,0,10,167,37,56.6,,,10,0,0,0,,0,11,10,18,0.4,,,10,13,28,40,34,,,16,27,10,477,0.6,0.4
3747,Miguel Brizuela,ARG,DF,Instituto,Liga Profesional Argentina,27,5.9,531,ND,ND,0,9,122,30,71.7,,,1,0,0,0,,0,4,3,1,0.0,,,1,1,21,5,24,,,6,10,4,284,0.1,0.0
3748,Norberto Briasco,ARM,MFFW,2 Teams,Liga Profesional Argentina,27,5.4,490,ND,ND,0,7,122,3,68.6,,,13,0,1,1,,1,1,5,27,0.3,,,1,4,12,44,23,,,9,10,6,223,0.3,0.3
3749,Néstor Breitenbruch,ARG,DF,Atlé Tucumán,Liga Profesional Argentina,28,10.4,938,ND,ND,0,13,230,46,71.3,,,0,0,1,1,,1,7,3,11,0.7,,,3,6,29,14,39,,,27,34,18,578,0.1,0.7
3750,Moisés Brandán,ARG,DF,Atlé Tucumán,Liga Profesional Argentina,23,12.8,1149,ND,ND,1,19,177,58,60.1,,,5,0,1,0,,0,16,10,17,0.4,,,9,3,35,27,46,,,37,53,29,680,1.1,0.4
3751,Malcom Braida,ARG,DF,San Lorenzo,Liga Profesional Argentina,26,12.4,1120,ND,ND,0,16,369,33,69.8,,,17,0,0,0,,0,16,11,28,0.8,,,9,23,58,66,72,,,37,53,24,780,1.1,0.8
3752,Agustín Bouzat,ARG,MFDF,Vélez Sarsfield,Liga Profesional Argentina,29,23.8,2139,ND,ND,0,38,540,47,70.9,,,9,0,0,0,,0,45,15,29,0.3,,,5,30,121,33,151,,,73,118,41,1370,0.7,0.3
3753,Walter Bou,ARG,FW,Lanús,Liga Profesional Argentina,30,16.6,1497,ND,ND,3,16,363,11,71.3,,,34,0,10,6,,7,13,23,55,5.0,,,10,11,44,133,47,,,11,24,4,652,2.6,5.8
3754,Rubén Botta,ARG,MFFW,Talleres,Liga Profesional Argentina,34,15.9,1434,ND,ND,5,9,580,6,73.9,,,38,0,7,1,,2,10,32,40,1.7,,,25,47,118,126,67,,,20,30,12,876,2.1,2.4
3755,Sebastián Boselli,URU,DF,2 Teams,Liga Profesional Argentina,20,11.9,1071,ND,ND,0,23,331,75,79.3,,,3,0,1,1,,1,20,1,8,0.5,,,3,9,60,2,51,,,31,51,14,732,0.1,0.5
3756,Miguel Borja,COL,FW,River Plate,Liga Profesional Argentina,31,14.8,1336,ND,ND,1,10,243,10,64.5,,,15,0,12,8,,11,1,14,41,10.6,,,8,14,18,94,22,,,16,17,12,490,1.1,13.0
3757,Ezequiel Bonifacio,ARG,DF,Banfield,Liga Profesional Argentina,29,5.1,459,ND,ND,0,4,107,8,69.7,,,2,1,0,0,,0,6,2,11,0.1,,,1,7,23,10,26,,,8,14,5,260,0.0,0.1
3758,Luciano Boggio,ITA,MF,Lanús,Liga Profesional Argentina,24,7.4,667,ND,ND,0,10,178,11,80.1,,,9,0,0,0,,0,7,6,10,0.3,,,2,11,29,15,50,,,7,14,4,414,1.1,0.3
3759,Rodrigo Bogarín,PAR,MFFW,Defensa y Just,Liga Profesional Argentina,26,10.0,904,ND,ND,0,6,331,8,73.9,,,6,0,1,1,,1,4,18,14,0.7,,,12,13,59,47,50,,,24,28,19,622,0.9,0.7
3760,Pablo de Blasis,ARG,MFFW,Gimnasia–LP,Liga Profesional Argentina,35,14.2,1280,ND,ND,0,16,442,19,72.3,,,12,0,2,0,,2,11,21,28,2.3,,,19,21,119,78,102,,,28,39,17,886,1.4,3.9
3761,Lautaro Blanco,ARG,DF,Boca Juniors,Liga Profesional Argentina,24,18.0,1619,ND,ND,1,16,597,26,67.0,,,10,0,1,0,,0,14,28,23,0.1,,,32,57,90,129,88,,,49,63,33,1306,2.9,0.1
3762,Juan Bisanz,ARG,FWMF,Banfield,Liga Profesional Argentina,22,8.3,744,ND,ND,1,9,142,5,61.5,,,15,0,1,0,,0,6,7,26,0.8,,,4,14,14,45,25,,,17,23,10,264,1.3,0.8
3763,Bruno Bianchi,ARG,DF,Ind. Rivadavia,Liga Profesional Argentina,34,11.1,1000,ND,ND,0,12,204,60,72.3,,,1,0,0,0,,0,15,1,5,0.1,,,1,1,16,0,23,,,20,35,15,511,0.0,0.1
3764,Lucas Besozzi,ARG,MF,2 Teams,Liga Profesional Argentina,21,4.9,445,ND,ND,0,3,137,1,63.6,,,11,0,0,0,,0,2,3,16,0.2,,,1,25,19,58,23,,,4,6,1,196,0.3,0.2
3765,Guillermo Benítez,ARG,DF,Huracán,Liga Profesional Argentina,30,14.0,1256,ND,ND,0,23,241,34,66.4,,,12,0,0,0,,0,14,15,18,0.5,,,12,23,52,67,45,,,31,45,14,663,1.2,0.5
3766,Fernando Benítez,ARG,FWMF,Cen. Córdoba–SdE,Liga Profesional Argentina,23,6.5,587,ND,ND,2,3,184,2,68.3,,,11,0,3,1,,1,5,7,30,0.9,,,4,22,17,75,21,,,8,13,5,276,1.6,0.9
3767,Nicolás Benegas,ARG,FW,Deportivo Riestra,Liga Profesional Argentina,27,10.5,948,ND,ND,3,10,203,4,47.4,,,27,0,6,2,,3,6,14,43,1.3,,,14,16,23,63,35,,,10,16,7,386,2.1,2.1
3768,Gastón Benedetti,ARG,DF,Estudiantes–LP,Liga Profesional Argentina,22,15.7,1410,ND,ND,0,22,525,38,75.7,,,12,0,1,1,,1,19,10,22,1.1,,,12,28,92,73,100,,,32,51,19,1094,0.4,1.1
3769,Gastón Benavídez,ARG,DF,Talleres,Liga Profesional Argentina,28,22.9,2059,ND,ND,4,32,722,58,78.3,,,9,1,5,1,,1,24,37,25,2.9,,,41,60,131,134,100,,,48,72,34,1501,2.9,2.9
3770,Tomás Belmonte,ARG,MF,Boca Juniors,Liga Profesional Argentina,25,13.5,1218,ND,ND,0,15,356,24,86.4,,,6,0,0,0,,0,15,2,16,1.0,,,1,5,48,14,72,,,38,53,23,809,0.0,1.0
3771,Jonathan Bay,ARG,DF,Instituto,Liga Profesional Argentina,30,9.3,840,ND,ND,0,9,165,23,59.9,,,2,0,0,0,,0,13,13,10,0.2,,,8,4,21,41,29,,,6,19,3,478,0.6,0.2
3772,Damián Batallini,ARG,MFDF,2 Teams,Liga Profesional Argentina,27,8.2,736,ND,ND,0,13,205,1,76.1,,,9,0,0,0,,0,5,6,22,0.8,,,8,12,15,48,47,,,24,29,19,342,0.3,0.8
3773,Bruno Barticciotto,CHI,FWMF,Talleres,Liga Profesional Argentina,22,11.2,1006,ND,ND,2,11,273,8,77.2,,,21,0,9,7,,7,5,14,32,2.3,,,9,17,38,66,37,,,13,18,8,474,1.5,2.3
3774,Bautista Barros Schelotto,ARG,DF,Platense,Liga Profesional Argentina,24,15.3,1378,ND,ND,3,20,164,50,57.5,,,3,0,3,0,,0,16,11,10,0.1,,,15,3,31,29,40,,,42,58,30,655,1.2,0.1
3775,Rafael Barrios,ARG,DFMF,Cen. Córdoba–SdE,Liga Profesional Argentina,30,17.3,1556,ND,ND,1,30,510,25,71.0,,,9,0,2,1,,1,12,18,30,2.0,,,16,40,64,120,81,,,46,58,30,1145,1.1,2.0
3776,Pier Barrios,ARG,DF,Godoy Cruz,Liga Profesional Argentina,33,21.0,1886,ND,ND,0,21,463,104,75.3,,,1,1,0,0,,0,23,3,6,0.2,,,4,12,69,5,54,,,25,48,18,1044,0.1,0.2
3777,Nahuel Barrios,ARG,MFFW,San Lorenzo,Liga Profesional Argentina,25,7.8,701,ND,ND,0,5,310,3,81.4,,,15,0,0,0,,0,2,7,26,0.4,,,17,29,50,67,50,,,17,19,13,470,0.2,0.4
3778,Martín Barrios,URU,MF,Racing Club,Liga Profesional Argentina,25,4.7,424,ND,ND,0,8,142,4,82.2,,,7,0,0,0,,0,4,3,6,0.3,,,4,7,29,16,26,,,10,14,7,286,0.1,0.3
3779,Alan Barrionuevo,ARG,DF,Deportivo Riestra,Liga Profesional Argentina,27,24.0,2156,ND,ND,1,33,200,163,55.5,,,4,0,3,2,,2,23,6,7,0.9,,,2,9,55,9,80,,,35,58,21,826,0.8,0.9
3780,Daniel Barrea,ARG,MFFW,Godoy Cruz,Liga Profesional Argentina,22,13.9,1250,ND,ND,4,14,271,16,67.0,,,20,1,7,3,,3,9,18,45,1.9,,,10,32,22,81,66,,,13,22,9,484,4.5,1.9
3781,Juan Barinaga,ARG,DFMF,2 Teams,Liga Profesional Argentina,23,12.8,1154,ND,ND,0,14,348,22,66.7,,,21,0,1,1,,1,10,7,30,0.4,,,12,28,28,80,61,,,24,34,14,790,0.6,0.4
3782,Adam Bareiro,PAR,FW,2 Teams,Liga Profesional Argentina,27,7.2,650,ND,ND,1,4,158,4,73.1,,,7,0,1,0,,0,1,10,20,1.0,,,1,4,6,52,14,,,5,6,2,256,1.3,1.0
3783,Miguel Barbieri,ARG,DF,Rosario Central,Liga Profesional Argentina,30,7.3,659,ND,ND,0,11,170,34,73.4,,,0,0,0,0,,0,19,3,5,0.1,,,1,3,10,0,33,,,8,27,4,387,0.4,0.1
3784,Nahuel Banegas,ARG,DF,Tigre,Liga Profesional Argentina,27,15.1,1363,ND,ND,0,26,503,35,70.6,,,9,0,1,1,,1,21,6,26,2.0,,,18,26,64,95,81,,,31,52,16,1016,0.2,2.0
3785,Éver Banega,ARG,MFFW,Newell's OB,Liga Profesional Argentina,35,16.9,1520,ND,ND,2,12,647,6,75.7,,,26,0,4,0,,2,2,50,31,0.9,,,23,38,145,69,100,,,31,33,21,1103,2.6,2.4
3786,Agustín Baldi,ARG,DF,Belgrano,Liga Profesional Argentina,21,5.8,522,ND,ND,0,4,132,15,76.4,,,1,0,0,0,,0,4,2,2,0.1,,,3,8,17,1,22,,,7,11,4,322,0.1,0.1
3787,Adrián Balboa,URU,FW,Unión,Liga Profesional Argentina,30,23.4,2104,ND,ND,2,20,337,28,63.8,,,31,0,7,3,,5,9,15,79,5.1,,,10,19,40,127,59,,,22,31,16,695,1.8,6.6
3788,Mateo Bajamich,ARG,FWMF,Atlé Tucumán,Liga Profesional Argentina,24,20.4,1838,ND,ND,0,16,425,23,66.2,,,20,0,3,3,,3,5,17,66,5.5,,,27,31,69,120,83,,,21,26,14,813,1.4,5.5
3789,Elías Báez,ARG,DF,San Lorenzo,Liga Profesional Argentina,19,14.4,1299,ND,ND,0,15,284,50,68.1,,,7,0,0,0,,0,27,6,14,0.2,,,3,19,48,44,56,,,40,67,24,863,0.2,0.2
3790,Gabriel Ávalos,PAR,FW,Independiente,Liga Profesional Argentina,33,23.5,2113,ND,ND,1,10,379,20,55.4,,,26,1,10,7,,9,9,19,83,3.7,,,13,26,38,125,45,,,13,22,7,749,1.1,6.1
3791,Rodrigo Atencio,ARG,MFFW,Cen. Córdoba–SdE,Liga Profesional Argentina,21,20.2,1819,ND,ND,1,12,666,9,77.9,,,39,0,5,4,,4,7,37,45,3.8,,,14,50,82,115,112,,,27,34,17,1129,1.4,3.8
3792,Mauricio Asenjo,ARG,FW,Ind. Rivadavia,Liga Profesional Argentina,29,7.6,683,ND,ND,0,6,117,5,51.2,,,10,0,0,0,,0,0,7,28,1.0,,,1,3,14,26,17,,,7,7,5,259,0.3,1.0
3793,Santiago Ascacíbar,ARG,MF,Estudiantes–LP,Liga Profesional Argentina,26,21.4,1925,ND,ND,1,31,667,32,81.7,,,17,0,5,4,,4,24,27,29,2.9,,,13,20,147,47,134,,,75,99,45,1498,1.6,2.9
3794,Santiago Arzamendia,PAR,DF,Estudiantes–LP,Liga Profesional Argentina,25,9.3,840,ND,ND,0,9,238,28,71.2,,,10,0,0,0,,0,13,13,22,0.2,,,8,18,34,40,45,,,23,36,11,542,1.9,0.2
3795,Blas Armoa,PAR,FWMF,Tigre,Liga Profesional Argentina,23,15.2,1369,ND,ND,1,6,274,8,69.9,,,30,1,4,3,,3,7,14,38,3.8,,,9,36,28,118,51,,,12,19,9,426,2.1,3.8
3796,Ramón Arias,URU,DF,Tigre,Liga Profesional Argentina,31,7.4,668,ND,ND,1,4,249,22,82.4,,,4,0,1,0,,0,12,1,5,0.2,,,0,5,21,2,18,,,8,20,7,425,0.0,0.2
3797,Oscar Arias,ARG,DF,San Lorenzo,Liga Profesional Argentina,19,6.1,546,ND,ND,0,8,161,15,71.3,,,4,0,0,0,,0,12,3,11,0.2,,,1,3,25,23,34,,,19,31,10,377,0.1,0.2
3798,Lucas Arce,ARG,DF,Godoy Cruz,Liga Profesional Argentina,26,22.5,2026,ND,ND,2,35,587,62,69.1,,,11,0,2,0,,0,20,27,29,0.3,,,29,42,140,94,84,,,43,63,27,1497,2.7,0.3
3799,Gabriel Aranda,ARG,DF,Banfield,Liga Profesional Argentina,22,5.3,478,ND,ND,0,6,106,32,78.2,,,1,1,0,0,,0,1,0,2,0.2,,,1,3,13,0,16,,,5,6,1,244,0.0,0.2
3800,Dylan Aquino,ARG,FWMF,Lanús,Liga Profesional Argentina,18,7.2,646,ND,ND,4,14,221,1,71.3,,,13,0,5,1,,1,4,16,27,1.9,,,9,21,20,60,40,,,15,19,11,361,3.6,1.9
3801,Claudio Aquino,ARG,MF,Vélez Sarsfield,Liga Profesional Argentina,32,23.5,2119,ND,ND,4,25,948,6,65.6,,,25,0,13,6,,9,6,70,70,4.4,,,70,102,288,159,126,,,21,27,14,1736,6.0,6.8
3802,Aaron Anselmino,ARG,DF,Boca Juniors,Liga Profesional Argentina,18,9.7,874,ND,ND,3,18,323,37,86.3,,,2,0,3,0,,0,19,4,12,0.0,,,1,9,27,1,43,,,26,45,17,662,1.8,0.0
3803,Luis Angulo,COL,MFFW,2 Teams,Liga Profesional Argentina,19,7.8,702,ND,ND,4,8,190,2,72.5,,,21,0,7,3,,3,3,19,22,2.1,,,10,27,13,81,35,,,16,19,11,299,1.9,2.1
3804,Miguel Ángel Torrén,ARG,DF,Unión,Liga Profesional Argentina,35,8.6,778,ND,ND,0,4,198,48,83.5,,,1,0,0,0,,0,7,3,8,0.0,,,0,0,17,0,27,,,7,14,5,421,0.1,0.0
3805,Santino Andino,ARG,MFFW,Godoy Cruz,Liga Profesional Argentina,18,11.7,1051,ND,ND,2,16,256,4,58.7,,,16,0,4,2,,2,7,10,53,1.2,,,14,47,31,111,45,,,28,35,15,390,1.3,1.2
3806,Juan Álvarez,ARG,FWDF,Banfield,Liga Profesional Argentina,27,11.4,1025,ND,ND,3,14,203,13,56.9,,,11,0,3,0,,0,6,23,16,0.7,,,18,36,22,93,45,,,7,13,4,405,2.9,0.7
3807,Francisco Álvarez,ARG,DF,Arg Juniors,Liga Profesional Argentina,23,23.2,2086,ND,ND,0,19,984,101,84.8,,,6,0,2,2,,2,44,8,13,0.7,,,12,34,115,7,129,,,49,93,31,1760,0.4,0.7
3808,Fabio Álvarez,ARG,MFFW,Lanús,Liga Profesional Argentina,31,4.5,401,ND,ND,0,10,141,7,77.9,,,6,1,0,0,,0,4,6,10,0.3,,,3,4,19,17,30,,,8,12,3,258,0.2,0.3
3809,Facundo Altamira,nan,MFFW,Godoy Cruz,Liga Profesional Argentina,0,16.7,1499,ND,ND,1,14,350,15,59.0,,,34,0,4,3,,3,7,15,65,3.3,,,13,43,20,153,65,,,27,34,16,589,2.1,3.3
3810,Antony Alonso,ARG,FW,Deportivo Riestra,Liga Profesional Argentina,25,7.8,703,ND,ND,0,11,119,5,49.0,,,7,0,3,3,,3,2,6,24,1.9,,,3,7,13,45,21,,,11,13,9,238,0.7,1.9
3811,Agustín Almendra,ARG,MF,Racing Club,Liga Profesional Argentina,23,13.5,1219,ND,ND,2,20,390,12,78.3,,,8,0,4,2,,2,12,17,21,1.3,,,12,11,79,37,93,,,49,61,29,776,0.9,1.3
3812,Rodrigo Aliendro,ARG,MF,River Plate,Liga Profesional Argentina,32,5.7,512,ND,ND,0,13,223,6,80.8,,,8,0,0,0,,0,7,5,12,0.9,,,2,5,33,23,29,,,14,21,11,419,0.9,0.9
3813,Brian Alexis Leizza,ARG,DF,2 Teams,Liga Profesional Argentina,23,13.3,1200,ND,ND,0,20,424,63,77.0,,,3,0,0,0,,0,16,2,6,0.2,,,2,12,39,2,41,,,15,31,11,795,0.2,0.2
3814,William Alarcón,CHI,MF,Huracán,Liga Profesional Argentina,23,20.1,1805,ND,ND,3,12,528,11,80.4,,,19,1,6,3,,3,12,20,38,1.6,,,17,30,109,64,101,,,23,35,17,1038,1.2,1.6
3815,Fernando Alarcón,ARG,DF,Instituto,Liga Profesional Argentina,29,18.6,1674,ND,ND,0,21,452,87,72.8,,,1,0,2,2,,2,21,5,9,1.1,,,1,6,51,5,59,,,28,49,17,1019,0.2,1.1
3816,Gabriel Alanís,ARG,FWMF,Defensa y Just,Liga Profesional Argentina,29,9.5,856,ND,ND,3,6,245,11,68.1,,,16,0,5,2,,2,5,10,31,1.9,,,12,21,25,79,34,,,15,20,11,403,2.0,1.9
3817,Manuel Agustín Duarte,ARG,MFFW,Barracas Central,Liga Profesional Argentina,22,5.7,514,ND,ND,1,5,162,5,72.6,,,9,0,2,1,,1,2,10,16,0.9,,,7,18,24,33,28,,,7,9,7,262,0.9,0.9
3818,Brian Aguirre,ARG,FWMF,2 Teams,Liga Profesional Argentina,20,12.7,1141,ND,ND,1,6,301,4,62.4,,,16,0,4,3,,3,3,17,31,2.2,,,21,37,46,110,46,,,19,22,10,533,2.0,2.2
3819,Braian Aguirre,ARG,DF,Lanús,Liga Profesional Argentina,23,6.2,557,ND,ND,0,13,139,18,67.2,,,1,0,0,0,,0,11,3,7,0.2,,,4,7,27,23,34,,,16,27,8,363,0.1,0.2
3820,Emanuel Aguilera,ARG,DF,Defensa y Just,Liga Profesional Argentina,34,20.4,1840,ND,ND,0,19,571,93,83.6,,,1,0,0,0,,0,34,0,6,0.4,,,3,5,54,1,94,,,8,42,3,1176,0.0,0.4
3821,Luis Advíncula,PER,DF,Boca Juniors,Liga Profesional Argentina,33,16.0,1438,ND,ND,2,5,450,23,81.7,,,17,0,2,0,,0,12,12,15,0.8,,,12,30,62,71,64,,,15,27,11,888,0.7,0.8
3822,Marcos Acuña,ARG,DF,River Plate,Liga Profesional Argentina,32,8.6,773,ND,ND,0,12,370,14,79.6,,,6,0,0,0,,0,6,26,8,0.2,,,11,20,44,56,63,,,16,22,14,708,1.9,0.2
3823,Lautaro Acosta,ARG,MFFW,Lanús,Liga Profesional Argentina,35,8.3,746,ND,ND,0,8,134,9,72.0,,,6,0,0,0,,0,6,5,23,0.7,,,3,9,20,34,33,,,14,20,9,309,0.2,0.7
3824,Guillermo Acosta,ARG,MF,Atlé Tucumán,Liga Profesional Argentina,35,23.0,2066,ND,ND,2,24,441,54,70.9,,,12,0,2,0,,0,25,25,29,0.9,,,15,13,113,37,122,,,27,52,15,1213,2.4,0.9
3825,Jonás Acevedo,ARG,MFFW,Instituto,Liga Profesional Argentina,26,16.6,1491,ND,ND,1,15,481,14,70.9,,,23,0,2,1,,1,8,27,36,1.0,,,15,32,76,94,72,,,27,35,20,847,1.7,1.0
3826,Gonzalo Abrego,ARG,MF,Godoy Cruz,Liga Profesional Argentina,24,14.6,1313,ND,ND,0,19,377,10,74.2,,,19,0,3,3,,3,7,10,25,1.9,,,8,18,69,35,84,,,34,41,20,718,0.6,1.9
3827,Ramón Ábila,ARG,FW,Huracán,Liga Profesional Argentina,34,8.2,739,ND,ND,0,3,133,4,59.9,,,10,0,0,0,,0,0,9,25,2.2,,,10,6,17,47,11,,,2,2,1,235,0.7,2.2
3828,Luciano Abecasis,ARG,DF,Ind. Rivadavia,Liga Profesional Argentina,33,10.4,937,ND,ND,1,16,185,29,68.4,,,8,0,1,0,,0,4,7,13,0.2,,,7,9,33,34,43,,,27,31,18,536,0.7,0.2
3829,Lucas Abascia,ARG,DF,Cen. Córdoba–SdE,Liga Profesional Argentina,28,16.8,1510,ND,ND,0,18,583,71,75.4,,,6,0,0,0,,0,26,4,9,0.7,,,3,9,89,5,100,,,38,64,27,1152,0.2,0.7
3830,Matías Abaldo,URU,FW,Gimnasia–LP,Liga Profesional Argentina,19,11.4,1028,ND,ND,2,10,293,2,63.8,,,19,0,5,3,,3,4,21,43,1.9,,,21,39,39,117,42,,,4,8,4,492,2.5,1.9
3831,Felipe Zenobio,ARG,GK,Tigre,Liga Profesional Argentina,23,24.4,2194,ND,ND,0,0,401,13,77.6,9.0,36.0,0,0,0,0,28.0,0,0,0,0,0.0,3.0,0.0,0,0,0,0,11,73.1,66.0,0,0,0,804,0.0,0.0
3832,Facundo Sanguinetti,ARG,GK,Banfield,Liga Profesional Argentina,22,25.7,2312,ND,ND,0,0,365,4,67.6,5.0,20.0,0,1,0,0,35.0,0,0,0,2,0.0,3.0,2.0,0,0,0,0,30,70.1,70.0,0,0,0,759,0.0,0.0
3833,Sergio Romero,ARG,GK,Boca Juniors,Liga Profesional Argentina,36,15.9,1431,ND,ND,0,0,228,3,72.2,5.0,31.3,0,2,0,0,15.0,0,0,0,0,0.0,0.0,1.0,0,0,0,0,5,75.0,44.0,0,0,0,502,0.0,0.0
3834,Manuel Roffo,ARG,GK,Instituto,Liga Profesional Argentina,23,27.0,2430,ND,ND,0,0,441,14,68.3,7.0,25.9,0,1,0,0,31.0,0,0,2,0,0.0,2.0,1.0,1,0,0,0,19,69.1,63.0,0,0,0,789,0.0,0.0
3835,Rodrigo Rey,ARG,GK,Independiente,Liga Profesional Argentina,32,27.0,2430,ND,ND,0,0,453,16,70.7,15.0,55.6,1,0,0,0,17.0,0,0,1,1,0.0,2.0,1.0,0,0,1,0,20,81.5,63.0,2,2,2,876,0.0,0.0
3836,Franco Petroli,ARG,GK,Godoy Cruz,Liga Profesional Argentina,25,26.0,2340,ND,ND,0,0,582,10,68.8,7.0,26.9,0,4,0,0,27.0,0,0,0,0,0.0,0.0,2.0,0,0,0,0,28,72.4,71.0,0,0,0,1048,0.0,0.0
3837,Sebastián Moyano,ARG,GK,Barracas Central,Liga Profesional Argentina,33,9.0,810,ND,ND,0,0,139,5,76.9,2.0,22.2,0,0,0,0,11.0,0,0,0,1,0.0,3.0,0.0,0,0,0,0,11,81.4,33.0,0,0,0,325,0.0,0.0
3838,Marcelo Miño,ARG,GK,Barracas Central,Liga Profesional Argentina,26,10.0,900,ND,ND,0,0,153,5,59.4,4.0,40.0,0,0,0,0,14.0,0,0,0,0,0.0,1.0,0.0,0,0,0,0,12,79.4,50.0,0,0,0,341,0.0,0.0
3839,Diego Matías Rodríguez,ARG,GK,Arg Juniors,Liga Profesional Argentina,34,27.0,2430,ND,ND,0,0,475,8,72.9,10.0,37.0,0,2,0,0,28.0,0,0,0,0,0.0,4.0,0.0,1,0,1,0,39,73.3,63.0,1,1,1,845,0.0,0.8
3840,Gonzalo Marinelli,ARG,GK,Ind. Rivadavia,Liga Profesional Argentina,34,5.0,450,ND,ND,0,0,36,0,58.7,3.0,60.0,0,1,0,0,2.0,0,0,0,1,0.0,1.0,0.0,0,0,1,0,3,90.0,8.0,0,0,0,130,0.0,0.0
3841,Tomás Marchiori,ARG,GK,Vélez Sarsfield,Liga Profesional Argentina,28,25.6,2301,ND,ND,0,0,410,11,71.0,15.0,57.7,0,2,0,0,15.0,0,0,0,0,0.0,2.0,1.0,0,0,0,0,17,82.9,61.0,0,0,0,811,0.0,0.0
3842,Matías Mansilla,ARG,GK,Estudiantes–LP,Liga Profesional Argentina,27,26.0,2340,ND,ND,0,0,353,7,74.7,5.0,19.2,1,3,0,0,32.0,0,1,0,1,0.0,4.0,0.0,0,0,0,0,14,71.7,68.0,0,1,0,731,0.0,0.0
3843,Ramiro Macagno,ARG,GK,Newell's OB,Liga Profesional Argentina,26,13.2,1184,ND,ND,0,0,243,8,68.3,3.0,23.1,0,1,0,0,23.0,0,1,0,2,0.0,1.0,0.0,0,0,0,0,14,62.7,36.0,1,2,1,430,0.0,0.0
3844,Nahuel Losada,ARG,GK,2 Teams,Liga Profesional Argentina,30,22.0,1980,ND,ND,0,0,350,17,70.6,9.0,40.9,0,1,0,0,26.0,0,0,1,0,0.0,3.0,0.0,2,0,1,0,22,77.2,77.0,0,0,0,772,0.0,0.0
3845,Nelson Insfrán,ARG,GK,Gimnasia–LP,Liga Profesional Argentina,28,9.0,809,ND,ND,0,0,159,5,74.0,1.0,11.1,0,1,0,0,11.0,0,0,0,0,0.0,0.0,0.0,0,0,0,0,7,69.4,25.0,0,0,0,283,0.0,0.0
3846,Luis Ingolotti,ARG,GK,Cen. Córdoba–SdE,Liga Profesional Argentina,24,26.0,2340,ND,ND,0,0,349,8,63.8,6.0,23.1,0,2,0,0,34.0,0,0,0,0,0.0,2.0,1.0,0,0,0,0,23,70.9,75.0,0,0,0,747,0.0,0.0
3847,Marcos Ignacio Ledesma,ARG,GK,Gimnasia–LP,Liga Profesional Argentina,27,18.0,1620,ND,ND,0,0,265,12,65.7,9.0,50.0,0,2,0,0,11.0,0,1,0,0,0.0,0.0,0.0,0,0,0,0,16,79.2,43.0,3,4,3,566,0.0,0.0
3848,Lucas Hoyos,ARG,GK,Newell's OB,Liga Profesional Argentina,34,10.8,976,ND,ND,0,0,199,0,68.2,4.0,36.4,0,0,0,0,10.0,0,0,0,0,0.0,1.0,0.0,0,0,1,0,12,73.5,25.0,1,1,1,357,0.0,0.0
3849,Guido Herrera,ARG,GK,Talleres,Liga Profesional Argentina,31,26.0,2340,ND,ND,0,2,440,18,71.0,11.0,42.3,0,1,0,0,26.0,0,0,1,1,0.0,4.0,0.0,1,0,0,0,28,75.6,65.0,1,1,1,861,0.0,0.0
3850,Gastón Gómez,ARG,GK,San Lorenzo,Liga Profesional Argentina,27,16.0,1440,ND,ND,0,0,199,8,62.9,5.0,31.3,0,0,0,0,13.0,0,0,0,0,0.0,2.0,0.0,1,0,0,0,12,78.4,39.0,1,1,1,461,0.0,0.0
3851,Hernán Galíndez,ECU,GK,Huracán,Liga Profesional Argentina,36,24.0,2160,ND,ND,0,0,411,2,61.9,13.0,54.2,0,0,0,0,14.0,0,0,1,0,0.0,1.0,0.0,2,0,1,0,20,80.6,53.0,1,1,1,836,0.0,0.0
3852,Cristopher Fiermarin,URU,GK,Defensa y Just,Liga Profesional Argentina,26,10.0,900,ND,ND,0,0,211,2,79.6,1.0,10.0,0,0,0,0,17.0,0,0,0,0,0.0,2.0,1.0,0,0,0,0,16,64.3,26.0,1,1,0,404,0.0,0.0
3853,Rafael Ferrario,ARG,GK,Barracas Central,Liga Profesional Argentina,23,8.0,720,ND,ND,0,0,91,5,52.5,2.0,25.0,0,2,0,0,8.0,0,0,0,0,0.0,0.0,0.0,0,0,0,0,2,71.4,21.0,0,0,0,233,0.0,0.0
3854,Juan Espínola,PAR,GK,Belgrano,Liga Profesional Argentina,29,14.7,1324,ND,ND,1,0,282,8,62.0,4.0,26.7,0,0,1,0,15.0,0,0,1,0,0.0,0.0,0.0,1,0,1,0,15,76.9,50.0,1,1,1,517,0.4,0.0
3855,Tomás Durso,ARG,GK,Atlé Tucumán,Liga Profesional Argentina,24,27.0,2430,ND,ND,0,0,317,14,51.1,11.0,40.7,0,1,0,0,27.0,0,0,1,0,0.0,2.0,1.0,1,0,0,0,22,73.7,68.0,1,1,1,748,0.1,0.0
3856,Juan Cozzani,ARG,GK,Platense,Liga Profesional Argentina,25,26.0,2339,ND,ND,0,0,319,8,47.2,13.0,50.0,0,1,0,0,18.0,0,0,2,1,0.0,1.0,0.0,0,0,1,0,24,80.2,68.0,3,3,3,738,0.0,0.0
3857,Ignacio Chicco,ARG,GK,Belgrano,Liga Profesional Argentina,27,7.3,656,ND,ND,0,0,142,2,76.7,2.0,28.6,0,1,0,0,8.0,0,0,0,0,0.0,0.0,0.0,0,0,0,0,15,68.0,17.0,0,0,0,246,0.0,0.0
3858,Ezequiel Centurión,ARG,GK,2 Teams,Liga Profesional Argentina,26,23.0,2070,ND,ND,0,0,266,12,52.4,8.0,34.8,0,0,0,0,25.0,0,0,0,1,0.0,3.0,1.0,0,0,0,0,5,74.7,61.0,0,0,0,631,0.0,0.0
3859,Thiago Cardozo,URU,GK,Unión,Liga Profesional Argentina,27,26.0,2340,ND,ND,0,0,361,10,63.4,12.0,46.2,0,0,0,0,25.0,0,0,2,0,0.0,6.0,1.0,1,0,0,0,13,79.8,68.0,1,1,1,756,0.3,0.0
3860,Facundo Cambeses,ARG,GK,Racing Club,Liga Profesional Argentina,26,6.5,585,ND,ND,0,0,98,3,67.4,1.0,16.7,1,1,0,0,12.0,0,0,0,0,0.0,0.0,1.0,0,0,0,0,5,64.7,21.0,0,0,0,197,0.0,0.0
3861,Jorge Broun,ARG,GK,Rosario Central,Liga Profesional Argentina,37,24.0,2160,ND,ND,0,0,375,4,69.8,6.0,25.0,0,2,0,0,27.0,0,0,0,1,0.0,3.0,0.0,0,0,0,0,11,76.0,74.0,0,0,0,689,0.0,0.0
3862,Leandro Brey,ARG,GK,Boca Juniors,Liga Profesional Argentina,21,11.1,999,ND,ND,0,0,150,5,70.3,6.0,54.5,0,2,0,0,8.0,0,0,1,0,0.0,2.0,1.0,0,0,0,0,17,86.7,36.0,0,0,0,336,0.1,0.0
3863,Enrique Bologna,ARG,GK,Defensa y Just,Liga Profesional Argentina,41,17.0,1530,ND,ND,0,0,296,4,68.3,7.0,41.2,0,0,0,0,16.0,0,0,0,0,0.0,1.0,2.0,0,0,0,0,20,75.0,42.0,1,1,0,601,0.0,0.0
3864,Franco Armani,ARG,GK,River Plate,Liga Profesional Argentina,37,22.0,1980,ND,ND,0,0,274,7,85.8,9.0,40.9,0,0,0,0,16.0,0,0,0,0,0.0,3.0,1.0,0,0,0,0,28,80.9,51.0,0,0,0,583,0.0,0.0
3865,Gabriel Arias,CHI,GK,Racing Club,Liga Profesional Argentina,36,20.5,1845,ND,ND,0,1,333,9,73.4,10.0,47.6,0,1,0,0,18.0,0,0,1,0,0.0,1.0,0.0,2,0,0,0,15,73.0,46.0,0,0,0,625,0.0,0.0
3866,Ignacio Arce,ARG,GK,Deportivo Riestra,Liga Profesional Argentina,31,25.0,2250,ND,ND,1,1,433,18,47.8,12.0,48.0,0,2,1,0,25.0,0,0,4,2,0.0,4.0,0.0,5,0,4,0,14,81.7,90.0,1,1,0,936,0.1,0.0
3867,Facundo Altamirano,ARG,GK,San Lorenzo,Liga Profesional Argentina,27,9.0,810,ND,ND,0,0,147,5,70.8,2.0,22.2,0,2,0,0,11.0,0,0,0,0,0.0,0.0,0.0,0,0,0,0,13,65.6,22.0,1,1,0,269,0.0,0.0
3868,Alan Aguerre,ARG,GK,Lanús,Liga Profesional Argentina,33,10.0,900,ND,ND,0,1,133,8,58.9,1.0,10.0,0,0,0,0,14.0,0,0,0,1,0.0,1.0,1.0,0,0,1,0,7,69.8,28.0,0,0,0,328,0.0,0.0
3869,Lucas Acosta,ARG,GK,Sarmiento,Liga Profesional Argentina,28,23.0,2070,ND,ND,0,0,298,7,52.4,9.0,39.1,0,1,0,0,24.0,0,0,1,2,0.0,2.0,0.0,1,0,0,0,14,78.8,81.0,1,1,1,714,0.0,0.0
3870,Ali Abdi,TUN,"DF,MF",Nice,Ligue 1,31,15.5,1393,1.78,71.0,2,22,391,37,74.0,,,14,0,7,5,,5,20,20,32,4.3,,,21,35,42,101,72,,,43,63,25,886,1.9,4.3
3871,Zakaria Aboukhlal,MAR,"MF,FW",Toulouse,Ligue 1,25,21.1,1901,1.79,72.0,2,14,375,9,63.3,,,26,0,9,6,,7,6,12,64,8.6,,,10,34,22,164,61,,,22,28,13,613,1.6,10.2
3872,Tosin Adarabioyo,ENG,DF,Chelsea,Premier League,27,15.7,1409,1.96,80.0,1,3,777,80,91.1,,,0,0,2,1,,1,11,1,4,0.9,,,1,5,42,1,41,,,17,28,13,1330,0.2,0.9
3873,Simon Adingra,CIV,"FW,MF",Brighton,Premier League,23,12.2,1097,ND,ND,2,12,366,6,75.9,,,12,2,4,2,,2,8,16,39,2.5,,,17,50,18,136,47,,,23,31,14,548,2.5,2.5
3874,Amine Adli,MAR,"MF,FW",Leverkusen,Bundesliga,25,8.5,766,1.74,60.0,0,14,248,4,74.2,,,6,0,2,2,,2,0,11,20,2.7,,,15,37,24,100,30,,,15,15,9,468,0.7,2.7
3875,Oladapo Afolayan,ENG,"FW,MF",St. Pauli,Bundesliga,27,18.2,1639,1.82,73.0,1,31,495,20,69.4,,,45,0,4,3,,3,8,21,63,3.1,,,14,53,32,108,72,,,17,25,8,741,3.8,3.1
3876,Joseph Aidoo,GHA,DF,Valladolid,La Liga,29,6.5,583,1.84,80.0,0,3,259,26,89.2,,,1,1,0,0,,0,5,0,0,0.0,,,2,1,14,0,25,,,5,10,5,431,0.0,0.0
3877,Ola Aina,NGA,DF,Nott'ham Forest,Premier League,28,33.3,2995,1.79,66.0,1,46,749,115,73.5,,,22,4,3,2,,2,33,16,44,0.6,,,23,67,107,67,190,,,55,88,42,1708,1.4,0.6
3878,Rayan Aït-Nouri,ALG,DF,Manchester City,Premier League,24,34.5,3109,1.79,70.0,7,42,1129,75,84.2,,,47,2,11,4,,4,26,46,52,2.7,,,30,89,108,176,145,,,89,115,57,2148,5.5,2.7
3879,Kristoffer Ajer,NOR,DF,Brentford,Premier League,27,16.0,1438,1.96,84.0,0,18,387,50,78.3,,,12,0,0,0,,0,12,8,15,1.0,,,7,27,56,44,42,,,26,38,18,795,1.2,1.0
3880,Nathan Aké,NED,DF,Manchester City,Premier League,30,7.5,678,1.8,75.0,0,3,403,22,93.9,,,3,1,0,0,,0,3,1,4,0.2,,,1,12,50,2,24,,,9,12,7,596,0.0,0.2
3881,Ilias Akhomach,MAR,"MF,FW",Villarreal,La Liga,21,6.5,584,1.75,70.0,0,7,200,13,73.5,,,10,0,1,1,,1,3,9,15,0.6,,,8,30,12,64,30,,,12,15,7,293,1.0,0.6
3882,Kevin Akpoguma,NGA,DF,Hoffenheim,Bundesliga,30,24.7,2220,1.92,83.0,0,10,892,115,87.1,,,9,1,0,0,,0,29,7,11,0.1,,,10,14,98,16,107,,,54,83,27,1692,0.3,0.1
3883,Raúl Albiol,ESP,DF,Villarreal,La Liga,39,13.2,1188,1.9,82.0,0,3,514,69,89.4,,,1,1,0,0,,0,6,0,3,0.1,,,1,3,34,0,44,,,10,16,9,915,0.0,0.1
3884,Carlos Alcaraz,ARG,"FW,MF",Everton FC,Premier League,22,8.5,764,1.76,68.0,3,10,211,10,80.6,,,13,0,5,2,,2,5,13,14,1.7,,,18,19,42,21,37,,,11,16,5,378,1.6,1.7
3885,Trent Alexander-Arnold,ENG,DF,Real Madrid,Premier League,26,26.3,2365,1.75,69.0,6,36,1183,55,73.5,,,15,4,9,3,,3,31,52,19,1.9,,,65,51,232,94,132,,,72,103,50,2252,7.3,1.9
3886,Alfon,ESP,"FW,MF",Celta Vigo,La Liga,26,15.2,1371,1.72,60.0,2,27,374,5,69.8,,,20,1,7,5,,5,5,24,29,4.6,,,7,89,22,170,37,,,8,13,3,551,2.6,4.6
3887,Mohamed Ali Cho,FRA,"FW,MF",Nice,Ligue 1,21,18.0,1621,1.82,66.0,4,23,460,8,70.3,,,26,0,7,3,,3,5,30,68,4.0,,,36,81,59,133,69,,,13,18,9,720,4.0,4.0
3888,Jim Allevinah,GAB,FW,Angers,Ligue 1,30,19.4,1750,1.72,67.0,3,13,435,17,75.2,,,32,0,4,1,,1,12,15,38,4.2,,,13,57,48,99,88,,,19,31,11,682,2.5,4.2
3889,Thiago Almada,ARG,"MF,FW",Lyon,Ligue 1,24,10.6,951,1.7,62.0,4,6,568,6,84.9,,,9,3,5,1,,1,7,22,17,2.0,,,20,38,97,50,56,,,14,21,8,831,2.6,2.0
3890,Domingos André Ribeiro Almeida,POR,"MF,FW",Valencia,La Liga,25,22.0,1977,1.72,68.0,4,17,676,14,84.3,,,38,1,4,0,,0,8,43,37,1.2,,,24,45,142,77,89,,,48,56,32,1162,3.2,1.2
3891,Pontus Almqvist,SWE,"FW,MF",Parma,Serie A,26,12.4,1112,1.78,67.0,1,11,298,8,72.4,,,13,0,2,1,,1,19,10,31,2.1,,,4,42,12,85,40,,,17,36,13,462,1.3,2.1
3892,Adrià Altimira,ESP,"DF,FW",Leganés,La Liga,24,18.1,1630,ND,ND,0,11,370,54,78.5,,,7,2,0,0,,0,15,11,28,0.3,,,10,23,42,69,71,,,41,56,24,826,0.5,0.3
3893,Hugo Álvarez,ESP,"MF,DF",Celta Vigo,La Liga,22,17.5,1572,1.83,72.0,3,33,726,29,78.9,,,12,1,7,4,,4,8,17,33,2.5,,,15,74,60,171,78,,,26,34,9,1214,1.1,2.5
3894,Mathis Amougou,FRA,MF,Saint-Étienne,Ligue 1,19,9.5,859,ND,ND,0,4,242,4,77.1,,,8,0,0,0,,0,12,7,22,0.5,,,4,8,36,17,37,,,21,33,15,407,0.4,0.5
3895,Angeliño,ESP,DF,Roma,Serie A,28,35.3,3177,1.75,68.0,1,25,1202,98,78.4,,,9,0,3,2,,2,28,50,27,1.4,,,58,66,172,172,101,,,46,74,24,2266,3.7,1.4
3896,Faustino Anjorin,ENG,MF,Empoli,Serie A,23,12.4,1114,1.86,81.0,3,8,327,20,80.5,,,11,0,5,2,,2,13,17,25,0.9,,,13,28,55,35,65,,,29,42,13,628,1.7,0.9
3897,Antoniu,ESP,"FW,MF",Espanyol,La Liga,22,11.4,1022,ND,ND,1,15,215,11,67.0,,,12,1,1,0,,0,8,7,27,0.9,,,7,35,28,63,39,,,21,29,10,369,1.1,0.9
3898,Joe Aribo,NGA,"MF,DF",Southampton,Premier League,29,22.4,2013,1.83,76.0,0,15,745,32,88.8,,,19,3,3,3,,3,20,16,27,2.7,,,4,36,75,65,112,,,47,67,33,1271,1.6,2.7
3899,Takuma Asano,JPN,"FW,MF",Mallorca,La Liga,30,11.7,1054,1.71,70.0,1,13,207,9,67.6,,,12,0,3,2,,2,6,6,27,2.7,,,3,28,20,76,42,,,13,19,9,356,0.7,2.7
3900,Carlos Augusto,BRA,DF,Inter,Serie A,26,18.1,1625,1.84,77.0,2,19,837,50,88.3,,,13,0,5,3,,3,9,9,18,2.8,,,12,31,80,83,70,,,29,38,14,1413,1.6,2.8
3901,Yann Aurel Bisseck,GER,DF,Inter,Serie A,24,17.3,1553,1.94,82.0,2,16,998,64,91.8,,,7,1,5,3,,3,17,7,16,2.6,,,7,32,93,44,66,,,17,34,11,1465,0.9,2.6
3902,Ezequiel Ávila,ARG,FW,Betis,La Liga,31,7.5,677,1.79,75.0,0,9,173,8,69.7,,,7,0,2,2,,2,2,15,23,1.5,,,11,12,18,48,28,,,8,10,3,323,1.0,1.5
3903,Taiwo Awoniyi,NGA,FW,Nott'ham Forest,Premier League,27,4.6,416,1.78,74.0,0,4,90,7,63.5,,,19,0,1,1,,1,0,2,19,2.1,,,2,6,7,20,18,,,6,6,3,167,0.1,2.1
3904,Alex Baena,ESP,"MF,FW",Villarreal,La Liga,24,28.8,2595,1.75,70.0,9,41,895,22,66.6,,,32,2,16,7,,7,22,95,42,6.3,,,72,91,189,154,140,,,28,50,15,1569,11.7,7.1
3905,Leon Bailey,JAM,"FW,MF",Aston Villa,Premier League,27,12.7,1139,1.81,70.0,2,24,348,12,71.0,,,25,0,3,1,,1,3,16,35,1.7,,,20,58,35,121,59,,,7,10,5,545,1.5,1.7
3906,Eric Bailly,CIV,DF,Villarreal,La Liga,31,6.9,617,1.87,77.0,0,1,200,29,87.5,,,1,0,0,0,,0,6,0,6,0.3,,,0,1,18,0,19,,,12,18,4,394,0.0,0.3
3907,Theo Bair,CAN,FW,Auxerre,Ligue 1,25,10.4,939,1.91,96.0,1,5,143,10,62.0,,,7,0,3,2,,2,3,10,18,3.0,,,0,15,16,42,15,,,4,7,3,306,1.2,3.0
3908,Cédric Bakambu,COD,FW,Betis,La Liga,34,7.9,710,1.82,74.0,2,7,113,5,66.7,,,11,0,4,2,,2,0,8,28,3.2,,,5,9,14,43,25,,,6,6,4,226,0.6,3.2
3909,Dilane Bakwa,FRA,"MF,DF",Strasbourg,Ligue 1,22,27.7,2497,1.77,64.0,8,23,890,27,72.9,,,34,0,14,6,,6,15,47,60,4.7,,,40,107,129,249,92,,,26,41,14,1420,6.6,4.7
3910,Tommaso Baldanzi,ITA,"MF,FW",Roma,Serie A,22,9.2,832,1.8,65.0,1,14,292,8,84.0,,,9,0,2,1,,1,6,10,16,1.4,,,6,39,23,57,48,,,12,18,4,472,1.0,1.4
3911,Iván Balliu,ALB,DF,Rayo Vallecano,La Liga,33,13.3,1200,1.75,63.0,0,20,326,39,75.8,,,2,0,0,0,,0,13,7,12,0.0,,,6,8,46,21,39,,,17,30,14,762,0.5,0.0
3912,Fodé Ballo-Touré,SEN,"DF,MF",Le Havre,Ligue 1,28,6.5,589,1.82,70.0,0,11,163,27,83.3,,,10,0,0,0,,0,4,1,8,0.0,,,2,15,13,14,31,,,8,12,7,377,0.1,0.0
3913,Abdoulaye Bamba,CIV,DF,Angers,Ligue 1,35,16.8,1510,1.82,68.0,0,4,408,79,88.5,,,4,0,0,0,,0,19,6,3,0.1,,,4,1,16,3,47,,,22,41,12,743,0.3,0.1
3914,Lameck Banda,ZAM,"FW,MF",Lecce,Serie A,24,6.8,610,1.69,69.0,1,3,169,8,77.2,,,9,1,1,0,,0,2,11,17,1.2,,,8,27,7,46,30,,,8,10,5,252,1.1,1.2
3915,Ross Barkley,ENG,MF,Aston Villa,Premier League,31,6.5,581,1.89,83.0,1,9,277,5,85.3,,,8,0,4,3,,3,10,9,7,1.8,,,6,15,36,10,43,,,14,24,3,464,0.6,1.8
3916,Thierno Barry,FRA,FW,Villarreal,La Liga,22,25.8,2323,ND,ND,4,8,347,19,62.0,,,27,0,15,10,,11,0,23,86,11.7,,,12,44,27,124,36,,,11,11,8,624,2.9,12.5
3917,Adrian Beck,GER,"MF,FW",Heidenheim,Bundesliga,28,17.8,1598,ND,ND,1,19,553,17,80.1,,,26,0,5,4,,4,9,21,42,3.3,,,18,37,69,83,131,,,36,45,17,962,1.2,3.3
3918,Sheraldo Becker,SUR,"FW,MF",Real Sociedad,La Liga,30,11.1,995,1.8,75.0,1,14,242,10,63.9,,,4,0,3,2,,2,1,8,17,2.0,,,17,51,23,110,30,,,3,4,2,384,2.0,2.0
3919,Donny van de Beek,NED,MF,Girona,La Liga,28,15.8,1421,1.81,76.0,2,13,281,12,81.7,,,15,0,4,2,,2,10,18,13,1.5,,,11,17,45,85,48,,,29,39,18,580,3.2,1.5
3920,Reda Belahyane,MAR,MF,Hellas Verona,Serie A,21,18.4,1658,1.64,50.0,2,9,551,22,83.7,,,21,1,2,0,,0,10,16,34,0.2,,,10,22,73,13,109,,,36,46,26,884,1.0,0.2
3921,Stefan Bell,GER,DF,Mainz 05,Bundesliga,33,16.0,1436,1.92,86.0,1,4,415,107,78.6,,,4,1,1,0,,0,28,5,13,0.8,,,0,8,38,5,65,,,22,50,12,952,1.0,0.8
3922,Andrea Belotti,ITA,FW,Como,Serie A,31,6.6,593,1.81,72.0,0,6,106,8,75.0,,,10,0,2,2,,2,1,7,10,2.5,,,1,9,9,33,17,,,7,8,5,185,0.4,2.5
3923,Fran Beltrán,ESP,MF,Celta Vigo,La Liga,26,26.9,2421,1.72,69.0,1,16,951,34,88.6,,,22,4,3,2,,2,26,15,23,1.0,,,14,28,152,29,119,,,50,76,35,1711,1.8,1.0
3924,Lucas Beltrán,ARG,"FW,MF",Fiorentina,Serie A,24,20.7,1864,ND,ND,4,10,468,14,77.7,,,41,0,9,3,,5,5,29,41,3.1,,,17,23,64,94,59,,,23,28,10,791,3.0,5.4
3925,Eliesse Ben Seghir,MAR,"MF,FW",Monaco,Ligue 1,20,19.4,1750,ND,ND,3,18,843,4,79.3,,,35,0,9,4,,6,13,33,59,4.1,,,45,85,122,170,86,,,31,44,22,1244,5.2,5.5
3926,Carlos Benavídez,URU,MF,Alavés,La Liga,27,5.4,487,1.85,76.0,1,5,147,14,69.4,,,0,1,2,1,,1,8,3,5,0.3,,,4,4,26,5,32,,,19,27,14,292,0.6,0.3
3927,Victor Bernth Kristiansen,DEN,DF,Leicester City,Premier League,22,27.6,2482,ND,ND,1,24,816,75,77.4,,,13,3,1,0,,0,42,18,15,0.3,,,23,40,70,78,99,,,87,129,51,1614,1.4,0.3
3928,Sam Beukema,NED,DF,Bologna,Serie A,26,33.5,3012,ND,ND,1,12,1519,111,86.4,,,8,0,1,0,,0,30,10,12,1.5,,,11,27,153,9,135,,,54,84,29,2419,0.9,1.5
3929,Jaka Bijol,SVN,DF,Udinese,Serie A,26,32.9,2963,1.9,85.0,0,6,1211,182,83.6,,,2,1,1,1,,1,38,12,17,2.0,,,8,22,98,10,101,,,43,81,25,2083,0.6,2.0
3930,Tom Bischof,GER,"MF,FW",Bayern Munich,Bundesliga,20,28.4,2559,1.76,66.0,2,54,962,53,78.7,,,38,1,7,5,,5,30,50,41,2.2,,,39,47,138,102,156,,,95,125,53,1951,3.6,2.2
3931,Leonardo Bittencourt,GER,MF,Werder Bremen,Bundesliga,31,10.9,982,1.71,63.0,1,10,530,11,84.0,,,2,0,3,2,,2,15,14,12,1.6,,,14,19,64,38,44,,,25,40,9,801,1.6,1.6
3932,Emmanuel Biumla,FRA,DF,Angers,Ligue 1,20,14.8,1336,ND,ND,0,2,380,84,88.2,,,4,1,1,1,,1,8,1,10,0.7,,,1,3,16,0,37,,,19,27,12,654,0.0,0.7
3933,Marco Bizot,NED,GK,Brest,Ligue 1,34,32.0,2880,1.83,85.0,0,0,658,33,69.1,10.0,31.3,0,0,0,0,54.0,0,0,0,2,0.0,8.0,1.0,0,0,1,0,34,64.1,74.0,2,2,1,1204,0.0,0.0
3934,Myron Boadu,NED,FW,Bochum,Bundesliga,24,11.6,1042,1.83,75.0,1,11,179,4,71.3,,,15,0,10,8,,9,1,11,30,6.9,,,5,12,18,70,20,,,2,3,1,287,1.1,7.7
3935,Lamare Bogarde,NED,"DF,MF",Aston Villa,Premier League,21,5.3,476,1.83,70.0,0,1,173,13,88.2,,,8,0,0,0,,0,1,2,6,0.0,,,1,12,14,9,13,,,14,15,6,325,0.1,0.0
3936,Adama Boiro,ESP,"DF,FW",Athletic Club,La Liga,23,12.2,1101,ND,ND,0,10,288,27,79.9,,,15,1,0,0,,0,12,5,23,0.3,,,8,25,46,36,45,,,20,32,11,627,0.5,0.3
3937,Moïse Bombito,CAN,DF,Nice,Ligue 1,25,24.4,2192,ND,ND,0,8,906,121,90.2,,,3,7,0,0,,0,18,2,16,0.7,,,5,27,97,10,97,,,37,55,25,1673,0.2,0.7
3938,Victor Boniface,NGA,FW,Leverkusen,Bundesliga,24,11.2,1008,1.89,85.0,1,7,207,5,70.2,,,29,0,9,8,,8,0,10,43,7.1,,,8,26,23,61,28,,,5,5,4,400,1.1,7.8
3939,Badredine Bouanani,ALG,"MF,FW",Nice,Ligue 1,20,12.2,1099,ND,ND,3,11,362,4,76.7,,,18,0,6,2,,3,11,20,24,1.9,,,14,47,44,93,44,,,11,22,4,571,2.4,2.7
3940,Julian Brandt,GER,MF,Dortmund,Bundesliga,29,25.6,2303,1.85,82.0,10,30,869,13,78.8,,,36,1,15,5,,5,14,61,48,4.8,,,48,61,149,199,119,,,26,40,11,1455,8.5,4.8
3941,Iker Bravo,ESP,"FW,MF",Udinese,Serie A,20,7.6,682,ND,ND,1,4,157,4,81.1,,,14,0,3,2,,2,1,7,31,0.9,,,6,7,18,39,30,,,10,11,6,294,0.4,0.9
3942,Gleison Bremer,BRA,DF,Juventus,Serie A,28,6.0,540,1.88,83.0,0,0,352,16,92.9,,,2,0,0,0,,0,6,0,4,0.1,,,0,2,21,0,23,,,15,21,7,569,0.0,0.1
3943,Marco Brescianini,ITA,MF,Atalanta BC,Serie A,25,11.0,991,ND,ND,2,14,355,6,79.5,,,19,0,6,4,,4,2,7,28,3.1,,,9,46,36,69,50,,,18,20,11,547,1.0,3.1
3944,Facundo Buonanotte,ARG,"FW,MF",Leicester City,Premier League,20,16.9,1523,ND,ND,2,9,479,14,76.4,,,39,0,7,5,,5,12,24,58,3.9,,,13,39,54,74,79,,,53,65,32,874,3.1,3.9
3945,Aurélio Buta,POR,DF,Reims,Ligue 1,28,21.9,1970,1.72,70.0,1,18,546,59,82.6,,,7,0,1,0,,0,22,10,28,0.3,,,12,28,83,64,69,,,37,59,24,1195,0.8,0.3
3946,Anthony Caci,FRA,DF,Mainz 05,Bundesliga,28,29.8,2684,1.84,70.0,7,61,960,47,71.8,,,24,2,8,1,,1,27,50,44,3.1,,,46,45,133,152,131,,,60,87,40,1973,6.6,3.1
3947,Mathieu Cafaro,FRA,"MF,FW",Saint-Étienne,Ligue 1,28,8.1,732,1.78,72.0,0,5,169,3,72.0,,,10,0,1,1,,1,7,13,16,1.5,,,9,19,16,51,30,,,10,17,7,324,1.3,1.5
3948,Tom Cairney,SCO,MF,Fulham,Premier League,34,7.0,628,1.83,72.0,0,8,456,3,90.7,,,4,1,2,2,,2,4,11,6,0.8,,,7,18,53,33,52,,,13,17,5,683,1.1,0.8
3949,Lamine Camara,SEN,MF,Monaco,Ligue 1,21,22.8,2054,1.73,65.0,7,20,967,32,82.8,,,23,1,9,2,,2,31,44,41,2.3,,,26,25,141,46,153,,,66,97,41,1743,4.4,2.3
3950,Eduardo Camavinga,FRA,"MF,DF",Real Madrid,La Liga,22,12.2,1102,1.82,68.0,2,11,565,23,88.3,,,11,0,3,1,,1,18,11,7,0.4,,,5,26,61,31,90,,,42,60,26,957,0.8,0.4
3951,Sergio Camello,ESP,FW,Rayo Vallecano,La Liga,24,12.6,1134,1.77,70.0,2,12,222,16,78.7,,,23,0,5,3,,3,4,19,38,4.1,,,7,20,27,68,32,,,9,13,3,398,2.0,4.1
3952,Emre Can,GER,"DF,MF",Dortmund,Bundesliga,31,23.4,2105,1.84,74.0,0,10,1405,89,89.5,,,10,3,3,1,,3,20,8,18,0.4,,,5,20,116,12,113,,,50,70,28,2156,0.7,2.0
3953,Fali Candé,GNB,DF,Venezia FC,Serie A,27,17.0,1530,1.84,77.0,1,11,557,90,81.0,,,8,2,2,1,,1,15,4,12,1.1,,,3,5,47,3,79,,,25,40,19,1131,0.6,1.1
3954,Jaydee Canvot,FRA,"DF,MF",Toulouse,Ligue 1,19,12.3,1106,ND,ND,0,11,384,54,86.2,,,8,1,0,0,,0,11,4,6,0.2,,,6,9,41,0,50,,,23,34,11,666,0.7,0.2
3955,Pierrick Capelle,FRA,MF,Angers,Ligue 1,38,5.4,483,1.8,71.0,0,4,138,5,80.1,,,6,1,0,0,,0,11,5,15,0.2,,,2,10,22,17,28,,,24,35,17,299,1.2,0.2
3956,Gianluca Caprari,ITA,"MF,FW",Monza,Serie A,32,18.3,1651,1.71,70.0,2,18,629,2,79.1,,,31,1,5,1,,3,8,30,38,2.6,,,21,43,81,104,57,,,19,27,11,912,2.4,4.2
3957,Johnny Cardoso,USA,MF,Betis,La Liga,23,23.8,2144,1.83,79.0,1,21,752,64,85.7,,,23,1,4,3,,3,48,9,36,2.0,,,4,19,71,28,138,,,55,103,31,1427,0.9,2.0
3958,Patrik Carlgren,SWE,GK,Nantes,Ligue 1,33,4.6,417,1.88,84.0,0,0,75,0,65.7,1.0,25.0,0,0,0,0,7.0,0,0,0,0,0.0,0.0,0.0,0,0,0,0,3,75.0,21.0,0,0,0,144,0.0,0.0
3959,Dani Carvajal,ESP,DF,Real Madrid,La Liga,33,6.8,609,1.73,70.0,0,9,278,19,86.2,,,6,1,1,1,,1,10,5,8,1.3,,,5,13,27,48,21,,,12,22,8,532,0.2,1.3
3960,Fabio Carvalho,POR,"FW,MF",Brentford,Premier League,22,5.1,455,1.8,75.0,1,7,137,2,70.8,,,8,0,3,2,,2,3,4,13,2.5,,,5,9,17,23,30,,,13,16,9,247,0.7,2.5
3961,William Carvalho,POR,MF,Betis,La Liga,33,5.4,484,1.87,87.0,0,8,294,6,86.8,,,6,0,0,0,,0,3,6,6,0.2,,,4,5,45,10,29,,,9,12,6,432,0.2,0.2
3962,Nicolò Casale,ITA,DF,Bologna FC 1909,Serie A,27,10.0,900,1.91,84.0,1,7,328,43,87.5,,,1,3,1,0,,0,17,3,9,0.5,,,2,3,29,2,43,,,11,28,5,615,0.5,0.5
3963,Timothy Castagne,BEL,DF,Fulham,Premier League,29,18.3,1649,1.8,80.0,1,26,547,83,81.8,,,5,0,1,0,,0,22,9,15,0.4,,,5,17,62,67,57,,,46,68,29,1164,1.2,0.4
3964,Dani Ceballos,ESP,MF,Real Madrid,La Liga,28,13.5,1215,1.76,65.0,0,13,999,10,94.3,,,7,2,0,0,,0,14,22,11,0.4,,,10,42,150,17,87,,,41,55,21,1473,1.6,0.4
3965,El Chadaille Bitshiabu,FRA,DF,RB Leipzig,Bundesliga,20,12.6,1130,1.95,96.0,0,7,516,97,84.4,,,1,2,0,0,,0,13,5,11,0.3,,,4,4,69,2,55,,,27,40,18,1058,0.4,0.3
3966,Arthur Chaves,BRA,DF,Hoffenheim,Bundesliga,24,24.3,2185,ND,ND,0,22,740,136,82.1,,,11,3,1,1,,1,37,5,11,0.8,,,1,10,57,13,93,,,51,88,36,1513,0.1,0.8
3967,Walid Cheddira,MAR,FW,Espanyol,La Liga,27,7.1,640,1.86,79.0,1,3,108,6,70.9,,,9,0,2,1,,1,1,6,25,1.0,,,1,8,12,34,19,,,5,6,0,203,1.2,1.0
3968,Rayan Cherki,FRA,"FW,MF",Manchester City,Ligue 1,21,22.7,2041,1.76,70.0,11,32,1021,6,78.5,,,43,0,19,8,,8,7,75,48,5.0,,,77,106,206,184,83,,,15,22,12,1573,11.1,5.0
3969,Ryan Christie,SCO,MF,Bournemouth,Premier League,30,23.5,2117,1.78,72.0,3,19,726,51,79.3,,,25,3,5,2,,2,30,41,44,1.8,,,33,34,137,44,182,,,54,84,33,1376,3.5,1.8
3970,Samuel Chukwueze,NGA,"FW,MF",Milan,Serie A,26,10.3,925,1.72,70.0,2,9,369,9,75.8,,,11,0,5,3,,3,2,27,23,2.7,,,21,48,36,116,38,,,17,19,11,556,3.0,2.7
3971,Nathaniel Clyne,ENG,"DF,MF",Crystal Palace,Premier League,34,5.4,483,1.75,67.0,0,8,158,14,76.0,,,2,1,0,0,,0,3,3,5,0.0,,,2,6,7,8,10,,,12,15,8,273,0.3,0.0
3972,Eray Cömert,SUI,"DF,MF",Valladolid,La Liga,27,19.8,1779,1.83,80.0,0,6,599,75,87.7,,,2,2,0,0,,0,24,0,16,0.9,,,1,9,48,5,51,,,24,48,14,1114,0.0,0.9
3973,Pietro Comuzzo,ITA,DF,Fiorentina,Serie A,20,23.4,2110,ND,ND,0,10,892,113,85.7,,,4,4,1,1,,1,29,7,15,0.5,,,4,14,75,12,86,,,43,72,21,1533,0.6,0.5
3974,Tomás Conechny,ARG,"FW,MF",Alavés,La Liga,27,9.4,847,ND,ND,0,13,249,10,63.8,,,9,0,1,1,,1,6,7,31,2.4,,,11,14,23,61,45,,,15,21,12,457,0.3,2.4
3975,Sirlord Conteh,GER,"FW,MF",Heidenheim,Bundesliga,29,9.9,892,1.78,72.0,1,8,195,8,70.5,,,8,0,2,1,,1,1,14,23,2.1,,,6,29,19,75,17,,,9,10,5,301,2.6,2.1
3976,Lewis Cook,ENG,"MF,DF",Bournemouth,Premier League,28,33.1,2978,1.75,70.0,3,26,825,70,77.2,,,18,0,4,1,,1,41,48,31,0.9,,,26,33,158,52,187,,,81,122,42,1900,4.1,0.9
3977,Diego Coppola,ITA,DF,Brighton & Hove Albion,Serie A,21,32.5,2927,1.92,82.0,0,6,749,194,81.1,,,5,2,2,2,,2,72,3,10,0.7,,,0,4,48,3,89,,,66,138,36,1576,0.1,0.7
3978,Derek Cornelius,CAN,DF,Marseille,Ligue 1,27,15.8,1420,1.87,83.0,0,9,1012,51,93.4,,,2,0,0,0,,0,14,4,8,0.9,,,0,10,68,11,67,,,24,38,17,1493,0.1,0.9
3979,Coba da Costa,ESP,"MF,FW",Getafe,La Liga,23,11.2,1006,ND,ND,1,12,261,10,64.4,,,23,0,2,1,,1,8,9,26,1.1,,,10,46,16,83,35,,,29,37,13,504,1.4,1.1
3980,Woyo Coulibaly,MLI,DF,Parma,Serie A,26,12.0,1084,1.8,77.0,1,7,404,25,86.7,,,11,0,1,0,,0,8,8,19,0.1,,,4,36,41,23,60,,,13,21,10,706,0.9,0.1
3981,Juan Cuadrado,COL,"DF,MF",Atalanta,Serie A,37,9.2,832,1.78,71.0,2,11,462,9,79.2,,,10,0,2,0,,0,7,19,14,0.9,,,24,41,64,90,31,,,19,26,9,722,2.0,0.9
3982,Ameen Al-Dakhil,BEL,DF,Stuttgart,Bundesliga,23,4.8,432,1.87,70.0,0,1,239,30,91.7,,,0,1,0,0,,0,9,2,3,0.1,,,1,1,12,0,17,,,6,15,6,407,0.2,0.1
3983,Thijs Dallinga,NED,FW,Bologna,Serie A,24,12.8,1154,1.8,77.0,2,13,243,13,71.7,,,22,1,5,3,,3,1,12,42,4.3,,,4,9,17,84,35,,,10,11,5,439,0.6,4.3
3984,Kevin Danso,AUT,DF,Tottenham Hotspur,Premier League,26,9.4,842,1.9,80.0,0,8,448,71,86.5,,,3,1,0,0,,0,6,2,8,0.4,,,2,11,19,1,27,,,7,13,5,676,0.1,0.4
3985,Dante,BRA,DF,Nice,Ligue 1,41,21.8,1964,1.88,87.0,0,11,949,74,88.5,,,5,1,0,0,,0,34,4,16,0.5,,,8,18,96,8,112,,,32,66,15,1651,0.2,0.5
3986,Bence Dárdai,HUN,MF,Wolfsburg,Bundesliga,19,14.5,1304,ND,ND,1,13,287,28,80.2,,,11,1,2,1,,1,12,11,18,1.0,,,9,5,39,24,52,,,24,36,14,595,1.0,1.0
3987,Matteo Darmian,ITA,DF,Inter,Serie A,35,19.8,1781,1.82,70.0,2,23,593,39,83.8,,,6,0,5,3,,3,10,15,15,1.9,,,15,14,45,102,39,,,28,38,17,1144,1.5,1.9
3988,Juan David Cabal,COL,DF,Juventus,Serie A,24,5.1,460,1.86,79.0,0,7,242,14,87.7,,,4,1,0,0,,0,2,1,6,0.1,,,3,14,17,19,20,,,10,12,4,401,0.0,0.1
3989,Bobby De Cordova-Reid,JAM,FW,Leicester City,Premier League,32,8.3,744,1.7,66.0,2,15,174,10,70.4,,,10,0,3,1,,1,0,6,11,0.8,,,5,14,15,48,29,,,9,9,4,272,1.2,0.8
3990,Lorenzo De Silvestri,ITA,DF,Bologna,Serie A,37,11.8,1060,1.86,84.0,0,9,313,32,79.1,,,2,0,1,1,,1,10,5,7,0.8,,,6,4,46,30,26,,,11,21,6,657,0.3,0.8
3991,Koni De Winter,BEL,DF,Genoa,Serie A,23,23.7,2135,1.88,74.0,0,10,807,118,86.6,,,8,3,3,3,,3,25,3,17,2.1,,,3,10,56,10,114,,,33,58,19,1551,0.2,2.1
3992,Liam Delap,ENG,FW,Chelsea FC,Premier League,22,28.8,2593,1.86,83.0,2,16,445,28,61.3,,,60,0,14,10,,12,2,21,104,7.8,,,6,61,30,110,68,,,11,13,8,682,1.9,9.3
3993,Fisayo Dele-Bashiru,NGA,"MF,FW",SS Lazio,Serie A,24,10.5,947,ND,ND,1,7,257,5,87.7,,,17,0,4,3,,3,4,10,16,1.1,,,4,23,26,57,48,,,10,14,6,436,0.8,1.1
3994,Ousmane Dembélé,FRA,FW,Paris S-G,Ligue 1,28,19.2,1730,1.78,61.0,6,36,878,2,79.0,,,32,1,27,20,,21,9,63,41,15.8,,,55,127,137,252,39,,,11,20,5,1323,8.2,16.6
3995,Justin Devenny,NIR,MF,Crystal Palace,Premier League,21,5.6,507,ND,ND,1,2,134,11,72.2,,,3,0,2,1,,1,0,7,17,0.8,,,4,5,21,13,27,,,17,17,12,279,0.6,0.8
3996,Mamadou Diakhon,FRA,"FW,MF",Reims,Ligue 1,19,9.5,858,ND,ND,1,10,288,5,77.0,,,13,0,3,2,,2,4,13,29,1.0,,,6,61,17,77,38,,,12,16,8,379,1.1,1.0
3997,Assane Diao,SEN,"FW,MF",Como,Serie A,19,13.9,1252,ND,ND,1,22,376,19,79.3,,,38,0,9,8,,8,3,8,50,4.0,,,13,50,36,116,41,,,25,28,14,523,0.4,4.0
3998,Habib Diarra,SEN,"MF,FW",Strasbourg,Ligue 1,21,26.1,2352,1.79,74.0,5,25,709,46,83.0,,,22,3,9,2,,4,13,27,30,1.8,,,27,61,116,114,90,,,22,35,13,1214,4.5,3.3
3999,Moussa Diarra,MLI,DF,Alavés,La Liga,24,20.7,1866,1.83,68.0,0,14,499,46,80.2,,,15,1,0,0,,0,21,3,17,0.0,,,8,12,70,31,76,,,40,61,24,1012,0.1,0.0
4000,Mahamadou Diawara,FRA,MF,Le Havre,Ligue 1,20,6.5,582,ND,ND,1,11,180,11,82.8,,,7,1,1,0,,0,13,7,8,0.4,,,1,9,16,6,40,,,20,33,12,321,0.4,0.4
4001,Brahim Díaz,MAR,"FW,MF",Real Madrid,La Liga,25,15.4,1385,1.7,70.0,2,13,541,2,86.8,,,27,1,6,4,,4,4,23,44,5.3,,,19,39,74,110,54,,,25,29,19,833,3.3,5.3
4002,Tyler Dibling,ENG,"FW,MF",Southampton,Premier League,19,20.8,1874,ND,ND,0,17,558,16,81.3,,,55,1,2,2,,2,8,20,44,2.5,,,20,69,64,96,80,,,34,42,20,868,1.5,2.5
4003,Bamba Dieng,SEN,FW,Angers,Ligue 1,25,5.9,532,1.78,78.0,0,2,96,3,77.7,,,10,0,3,2,,3,0,1,11,2.3,,,3,6,7,35,5,,,4,4,1,157,0.0,3.1
4004,Eren Dinkçi,GER,"MF,FW",Freiburg,Bundesliga,23,13.3,1196,1.88,80.0,3,17,269,7,75.4,,,12,0,3,0,,0,7,23,31,1.1,,,11,33,35,71,55,,,21,28,13,552,2.2,1.1
4005,Sinaly Diomande,CIV,DF,Auxerre,Ligue 1,24,21.6,1945,1.84,79.0,2,10,698,100,84.6,,,6,2,5,3,,3,30,4,12,1.1,,,1,8,72,8,86,,,39,69,19,1223,0.6,1.1
4006,Issa Diop,FRA,DF,Fulham,Premier League,28,14.9,1339,1.94,90.0,0,2,533,72,87.5,,,2,2,0,0,,0,9,3,9,0.5,,,1,6,25,3,45,,,26,35,12,903,0.1,0.5
4007,Andy Diouf,FRA,MF,Lens,Ligue 1,22,24.7,2225,1.75,62.0,2,30,751,18,79.5,,,42,2,3,1,,1,15,33,75,2.9,,,31,82,116,94,154,,,37,52,26,1367,2.8,2.9
4008,Assane Dioussé,SEN,MF,Auxerre,Ligue 1,27,7.4,663,1.75,68.0,0,4,276,15,89.6,,,4,0,0,0,,0,12,2,6,0.1,,,0,1,33,6,41,,,15,27,7,431,0.2,0.1
4009,Matt Doherty,IRL,DF,Wolves,Premier League,33,23.4,2109,1.82,76.0,1,14,825,102,82.8,,,5,3,3,2,,2,22,12,11,1.0,,,15,29,79,41,106,,,38,60,21,1534,1.5,1.0
4010,Benjamín Domínguez,ARG,FW,Bologna,Serie A,21,14.2,1281,ND,ND,2,17,396,7,78.2,,,33,0,5,3,,3,4,10,45,2.2,,,13,50,32,123,62,,,18,22,7,555,0.8,2.2
4011,Nicolás Domínguez,ARG,"MF,FW",Nott'ham Forest,Premier League,27,21.8,1963,1.79,73.0,1,11,471,54,86.7,,,12,1,1,0,,0,29,13,23,1.5,,,11,16,83,33,114,,,86,115,45,1218,1.3,1.5
4012,Désiré Doué,FRA,"FW,MF",Paris S-G,Ligue 1,20,19.2,1730,ND,ND,6,21,899,7,82.3,,,37,0,12,6,,6,13,55,54,5.1,,,51,97,139,232,93,,,48,61,30,1461,7.8,5.1
4013,Artem Dovbyk,UKR,FW,Roma,Serie A,28,26.9,2418,1.84,76.0,2,11,355,12,74.1,,,33,0,14,10,,12,2,25,79,10.3,,,4,24,16,175,26,,,4,6,2,654,2.4,11.9
4014,Marvin Ducksch,GER,FW,Werder Bremen,Bundesliga,31,26.9,2418,1.88,72.0,8,24,538,26,61.7,,,11,3,16,7,,8,8,61,31,8.5,,,30,26,86,166,65,,,10,18,7,1105,8.5,10.1
4015,Alfred Duncan,GHA,MF,Venezia,Serie A,32,10.6,957,1.78,78.0,0,7,311,8,81.1,,,14,0,0,0,,0,8,11,14,0.8,,,19,11,53,12,52,,,17,25,8,587,1.1,0.8
4016,Chidera Ejuke,NGA,FW,Sevilla,La Liga,27,10.7,966,1.76,72.0,1,17,416,8,81.6,,,22,0,3,2,,2,5,21,35,1.1,,,20,75,38,101,63,,,19,24,13,612,1.9,1.1
4017,Jeff Ekhator,ITA,"FW,MF",Genoa,Serie A,18,8.5,769,ND,ND,1,6,130,5,66.7,,,9,0,2,1,,1,2,11,34,1.3,,,4,4,14,51,32,,,7,9,4,254,1.0,1.3
4018,Jurgen Ekkelenkamp,NED,MF,Udinese,Serie A,25,21.0,1892,1.88,80.0,2,17,457,26,79.7,,,7,0,5,3,,3,12,15,23,2.8,,,11,34,72,86,82,,,36,48,25,868,1.3,2.8
4019,Caleb Ekuban,GHA,FW,Genoa,Serie A,31,6.2,555,1.82,80.0,3,4,97,6,67.3,,,12,0,4,1,,1,1,8,17,2.8,,,1,7,8,42,20,,,3,4,3,174,0.8,2.8
4020,Elif Elmas,MKD,"FW,MF",Torino,Serie A,25,11.3,1021,1.82,68.0,0,4,303,5,80.4,,,10,2,4,4,,4,6,9,22,1.4,,,15,42,34,58,33,,,10,16,7,444,0.4,1.4
4021,Aritz Elustondo,ESP,DF,Real Sociedad,La Liga,31,16.2,1457,1.78,72.0,0,9,624,96,85.4,,,6,0,0,0,,0,11,4,14,0.4,,,2,17,51,4,53,,,20,31,11,1092,0.2,0.4
4022,Emanuel Emegha,NED,FW,Strasbourg,Ligue 1,22,25.5,2293,1.95,85.0,3,7,341,30,80.3,,,30,0,17,14,,14,1,18,59,17.0,,,4,37,14,104,60,,,6,7,6,577,2.4,17.0
4023,Julio Enciso,PAR,"MF,FW",Ipswich Town,Premier League,21,9.7,869,1.68,64.0,3,11,205,6,69.0,,,30,0,5,2,,2,1,13,24,1.7,,,8,23,28,44,43,,,12,13,9,406,1.4,1.7
4024,Alfonso Espino,URU,DF,Rayo Vallecano,La Liga,33,9.3,833,1.71,71.0,1,12,307,32,74.3,,,9,1,1,0,,0,12,5,10,0.4,,,6,10,39,29,55,,,41,53,24,637,0.6,0.4
4025,Samuel Essende,COD,FW,Augsburg,Bundesliga,27,18.2,1636,1.92,88.0,2,12,347,11,64.8,,,37,1,9,7,,7,0,11,86,4.2,,,6,33,21,118,42,,,7,7,6,564,1.3,4.2
4026,Nahuel Estévez,ARG,MF,Parma,Serie A,29,7.3,657,1.81,77.0,0,8,148,26,75.7,,,4,0,0,0,,0,3,6,3,0.1,,,1,3,30,4,28,,,16,19,6,379,0.8,0.1
4027,Giovanni Fabbian,ITA,MF,Bologna,Serie A,22,11.4,1023,ND,ND,1,9,198,4,71.9,,,18,0,4,3,,3,2,9,30,2.3,,,5,14,17,43,31,,,10,12,6,328,1.3,2.3
4028,Alieu Fadera,GAM,"FW,DF",Como,Serie A,23,18.3,1644,1.82,71.0,3,28,544,10,74.6,,,33,0,4,1,,1,12,23,41,1.7,,,24,74,36,160,95,,,64,76,47,844,4.0,1.7
4029,Jacopo Fazzini,ITA,MF,Empoli,Serie A,22,15.4,1383,1.78,70.0,1,19,364,24,71.6,,,33,0,5,4,,4,6,12,39,3.1,,,10,34,49,88,70,,,32,38,19,639,0.5,3.1
4030,Mattia Felici,ITA,"MF,FW",Cagliari,Serie A,24,10.3,925,ND,ND,3,14,259,7,67.9,,,10,1,3,0,,0,7,10,26,0.6,,,3,39,19,75,51,,,17,24,12,422,1.0,0.6
4031,André Ferreira,POR,GK,Valladolid,La Liga,29,6.0,540,1.93,85.0,0,0,83,4,70.8,0.0,0.0,0,2,0,0,20.0,0,0,0,0,0.0,3.0,0.0,0,0,0,0,6,56.4,19.0,0,0,0,216,0.0,0.0
4032,Jordan Ferri,FRA,MF,Montpellier,Ligue 1,33,19.7,1773,1.72,70.0,2,10,802,20,88.3,,,27,0,2,0,,0,9,13,16,0.4,,,11,19,137,42,132,,,42,51,23,1433,0.9,0.4
4033,Daniel Fila,CZE,FW,Venezia,Serie A,22,5.5,492,ND,ND,0,2,82,5,77.8,,,14,0,2,2,,2,0,6,16,1.4,,,3,5,8,30,9,,,2,2,0,147,0.3,1.4
4034,Wesley Fofana,FRA,DF,Chelsea,Premier League,24,13.0,1172,1.85,76.0,0,4,557,55,90.2,,,5,2,0,0,,0,14,6,16,0.4,,,1,19,32,4,54,,,13,27,12,933,0.4,0.4
4035,Héctor Fort,ESP,DF,Barcelona,La Liga,18,6.5,585,ND,ND,0,12,308,16,90.1,,,4,0,0,0,,0,6,10,4,0.2,,,3,14,26,33,32,,,13,19,8,573,0.9,0.2
4036,Alejandro Francés,ESP,DF,Girona,La Liga,22,13.0,1173,ND,ND,0,21,496,52,84.3,,,1,0,0,0,,0,17,4,8,0.2,,,6,18,63,21,37,,,36,53,24,969,0.3,0.2
4037,Davide Frattesi,ITA,MF,Inter,Serie A,25,12.9,1158,1.84,74.0,1,10,296,14,82.5,,,4,1,6,5,,5,5,7,20,4.0,,,5,23,31,50,48,,,17,22,8,499,0.8,4.0
4038,Marvin Friedrich,GER,DF,Gladbach,Bundesliga,29,11.0,989,1.93,78.0,1,6,502,57,88.4,,,3,0,1,0,,0,5,3,5,0.4,,,1,11,36,3,42,,,15,20,9,822,0.6,0.4
4039,Jeremie Frimpong,NED,"DF,MF",Liverpool FC,Bundesliga,24,25.7,2314,1.72,67.0,5,29,673,22,76.1,,,26,1,10,5,,5,8,30,45,4.1,,,29,100,55,272,84,,,33,41,25,1205,4.2,4.1
4040,Chris Führich,GER,"MF,FW",Stuttgart,Bundesliga,27,22.0,1981,1.78,70.0,3,20,782,19,80.5,,,26,0,5,2,,2,6,32,37,2.9,,,51,114,95,202,64,,,15,21,10,1220,3.7,2.9
4041,Niclas Füllkrug,GER,FW,West Ham,Premier League,32,8.8,790,1.88,82.0,2,7,123,16,67.2,,,7,0,5,3,,3,1,14,18,2.2,,,5,7,14,31,18,,,4,5,3,277,1.9,2.2
4042,Gianluca Gaetano,ITA,"MF,FW",Cagliari Calcio,Serie A,25,11.2,1009,1.81,71.0,4,11,297,8,72.3,,,16,0,6,2,,2,6,22,31,4.9,,,13,11,41,82,34,,,11,17,8,490,2.2,4.9
4043,Javi Galán,ESP,DF,Atlético Madrid,La Liga,30,19.8,1784,1.72,64.0,3,24,739,47,82.9,,,15,0,3,0,,0,12,15,22,0.2,,,22,52,54,107,71,,,51,63,31,1270,3.9,0.2
4044,Conor Gallagher,ENG,MF,Atlético Madrid,La Liga,25,18.1,1633,1.82,74.0,3,18,674,23,85.0,,,23,0,6,3,,3,20,12,25,2.8,,,14,24,64,64,107,,,45,65,32,1062,1.2,2.8
4045,Fran Garcia,ESP,DF,Real Madrid,La Liga,25,24.1,2171,1.67,61.0,2,38,1001,67,86.7,,,10,1,2,0,,0,28,24,20,0.9,,,23,78,119,177,106,,,51,79,36,1792,1.8,0.9
4046,Ulisses Garcia,SUI,DF,Marseille,Ligue 1,29,10.3,930,1.85,78.0,2,15,386,18,84.7,,,11,0,4,2,,2,8,8,15,1.5,,,10,23,53,87,48,,,14,22,11,712,1.4,1.5
4047,Alejandro Garnacho,ARG,"MF,FW",Manchester Utd,Premier League,21,24.4,2199,1.8,80.0,2,54,840,11,78.9,,,48,2,8,6,,6,13,37,64,7.3,,,25,141,56,290,108,,,30,43,18,1159,4.5,7.3
4048,Gavi,ESP,"MF,FW",Barcelona,La Liga,20,12.1,1085,1.73,70.0,1,7,557,7,90.0,,,9,0,2,1,,1,10,14,19,0.9,,,11,13,77,42,61,,,30,40,21,943,1.6,0.9
4049,Lutsharel Geertruida,NED,DF,RB Leipzig,Bundesliga,25,17.3,1557,1.84,76.0,0,12,642,59,86.7,,,4,4,1,1,,1,16,10,14,1.1,,,17,21,93,34,83,,,35,51,24,1266,1.0,1.1
4050,Yannick Gerhardt,GER,"MF,DF",Wolfsburg,Bundesliga,31,16.9,1518,1.84,81.0,1,19,438,47,76.9,,,3,0,2,1,,1,17,4,19,1.2,,,11,27,57,63,49,,,28,45,16,854,0.2,1.2
4051,Daniele Ghilardi,ITA,DF,Hellas Verona,Serie A,22,22.5,2029,ND,ND,0,10,529,106,78.4,,,2,0,0,0,,0,30,6,9,0.6,,,3,16,57,7,55,,,44,74,29,1070,0.2,0.6
4052,Bryan Gil,ESP,"FW,MF",Girona,La Liga,24,19.1,1721,1.75,67.0,3,23,715,9,81.8,,,39,4,6,3,,3,10,21,56,2.3,,,33,76,74,210,78,,,34,44,20,1019,2.9,2.3
4053,Benedikt Gimber,GER,DF,Heidenheim,Bundesliga,28,29.7,2671,1.85,83.0,0,16,865,131,82.5,,,7,1,0,0,,0,31,3,25,0.7,,,2,7,46,8,98,,,72,103,46,1643,0.3,0.7
4054,Gvidas Gineitis,LTU,MF,Torino,Serie A,21,15.9,1430,ND,ND,1,26,388,32,74.7,,,10,0,4,3,,3,18,21,25,1.3,,,7,15,36,43,57,,,25,43,15,715,2.0,1.3
4055,Jamie Gittens,ENG,"FW,MF",Dortmund,Bundesliga,20,19.7,1776,1.75,70.0,3,22,627,4,76.5,,,35,0,11,8,,8,10,21,49,3.6,,,24,113,42,180,63,,,31,41,19,873,2.5,3.6
4056,Edoardo Goldaniga,ITA,DF,Como,Serie A,31,28.1,2532,1.93,87.0,0,10,1008,102,86.4,,,8,3,1,1,,1,33,4,10,2.5,,,6,20,81,8,74,,,34,67,21,1757,0.3,2.5
4057,André Gomes,POR,MF,Lille,Ligue 1,32,14.2,1276,1.88,84.0,0,11,632,11,89.4,,,19,2,0,0,,0,6,10,25,0.5,,,15,18,101,28,92,,,27,33,13,1086,0.7,0.5
4058,Rodrigo Gomes,POR,"DF,FW",Wolves,Premier League,22,9.0,810,1.7,62.0,0,10,217,20,68.6,,,9,1,2,2,,2,7,12,21,0.7,,,14,23,27,81,28,,,23,30,15,417,0.9,0.7
4059,Joe Gomez,ENG,DF,Liverpool,Premier League,28,5.8,519,1.88,77.0,0,2,303,20,88.7,,,2,2,0,0,,0,7,2,1,0.3,,,0,5,35,2,34,,,13,20,10,481,0.1,0.3
4060,Unai Gómez,ESP,"MF,FW",Athletic Club,La Liga,22,14.3,1284,ND,ND,3,6,235,15,73.1,,,21,1,4,1,,1,2,10,23,1.9,,,1,19,23,49,42,,,12,14,8,439,0.8,1.9
4061,Andoni Gorosabel,ESP,DF,Athletic Club,La Liga,28,16.5,1485,1.74,72.0,2,21,432,62,83.3,,,14,0,2,0,,0,18,15,18,0.3,,,16,17,51,59,56,,,47,65,28,1084,1.8,0.3
4062,Mario Götze,GER,"MF,FW",Eint Frankfurt,Bundesliga,33,17.1,1542,1.76,71.0,2,26,617,8,77.5,,,27,0,5,3,,3,7,34,26,2.9,,,19,29,88,96,104,,,41,48,28,986,3.1,2.9
4063,Amine Gouiri,ALG,"FW,MF",Marseille,Ligue 1,25,11.6,1048,1.8,72.0,3,5,248,1,80.9,,,15,0,13,10,,10,1,26,22,8.4,,,8,17,20,97,24,,,5,6,5,472,3.6,8.4
4064,Jeffrey Gouweleeuw,NED,DF,Augsburg,Bundesliga,34,32.7,2944,1.87,78.0,4,10,1169,183,82.6,,,6,0,5,1,,1,35,14,19,0.9,,,22,24,142,19,141,,,50,85,28,2061,2.2,1.7
4065,Alberto Grassi,ITA,MF,Empoli,Serie A,30,24.5,2203,1.83,75.0,0,14,441,43,74.6,,,18,1,1,1,,1,33,7,26,1.0,,,7,18,74,24,124,,,39,72,21,1058,0.8,1.0
4066,Archie Gray,ENG,"DF,MF",Tottenham,Premier League,19,19.5,1751,1.83,57.0,0,18,878,50,87.4,,,11,2,0,0,,0,19,3,12,0.0,,,0,7,40,17,69,,,16,35,8,1286,0.1,0.0
4067,Florian Grillitsch,AUT,MF,Valladolid,La Liga,29,6.9,623,1.86,73.0,0,4,225,5,82.8,,,5,1,0,0,,0,4,8,5,0.1,,,5,9,38,7,42,,,11,15,7,398,0.7,0.1
4068,Brajan Gruda,GER,"MF,FW",Brighton,Premier League,21,7.6,687,ND,ND,4,3,202,5,74.5,,,21,1,5,1,,1,2,23,14,1.2,,,12,22,26,57,26,,,16,18,8,344,2.1,1.2
4069,Albert Grønbaek,DEN,"MF,FW",Rennes,Ligue 1,24,9.0,813,ND,ND,1,15,218,6,62.8,,,15,0,3,2,,2,4,19,33,1.5,,,13,23,30,58,24,,,21,25,11,386,1.0,1.5
4070,Raphaël Guerreiro,POR,"DF,MF",Bayern Munich,Bundesliga,31,17.5,1572,1.7,67.0,4,26,820,19,88.7,,,15,1,8,4,,4,10,27,16,2.9,,,25,39,85,126,94,,,19,29,12,1487,2.9,2.9
4071,Ander Guevara,ESP,MF,Alavés,La Liga,28,21.6,1947,1.8,75.0,1,19,512,43,76.6,,,19,1,1,0,,0,14,12,22,0.9,,,11,14,112,19,120,,,49,63,30,1208,0.6,0.9
4072,Gerard Gumbau,ESP,MF,Rayo Vallecano,La Liga,30,9.4,849,1.87,78.0,1,11,276,13,75.5,,,2,0,1,0,,0,5,17,8,1.1,,,3,2,41,21,27,,,17,22,12,507,1.3,1.1
4073,Christian Günter,GER,DF,Freiburg,Bundesliga,32,25.7,2314,1.84,81.0,2,33,559,50,74.5,,,4,1,4,2,,2,8,28,15,0.6,,,30,19,52,109,61,,,23,31,21,1304,2.5,0.8
4074,Jon Guridi,ESP,"MF,FW",Alavés,La Liga,30,23.1,2080,1.79,78.0,1,18,471,16,74.2,,,17,0,4,2,,3,14,17,38,3.4,,,11,27,79,90,86,,,40,54,22,940,1.2,4.2
4075,Miguel Gutiérrez,ESP,"DF,MF",Girona,La Liga,24,27.3,2458,1.8,71.0,5,41,989,34,82.6,,,25,3,6,1,,1,16,41,37,1.6,,,51,63,103,199,144,,,37,53,24,1741,4.1,1.6
4076,Christian Gytkjær,DEN,FW,Venezia,Serie A,35,8.4,754,1.8,77.0,1,11,132,8,55.4,,,9,0,3,1,,2,0,7,18,1.6,,,3,3,5,52,15,,,6,6,4,235,0.5,2.4
4077,Robin Hack,GER,"FW,MF",Gladbach,Bundesliga,26,24.1,2172,1.76,68.0,7,28,684,28,76.2,,,44,0,11,4,,4,9,32,65,5.4,,,34,51,95,141,123,,,22,31,17,1186,3.6,5.4
4078,Lewis Hall,ENG,DF,Newcastle Utd,Premier League,20,24.3,2189,1.79,72.0,4,27,950,75,81.7,,,20,3,4,0,,0,18,34,33,0.4,,,17,41,123,80,119,,,58,76,41,1820,4.3,0.4
4079,Florent Hanin,ALG,DF,Angers,Ligue 1,35,29.7,2672,1.77,65.0,2,28,904,99,77.5,,,7,2,3,1,,1,47,25,27,0.9,,,37,48,99,108,132,,,69,116,48,1965,1.9,0.9
4080,Ridgeciano Haps,SUR,DF,Venezia,Serie A,32,15.2,1369,1.75,66.0,1,15,365,48,77.7,,,6,0,2,1,,1,7,7,13,1.2,,,12,26,52,47,54,,,30,37,16,738,0.7,1.2
4081,Jack Harrison,ENG,FW,Everton,Premier League,28,23.1,2076,1.75,70.0,0,33,524,35,62.8,,,41,2,1,1,,1,10,33,52,3.5,,,25,73,51,127,73,,,32,42,22,948,3.7,3.5
4082,Abdou Harroui,NED,"MF,FW",Hellas Verona,Serie A,27,5.1,463,1.82,78.0,2,6,175,5,79.2,,,10,0,3,1,,1,2,4,12,2.2,,,3,23,21,34,22,,,9,11,6,283,0.4,2.2
4083,Hans Hateboer,NED,DF,Rennes,Ligue 1,31,18.7,1684,1.85,72.0,0,21,696,64,85.3,,,5,2,0,0,,0,29,15,11,0.4,,,12,28,92,63,62,,,31,60,16,1305,1.5,0.4
4084,Kai Havertz,GER,"FW,MF",Arsenal,Premier League,26,20.8,1875,1.86,77.0,3,11,418,33,78.4,,,23,1,12,9,,9,6,17,44,9.5,,,9,35,61,113,41,,,16,22,9,785,2.4,9.5
4085,Hwang Hee-chan,KOR,"MF,FW",Wolves,Premier League,29,7.3,661,1.77,70.0,0,9,159,11,81.4,,,10,0,2,2,,2,2,3,14,0.8,,,4,15,12,42,28,,,6,8,4,271,0.1,0.8
4086,Ramon Hendriks,NED,DF,Stuttgart,Bundesliga,24,12.8,1154,ND,ND,1,9,418,63,83.7,,,4,0,1,0,,0,19,6,6,0.6,,,5,8,36,22,40,,,20,39,9,839,1.0,0.6
4087,Luis Henrique,BRA,"DF,FW",Inter Milan,Ligue 1,23,29.0,2613,1.81,70.0,7,31,1015,30,81.0,,,19,0,14,7,,7,10,53,30,4.2,,,47,84,143,280,116,,,16,26,9,1643,4.2,4.2
4088,Mads Hermansen,DEN,GK,Leicester City,Premier League,25,26.5,2385,ND,ND,0,1,734,13,61.0,1.0,3.7,0,4,0,0,58.0,0,0,0,1,0.0,3.0,1.0,1,0,1,0,17,64.5,99.0,1,1,1,1147,0.0,0.0
4089,Hernani,BRA,MF,Parma,Serie A,31,14.7,1327,1.88,77.0,3,20,419,12,75.3,,,12,1,6,0,,3,19,25,23,0.5,,,14,29,78,40,68,,,47,66,26,782,1.5,2.8
4090,Jorge Herrando,ESP,DF,Osasuna,La Liga,24,15.2,1366,1.92,75.0,0,5,505,65,85.4,,,1,2,1,1,,1,12,0,4,1.2,,,0,7,38,1,36,,,17,29,11,871,0.0,1.2
4091,Yangel Herrera,VEN,MF,Girona,La Liga,27,25.1,2257,1.82,62.0,3,22,812,50,81.3,,,35,2,7,4,,4,31,17,54,3.6,,,13,31,110,99,106,,,66,97,39,1405,1.5,3.6
4092,James Hill,ENG,DF,Bournemouth,Premier League,23,5.0,448,1.84,73.0,1,5,146,31,64.9,,,0,0,1,0,,0,9,3,2,0.3,,,6,3,16,8,13,,,15,24,8,319,0.3,0.3
4093,Piero Hincapié,ECU,DF,Leverkusen,Bundesliga,23,29.7,2670,1.82,65.0,2,21,1366,114,87.9,,,5,1,4,2,,2,32,16,19,2.9,,,16,52,152,72,105,,,52,84,40,2456,3.2,2.9
4094,Jack Hinshelwood,ENG,"MF,DF",Brighton,Premier League,20,20.5,1842,ND,ND,2,11,590,37,83.2,,,3,1,7,5,,5,16,17,18,2.7,,,9,19,68,54,63,,,27,43,19,1199,1.5,2.7
4095,Ki-Jana Hoever,NED,DF,Auxerre,Ligue 1,23,23.6,2124,1.8,67.0,2,33,656,70,70.8,,,12,1,3,1,,1,21,24,32,0.5,,,28,59,79,128,91,,,51,72,38,1349,2.7,0.5
4096,Nicolas Höfler,GER,MF,Freiburg,Bundesliga,35,8.8,794,1.81,78.0,0,7,199,28,86.4,,,10,1,0,0,,0,14,3,10,0.2,,,4,1,30,3,27,,,33,47,23,482,0.1,0.2
4097,Benedict Hollerbach,GER,"FW,MF",1.FSV Mainz 05,Bundesliga,24,28.2,2540,ND,ND,1,54,710,13,65.4,,,94,1,10,9,,9,2,26,111,7.0,,,22,103,68,214,111,,,43,45,22,1112,1.6,7.0
4098,Mathias Honsak,AUT,"FW,DF",Heidenheim,Bundesliga,28,13.1,1181,1.88,78.0,1,16,338,31,70.1,,,12,0,6,5,,5,10,14,38,3.3,,,12,37,29,58,55,,,15,25,8,646,1.6,3.3
4099,Lukáš Hrádecký,FIN,GK,Leverkusen,Bundesliga,35,29.0,2610,1.87,75.0,0,0,538,8,75.3,6.0,20.7,0,2,0,0,38.0,0,0,0,0,0.0,4.0,0.0,0,0,0,0,70,71.2,83.0,0,0,0,962,0.0,0.0
4100,Omari Hutchinson,ENG,"MF,FW",Ipswich Town,Premier League,21,28.7,2583,ND,ND,2,39,779,15,78.0,,,58,1,5,3,,3,11,31,80,2.9,,,27,97,75,159,110,,,32,43,13,1259,3.5,2.9
4101,Elseid Hysaj,ALB,DF,Lazio,Serie A,31,4.7,424,1.82,75.0,3,5,153,21,81.1,,,0,0,3,0,,0,5,6,5,0.2,,,9,4,14,18,20,,,11,16,6,318,1.6,0.2
4102,Hong Hyunseok,KOR,MF,Mainz 05,Bundesliga,26,5.9,530,1.77,68.0,1,8,142,9,77.9,,,12,0,1,0,,0,7,9,11,0.5,,,7,10,23,31,25,,,8,15,3,292,1.5,0.5
4103,Oscar Højlund,DEN,MF,Eint Frankfurt,Bundesliga,20,8.0,722,ND,ND,0,3,291,11,88.0,,,11,1,1,1,,1,5,6,18,1.0,,,4,17,49,9,40,,,21,26,12,497,1.1,1.0
4104,Igor,BRA,DF,Brighton,Premier League,27,10.7,961,1.85,80.0,0,5,530,39,91.9,,,0,1,0,0,,0,4,2,1,0.0,,,2,9,49,1,42,,,5,9,5,816,0.2,0.0
4105,Jonathan Ikone,FRA,FW,Como,Serie A,27,6.0,540,1.75,68.0,0,3,168,1,81.0,,,14,1,2,2,,2,0,2,9,1.8,,,7,23,17,55,18,,,15,15,9,257,0.2,1.8
4106,George Ilenikhena,NGA,FW,Monaco,Ligue 1,18,8.0,717,ND,ND,2,2,121,0,71.9,,,16,0,5,3,,3,2,9,12,5.1,,,3,8,10,58,10,,,4,6,2,189,1.4,5.1
4107,Ivan Ilić,SRB,MF,Torino,Serie A,24,10.2,920,1.82,77.0,0,11,412,10,83.4,,,9,0,1,1,,1,5,9,19,0.9,,,16,24,45,41,28,,,5,10,2,619,1.1,0.9
4108,Tim Iroegbunam,ENG,MF,Everton,Premier League,22,6.4,574,ND,ND,1,5,127,12,72.8,,,18,1,1,0,,0,16,3,11,0.2,,,1,8,15,9,51,,,29,45,14,269,0.2,0.2
4109,Jackson Irvine,AUS,MF,St. Pauli,Bundesliga,32,29.0,2610,1.79,70.0,6,17,464,63,70.6,,,13,2,6,0,,0,36,32,42,3.0,,,12,19,117,58,125,,,56,92,28,1286,3.9,3.2
4110,Alexander Isak,SWE,FW,Newcastle Utd,Premier League,25,30.6,2756,1.9,70.0,6,24,615,17,75.3,,,55,1,29,19,,23,3,41,66,17.2,,,31,83,88,217,55,,,12,15,5,1025,4.3,20.3
4111,Nicolas Jackson,SEN,FW,Chelsea,Premier League,24,24.7,2220,1.86,78.0,5,15,417,15,75.9,,,41,0,15,10,,10,3,28,71,12.3,,,10,47,38,129,48,,,22,25,13,687,4.3,12.3
4112,Karl Jakob Hein,EST,GK,Valladolid,La Liga,23,31.0,2790,1.93,81.0,0,0,643,19,73.4,5.0,16.1,0,2,0,0,68.0,0,0,0,3,0.0,4.0,0.0,0,0,0,0,43,60.7,96.0,0,0,0,1254,0.0,0.0
4113,Vitaly Janelt,GER,MF,Brentford,Premier League,27,25.0,2254,1.78,79.0,3,16,651,53,82.5,,,10,1,4,1,,1,27,14,16,0.8,,,23,17,80,38,107,,,38,65,22,1289,2.2,0.8
4114,Adnan Januzaj,BEL,"MF,FW",Las Palmas,La Liga,30,6.6,598,1.82,75.0,1,19,262,3,69.1,,,9,0,3,2,,2,2,17,31,0.8,,,14,24,41,58,30,,,10,12,6,459,1.1,0.8
4115,Mathias Jensen,DEN,MF,Brentford,Premier League,29,9.6,862,1.73,68.0,2,7,300,13,74.7,,,7,2,2,0,,0,8,16,9,0.2,,,19,6,61,27,48,,,14,22,10,573,1.7,0.2
4116,Jofre,ESP,"MF,FW",Espanyol,La Liga,24,24.1,2165,ND,ND,3,26,535,29,67.0,,,40,0,6,3,,3,15,24,64,2.5,,,15,65,48,156,105,,,22,37,16,839,2.5,2.5
4117,Þórir Jóhann Helgason,ISL,MF,Lecce,Serie A,24,12.8,1156,1.87,78.0,4,10,230,11,64.6,,,10,2,4,0,,0,6,22,26,1.2,,,13,20,38,58,46,,,10,16,7,491,1.1,1.2
4118,Ben Johnson,ENG,"DF,FW",Ipswich Town,Premier League,25,15.0,1354,1.7,68.0,2,23,259,54,71.6,,,17,1,3,1,,1,13,12,23,1.1,,,3,16,27,33,57,,,38,51,22,626,1.3,1.1
4119,Curtis Jones,ENG,"MF,DF",Liverpool,Premier League,24,19.0,1712,1.85,72.0,3,10,789,10,93.1,,,36,3,6,3,,3,7,22,26,4.3,,,19,30,117,79,97,,,39,46,22,1288,1.1,4.3
4120,Antoine Joujou,FRA,"MF,FW",Le Havre,Ligue 1,22,10.5,943,ND,ND,2,14,249,19,64.8,,,17,0,2,0,,0,9,15,32,0.6,,,15,44,18,85,59,,,16,25,11,417,3.0,0.6
4121,Luka Jović,SRB,"FW,MF",Milan,Serie A,27,6.2,557,1.81,75.0,0,1,99,3,81.6,,,6,0,2,2,,2,1,12,9,2.4,,,8,8,26,24,9,,,0,1,0,171,1.4,2.4
4122,Juanmi,ESP,"FW,MF",Getafe CF,La Liga,32,7.7,696,1.69,63.0,0,10,125,3,76.6,,,8,0,0,0,,0,2,4,27,2.9,,,4,6,8,28,23,,,14,16,11,220,0.3,2.9
4123,Anthony Jung,GER,DF,SC Freiburg,Bundesliga,33,21.1,1898,1.86,83.0,0,11,1044,77,89.6,,,2,1,0,0,,0,25,2,13,0.0,,,6,20,121,6,81,,,34,59,22,1695,0.1,0.0
4124,Hamed Junior Traorè,CIV,MF,Auxerre,Ligue 1,25,23.3,2093,1.77,69.0,2,16,615,11,74.1,,,53,0,12,10,,10,8,27,70,7.9,,,27,66,99,146,100,,,41,49,20,971,2.7,7.9
4125,Josip Juranović,CRO,"DF,MF",Union Berlin,Bundesliga,29,12.9,1159,1.75,68.0,1,15,307,42,64.5,,,3,2,1,0,,0,7,27,12,0.3,,,22,19,52,45,62,,,21,28,13,709,1.8,0.3
4126,James Justin,ENG,DF,Leicester City,Premier League,27,32.4,2912,1.83,70.0,2,40,866,141,78.2,,,15,3,4,2,,2,46,14,31,1.5,,,23,39,91,96,88,,,58,104,37,1948,0.8,1.5
4127,Filip Jørgensen,DEN,GK,Chelsea,Premier League,23,6.0,540,1.9,77.0,0,0,145,0,83.6,1.0,16.7,0,3,0,0,9.0,0,0,0,0,0.0,1.0,0.0,0,0,0,0,5,71.4,19.0,0,0,0,202,0.0,0.0
4128,Mohamed Kaba,FRA,MF,Lecce,Serie A,23,5.0,452,ND,ND,0,4,136,10,80.8,,,5,1,0,0,,0,4,1,13,0.3,,,1,3,18,8,19,,,13,17,8,240,0.0,0.3
4129,Pavel Kadeřábek,CZE,DF,Hoffenheim,Bundesliga,33,17.5,1576,1.82,78.0,0,16,456,54,70.1,,,3,1,2,2,,2,20,21,6,0.8,,,16,15,47,86,25,,,25,45,14,1016,2.0,0.8
4130,Arnaud Kalimuendo,FRA,"FW,MF",Rennes,Ligue 1,23,28.6,2578,1.78,73.0,3,24,521,16,78.8,,,59,1,20,12,,17,4,19,59,8.9,,,14,50,72,167,63,,,19,23,12,885,2.0,14.9
4131,Glen Kamara,FIN,MF,Rennes,Ligue 1,29,7.4,662,1.83,78.0,1,3,268,7,90.3,,,6,0,1,0,,0,7,5,7,0.2,,,8,5,34,22,42,,,23,30,11,476,0.2,0.2
4132,Kevin Kampl,SVN,MF,RB Leipzig,Bundesliga,34,17.7,1593,1.8,67.0,0,19,793,25,89.0,,,12,0,1,1,,1,24,16,13,0.8,,,24,21,106,32,100,,,27,51,18,1316,1.4,0.8
4133,Yann Karamoh,FRA,"MF,FW",Torino,Serie A,27,11.6,1046,1.85,77.0,1,18,292,5,67.0,,,26,0,1,0,,0,3,9,26,1.2,,,9,37,28,80,42,,,5,8,2,412,0.9,1.2
4134,Jesper Karlsson,SWE,FW,Lecce,Serie A,27,5.5,495,1.71,70.0,0,7,111,4,69.0,,,6,0,1,0,,1,0,10,10,0.7,,,9,11,12,32,12,,,3,3,2,202,0.6,1.5
4135,Grigoris Kastanos,CYP,"MF,FW",Hellas Verona,Serie A,27,9.7,872,1.76,71.0,1,8,239,8,69.3,,,10,0,2,1,,1,7,12,8,1.0,,,7,12,34,27,48,,,23,30,16,438,1.7,1.0
4136,Aljoscha Kemlein,GER,MF,Union Berlin,Bundesliga,20,10.2,922,1.85,80.0,0,8,260,15,75.5,,,1,0,1,1,,1,6,10,11,0.9,,,6,5,42,19,58,,,10,16,4,549,0.6,0.9
4137,Luca Kerber,GER,"MF,DF",Heidenheim,Bundesliga,23,8.7,783,ND,ND,0,3,175,25,73.7,,,4,1,2,2,,2,5,6,12,0.6,,,5,1,16,12,27,,,26,31,16,364,0.7,0.6
4138,Abdukodir Khusanov,UZB,DF,Manchester City,Premier League,21,5.6,503,1.87,86.0,0,3,274,29,91.1,,,1,1,0,0,,0,3,2,2,0.0,,,0,1,25,2,27,,,5,8,4,445,0.1,0.0
4139,Lukas Klostermann,GER,DF,RB Leipzig,Bundesliga,29,20.4,1838,1.89,83.0,0,18,752,143,88.4,,,0,3,1,1,,1,24,2,9,0.3,,,7,16,83,26,74,,,27,51,14,1472,0.1,0.3
4140,Justin Kluivert,NED,MF,Bournemouth,Premier League,26,26.0,2340,1.71,68.0,6,18,646,24,74.4,,,27,1,18,6,,12,14,45,55,5.6,,,35,81,105,173,78,,,23,37,11,1086,4.8,10.3
4141,Randal Kolo Muani,FRA,FW,Juventus,Serie A,26,12.9,1160,1.87,73.0,1,7,213,2,69.9,,,23,0,9,7,,8,4,17,41,3.9,,,9,21,20,100,33,,,11,15,7,364,1.6,4.7
4142,Geoffrey Kondogbia,CTA,"DF,MF",Marseille,Ligue 1,32,22.4,2020,1.88,79.0,0,10,1301,64,92.5,,,13,4,0,0,,0,22,5,13,0.5,,,13,20,105,11,108,,,60,82,38,2013,0.2,0.5
4143,Boubakar Kouyaté,MLI,DF,Montpellier,Ligue 1,28,8.4,756,1.92,78.0,0,1,174,54,83.4,,,0,0,0,0,,0,12,0,3,0.5,,,1,3,12,0,18,,,22,34,17,375,0.0,0.5
4144,Mateo Kovačić,CRO,MF,Manchester City,Premier League,31,24.4,2198,1.81,75.0,2,14,1445,21,92.6,,,29,1,8,6,,6,24,33,19,1.9,,,30,56,164,16,114,,,69,93,38,2123,3.6,1.9
4145,Goduine Koyalipou,CTA,FW,Lens,Ligue 1,25,9.8,885,1.83,76.0,0,12,174,8,69.8,,,16,0,4,4,,4,1,10,29,4.8,,,6,15,20,68,15,,,3,4,2,318,0.8,4.8
4146,Alex Král,CZE,MF,Espanyol,La Liga,27,30.2,2714,1.86,80.0,1,30,618,51,71.9,,,29,2,1,0,,0,28,12,52,1.5,,,12,49,78,79,127,,,55,83,37,1155,1.5,1.5
4147,Tom Krauß,GER,MF,Bochum,Bundesliga,24,12.0,1077,1.82,72.0,0,13,430,19,80.0,,,7,1,0,0,,0,11,12,23,0.4,,,9,16,84,20,78,,,35,46,18,768,0.7,0.4
4148,Sael Kumbedi,FRA,DF,Lyon,Ligue 1,20,10.6,951,1.75,63.0,0,11,324,32,85.7,,,11,1,0,0,,0,8,5,10,0.3,,,14,23,37,71,32,,,28,36,14,629,0.3,0.3
4149,Marash Kumbulla,ALB,DF,Espanyol,La Liga,25,33.0,2972,1.91,86.0,0,8,998,224,84.5,,,1,2,3,3,,3,34,1,14,1.8,,,4,11,71,3,74,,,51,85,26,1845,0.0,1.8
4150,Rémy Labeau Lascary,GLP,"FW,MF",Lens,Ligue 1,22,7.1,637,ND,ND,1,3,162,7,73.0,,,7,0,3,2,,2,1,7,32,2.5,,,9,17,7,71,21,,,16,17,10,275,1.1,2.5
4151,Yoel Lago,ESP,DF,Celta Vigo,La Liga,21,6.5,583,ND,ND,1,1,289,30,92.5,,,1,0,1,0,,0,4,1,5,0.0,,,0,1,31,0,22,,,12,16,8,487,0.1,0.0
4152,Tariq Lamptey,GHA,DF,Brighton,Premier League,24,9.6,860,1.75,69.0,2,6,292,23,81.1,,,5,1,4,2,,2,7,5,11,0.4,,,6,32,14,45,39,,,17,24,11,535,0.8,0.4
4153,Cyle Larin,CAN,FW,Mallorca,La Liga,30,19.6,1764,1.88,86.0,2,11,316,16,67.5,,,58,0,9,6,,7,1,8,72,6.1,,,3,20,20,95,46,,,12,13,6,561,1.4,6.9
4154,Toni Lato,ESP,DF,Mallorca,La Liga,27,6.9,621,1.73,69.0,0,5,155,33,75.2,,,2,0,0,0,,0,6,6,6,0.0,,,11,15,26,35,30,,,17,23,11,396,0.4,0.0
4155,Roméo Lavia,BEL,MF,Chelsea,Premier League,21,8.9,797,1.81,70.0,1,1,295,10,91.7,,,7,1,1,0,,0,16,7,3,0.3,,,3,3,31,7,40,,,22,38,13,493,0.7,0.3
4156,Manuel Lazzari,ITA,DF,Lazio,Serie A,31,15.6,1406,1.74,67.0,1,23,518,19,79.1,,,7,0,1,0,,0,10,20,27,0.1,,,22,72,66,96,50,,,26,36,16,896,1.3,0.1
4157,Julien Le Cardinal,FRA,DF,Brest,Ligue 1,27,15.3,1378,1.82,73.0,1,2,539,75,86.4,,,6,0,1,0,,0,33,5,3,0.4,,,0,7,39,1,48,,,27,60,15,994,0.3,0.4
4158,Maxim Leitsch,GER,DF,Mainz 05,Bundesliga,27,7.5,674,1.86,80.0,0,2,173,42,78.1,,,3,1,1,1,,1,10,2,8,1.2,,,0,4,25,5,36,,,12,22,4,473,0.2,1.2
4159,Iñigo Lekue,ESP,DF,Athletic Club,La Liga,32,8.6,773,1.8,72.0,0,6,245,29,78.6,,,5,2,0,0,,0,9,8,5,0.2,,,2,13,35,21,39,,,15,24,12,521,0.5,0.2
4160,Clément Lenglet,FRA,DF,Atlético de Madrid,La Liga,30,21.9,1972,1.86,81.0,1,13,1065,104,87.5,,,3,1,3,2,,2,22,5,8,2.4,,,0,16,79,1,74,,,27,49,17,1583,1.1,2.4
4161,Jefferson Lerma,COL,"MF,DF",Crystal Palace,Premier League,30,25.3,2274,1.79,70.0,1,22,649,80,75.3,,,18,1,1,0,,0,42,10,15,1.1,,,18,13,97,26,154,,,35,77,17,1406,1.6,1.1
4162,Rico Lewis,ENG,"DF,MF",Manchester City,Premier League,20,21.0,1893,1.7,65.0,2,22,865,45,91.5,,,19,1,3,1,,1,13,7,20,1.4,,,14,39,107,78,95,,,30,43,19,1477,0.3,1.4
4163,Myles Lewis-Skelly,ENG,DF,Arsenal,Premier League,18,15.2,1369,ND,ND,0,2,526,27,91.2,,,9,0,1,1,,1,7,8,13,0.2,,,10,37,71,37,53,,,22,29,14,905,0.4,0.2
4164,Victor Lindelöf,SWE,DF,Manchester Utd,Premier League,31,7.8,704,1.87,82.0,0,1,263,36,93.8,,,1,2,0,0,,0,8,3,1,0.0,,,2,5,26,4,29,,,7,15,2,452,0.1,0.0
4165,Jesper Lindstrøm,DEN,FW,Everton,Premier League,25,13.8,1239,1.8,63.0,1,18,302,17,69.4,,,24,0,1,0,,0,12,19,31,2.1,,,12,30,25,81,70,,,45,57,25,625,2.0,2.1
4166,Pol Lirola,ESP,DF,Marseille,Ligue 1,27,7.6,680,1.83,79.0,2,13,248,12,83.1,,,4,0,3,1,,1,4,8,6,0.6,,,4,12,21,40,29,,,13,17,9,460,0.7,0.6
4167,Dailon Livramento,CPV,"FW,MF",Hellas Verona,Serie A,24,10.4,940,ND,ND,1,14,161,9,53.9,,,12,0,2,1,,1,3,8,30,1.8,,,3,23,13,67,21,,,15,18,11,307,0.9,1.8
4168,Diego Llorente,ESP,DF,Betis,La Liga,31,28.0,2519,1.85,74.0,0,9,1127,154,86.7,,,4,1,2,2,,2,43,6,11,1.5,,,3,7,81,3,93,,,36,79,20,1915,0.3,1.5
4169,Ruben Loftus-Cheek,ENG,MF,Milan,Serie A,29,11.5,1037,1.91,83.0,0,4,362,20,89.7,,,7,0,0,0,,0,3,16,20,0.7,,,7,27,51,32,48,,,19,22,8,593,1.9,0.7
4170,David López,ESP,DF,Girona,La Liga,35,27.0,2429,1.85,83.0,1,8,1405,111,92.1,,,7,2,2,1,,1,14,4,11,0.9,,,6,17,132,7,95,,,32,46,24,2263,0.6,0.9
4171,Fer López,ESP,"FW,MF",Celta Vigo,La Liga,21,7.5,671,ND,ND,0,5,264,7,84.6,,,20,0,2,2,,2,2,14,33,2.7,,,12,27,43,58,25,,,9,11,5,365,1.9,2.7
4172,Javi López,ESP,DF,Real Sociedad,La Liga,23,21.5,1936,1.83,73.0,0,27,571,59,78.4,,,22,2,0,0,,0,11,5,24,0.1,,,14,36,73,64,92,,,40,51,23,1247,0.4,0.1
4173,Sandi Lovrić,SVN,MF,Udinese,Serie A,27,25.6,2308,1.8,68.0,3,17,670,27,78.7,,,28,1,5,2,,2,22,32,53,2.6,,,21,60,120,71,118,,,46,68,29,1258,3.4,2.6
4174,Lorenzo Lucca,ITA,FW,Udinese,Serie A,24,26.1,2353,2.01,80.0,1,10,350,27,64.0,,,29,0,13,11,,12,7,14,73,6.8,,,1,15,18,98,44,,,10,17,6,641,1.6,7.6
4175,Douglas Luiz,BRA,MF,Juventus,Serie A,27,5.9,529,1.78,66.0,0,1,276,5,86.5,,,7,0,0,0,,0,4,15,8,0.6,,,9,16,35,12,31,,,13,17,8,487,1.0,0.6
4176,Zito Luvumbo,ANG,"FW,MF",Cagliari,Serie A,23,17.8,1606,1.71,65.0,2,16,347,4,59.9,,,29,0,4,2,,2,4,17,67,2.1,,,13,70,31,125,50,,,10,14,6,477,3.1,2.1
4177,Ian Maatsen,NED,DF,Aston Villa,Premier League,23,12.7,1139,1.67,57.0,2,25,505,39,81.5,,,25,3,3,1,,1,15,19,22,0.9,,,19,31,50,104,67,,,29,44,17,917,2.7,0.9
4178,Deiver Machado,COL,"DF,MF",Lens,Ligue 1,31,20.1,1805,1.72,70.0,4,16,605,34,83.6,,,20,2,5,1,,1,16,20,33,2.3,,,19,42,45,80,89,,,36,52,26,1123,2.1,2.3
4179,Shuto Machino,JPN,"FW,MF",Holstein Kiel,Bundesliga,25,21.7,1953,1.84,77.0,2,27,449,28,64.2,,,20,1,13,9,,11,7,27,44,4.9,,,20,30,59,108,50,,,8,15,5,899,3.0,6.5
4180,Noni Madueke,ENG,FW,Chelsea,Premier League,23,22.6,2033,1.76,66.0,3,15,641,11,77.4,,,25,0,10,7,,7,10,32,52,9.6,,,35,154,69,226,84,,,25,35,18,980,4.2,9.6
4181,Soungoutou Magassa,FRA,MF,Monaco,Ligue 1,21,11.4,1025,1.88,70.0,1,9,386,19,84.6,,,13,1,1,0,,0,21,7,12,0.5,,,10,6,63,11,90,,,47,68,25,781,0.9,0.5
4182,Giangiacomo Magnani,ITA,DF,Hellas Verona,Serie A,29,11.8,1065,1.91,85.0,0,2,251,73,80.7,,,1,1,1,1,,1,17,1,4,1.1,,,0,4,31,7,38,,,20,37,15,540,0.0,1.1
4183,Harry Maguire,ENG,DF,Manchester Utd,Premier League,32,19.5,1758,1.88,79.0,0,5,782,78,85.5,,,2,1,1,1,,1,40,9,10,1.8,,,4,7,51,7,68,,,30,70,15,1328,0.6,1.8
4184,Arne Maier,GER,MF,Augsburg,Bundesliga,26,10.4,938,1.83,79.0,0,17,390,14,76.5,,,9,1,0,0,,0,6,25,21,1.5,,,10,19,44,56,72,,,13,19,7,699,1.5,1.5
4185,Kobbie Mainoo,ENG,MF,Manchester Utd,Premier League,20,18.3,1651,ND,ND,0,17,652,14,86.5,,,36,1,0,0,,0,19,14,36,0.7,,,12,22,65,47,88,,,46,65,29,1061,1.6,0.7
4186,Antoine Makoumbou,CGO,MF,Cagliari,Serie A,27,23.9,2150,1.85,75.0,3,11,818,28,88.8,,,24,0,3,0,,0,17,8,17,0.3,,,14,11,92,14,109,,,42,59,23,1367,0.9,0.3
4187,Julián Malatini,ARG,DF,Werder Bremen,Bundesliga,24,5.0,454,ND,ND,1,4,224,17,86.4,,,1,0,2,1,,1,7,2,3,0.2,,,4,8,24,4,19,,,11,18,9,363,0.5,0.2
4188,Daniel Maldini,ITA,"MF,FW",Monza,Serie A,23,14.5,1306,1.86,77.0,0,14,388,12,68.3,,,31,2,3,3,,3,4,12,36,4.8,,,8,41,34,66,52,,,14,18,6,584,0.9,4.8
4189,Youssef Maleh,MAR,MF,Empoli,Serie A,26,16.8,1510,1.77,70.0,1,12,299,25,71.1,,,10,0,1,0,,0,16,12,25,0.9,,,11,10,72,37,96,,,45,61,23,744,0.9,0.9
4190,Donyell Malen,NED,"FW,MF",Dortmund,Bundesliga,26,6.8,614,1.79,78.0,0,10,187,6,71.6,,,9,0,3,3,,3,3,1,16,2.9,,,6,23,17,75,15,,,0,3,0,278,0.2,2.9
4191,Lennard Maloney,USA,MF,Heidenheim,Bundesliga,25,8.4,760,1.87,84.0,0,6,147,38,71.6,,,1,0,0,0,,0,14,1,11,0.3,,,1,1,14,0,40,,,20,34,11,378,0.0,0.3
4192,Sekou Mara,FRA,"FW,MF",Strasbourg,Ligue 1,23,8.5,768,1.84,70.0,1,11,181,3,69.2,,,15,0,2,1,,1,3,5,29,2.0,,,2,9,11,47,21,,,9,12,6,303,1.0,2.0
4193,José María Giménez,URU,DF,Atlético Madrid,La Liga,30,22.2,1999,1.85,76.0,1,4,1006,115,91.8,,,3,2,1,0,,0,27,2,6,0.4,,,0,3,64,1,78,,,26,53,16,1582,0.2,0.4
4194,Luca Marianucci,ITA,DF,SSC Napoli,Serie A,21,11.9,1069,ND,ND,0,4,299,63,76.8,,,3,1,0,0,,0,19,3,7,0.6,,,2,12,28,3,43,,,28,47,12,609,0.2,0.6
4195,Răzvan Marin,ROU,MF,Cagliari,Serie A,29,15.6,1406,1.77,70.0,2,17,471,20,76.1,,,16,2,5,1,,3,2,34,18,0.8,,,20,22,84,29,70,,,22,24,13,860,3.6,2.4
4196,Omar Marmoush,EGY,"FW,MF",Manchester City,Premier League,26,13.1,1175,1.77,73.0,0,3,320,3,79.2,,,19,0,7,7,,7,6,15,45,5.5,,,29,29,37,78,37,,,13,19,8,504,2.8,5.5
4197,Marquinhos,BRA,DF,Cruzeiro Esporte Clube,Ligue 1,31,19.2,1725,1.83,75.0,0,6,1335,64,94.9,,,1,0,2,2,,2,11,9,4,1.1,,,4,29,151,4,103,,,30,41,19,1990,0.8,1.1
4198,Jon Martin,ESP,DF,Real Sociedad,La Liga,19,10.0,904,ND,ND,1,3,375,80,86.8,,,0,1,1,0,,0,7,4,8,0.6,,,2,4,34,0,22,,,11,18,9,677,0.2,0.6
4199,Gabriel Martinelli,BRA,"FW,MF",Arsenal,Premier League,24,25.4,2290,1.8,75.0,4,37,670,19,71.4,,,38,0,12,8,,8,5,40,50,7.4,,,37,124,52,289,78,,,23,28,15,994,5.0,7.4
4200,Josep Martinez,ESP,GK,Inter,Serie A,27,5.0,450,1.91,85.0,0,0,176,0,85.5,3.0,60.0,0,0,0,0,3.0,0,0,1,0,0.0,0.0,0.0,0,0,0,0,4,78.6,11.0,0,0,0,246,0.1,0.0
4201,Omar Mascarell,EQG,MF,Mallorca,La Liga,32,22.1,1992,1.81,70.0,0,10,589,59,84.0,,,9,3,1,1,,1,49,3,11,0.5,,,3,10,75,12,90,,,27,76,13,1189,0.2,0.5
4202,Adam Masina,MAR,DF,Torino,Serie A,31,21.3,1919,1.89,78.0,2,4,853,95,84.1,,,8,2,3,1,,1,27,4,12,0.7,,,6,15,73,10,88,,,33,60,15,1502,0.3,0.7
4203,Alan Matturro,URU,DF,Genoa,Serie A,20,10.0,900,ND,ND,0,7,218,38,78.0,,,3,0,0,0,,0,14,3,6,0.2,,,4,12,15,9,26,,,11,25,6,458,0.2,0.2
4204,Noussair Mazraoui,MAR,DF,Manchester Utd,Premier League,27,31.5,2838,1.83,74.0,1,35,1172,95,85.7,,,17,1,1,0,,0,34,20,25,0.7,,,20,42,115,58,149,,,115,149,68,2139,1.5,0.7
4205,Dwight McNeil,ENG,"MF,FW",Everton,Premier League,25,15.2,1371,1.77,72.0,6,16,443,2,74.5,,,33,1,10,4,,4,6,37,26,1.1,,,36,38,69,80,76,,,13,19,8,748,5.2,1.1
4206,Facundo Medina,ARG,DF,Lens,Ligue 1,26,28.3,2543,1.84,82.0,1,18,1328,70,87.6,,,14,0,1,0,,0,32,24,27,1.8,,,30,46,174,42,165,,,44,76,29,2176,2.0,1.8
4207,Mohamed Meité,FRA,FW,Rennes,Ligue 1,17,6.0,544,ND,ND,0,4,100,5,66.0,,,17,0,2,2,,2,0,5,21,2.5,,,3,8,6,37,5,,,2,2,0,155,0.6,2.5
4208,Nampalys Mendy,SEN,MF,Lens,Ligue 1,33,6.5,588,1.68,68.0,1,4,204,8,89.7,,,9,0,1,0,,0,9,1,7,0.2,,,2,2,28,3,30,,,15,24,8,357,0.1,0.2
4209,Alex Meret,ITA,GK,Napoli,Serie A,28,33.4,3005,1.85,77.0,0,0,775,16,85.9,16.0,47.1,0,0,0,0,25.0,0,0,0,1,0.0,1.0,2.0,0,0,1,0,61,71.4,59.0,0,0,0,1290,0.0,0.0
4210,Rafik Messali,FRA,DF,Toulouse,Ligue 1,22,5.1,456,ND,ND,1,10,155,12,73.1,,,12,0,1,0,,0,10,11,16,0.3,,,8,13,21,29,28,,,15,25,8,298,1.0,0.3
4211,Junior Messias,BRA,"MF,FW",Genoa,Serie A,34,9.4,847,1.74,67.0,1,8,226,20,63.7,,,5,0,2,1,,1,6,8,34,1.4,,,8,32,32,49,39,,,13,19,7,397,0.7,2.4
4212,Karol Mets,EST,DF,St. Pauli,Bundesliga,32,10.0,900,1.91,77.0,0,3,343,60,83.4,,,0,0,0,0,,0,12,3,4,0.1,,,3,5,54,2,35,,,13,25,8,736,0.2,0.1
4213,Kim Min-jae,KOR,DF,Bayern Munich,Bundesliga,28,25.4,2283,1.88,78.0,0,10,1644,91,92.5,,,5,4,2,2,,2,37,6,14,1.6,,,2,16,181,5,153,,,35,72,20,2764,0.3,1.6
4214,Bojan Miovski,MKD,FW,Girona,La Liga,26,9.7,869,ND,ND,1,4,88,7,76.1,,,6,0,3,2,,2,2,4,17,2.7,,,1,4,4,33,13,,,7,9,5,182,0.2,2.7
4215,Rui Modesto,ANG,"DF,MF",Udinese,Serie A,25,6.8,608,ND,ND,1,8,166,13,74.5,,,3,0,1,0,,0,8,14,9,0.5,,,6,16,22,43,26,,,16,24,12,388,0.8,0.5
4216,Max Moerstedt,GER,FW,Hoffenheim,Bundesliga,19,5.0,451,ND,ND,0,2,84,5,67.0,,,11,0,0,0,,0,0,7,13,0.8,,,2,6,10,36,11,,,5,5,5,159,0.6,0.8
4217,Nahuel Molina,ARG,DF,Atlético Madrid,La Liga,27,17.7,1590,1.75,70.0,3,37,782,53,79.9,,,3,0,3,0,,0,13,13,21,0.8,,,19,35,61,96,66,,,44,57,19,1366,1.5,0.8
4218,Alberto Moreno,ESP,DF,Como,Serie A,33,19.2,1727,1.72,64.0,0,20,722,40,82.5,,,3,2,0,0,,0,14,19,18,0.4,,,23,23,81,58,74,,,25,39,11,1224,1.2,0.4
4219,Gerard Moreno,ESP,FW,Villarreal,La Liga,33,8.0,721,1.77,75.0,2,10,243,8,77.0,,,9,0,5,0,,3,2,17,17,1.8,,,15,19,53,60,25,,,7,9,4,404,3.6,4.2
4220,Cristhian Mosquera,ESP,DF,Valencia,La Liga,21,36.9,3319,1.88,78.0,0,9,1401,128,90.5,,,10,4,1,1,,1,35,0,18,0.4,,,1,35,123,6,190,,,56,91,36,2367,0.0,0.4
4221,Daniel Mosquera,COL,FW,Hellas Verona,Serie A,25,15.3,1375,1.8,74.0,1,9,250,10,68.7,,,17,0,6,5,,5,2,12,43,6.6,,,4,17,25,83,54,,,11,13,8,509,1.3,6.6
4222,Yerson Mosquera,COL,DF,Wolves,Premier League,24,4.9,441,1.88,80.0,0,3,168,14,85.4,,,1,0,0,0,,0,10,2,4,0.3,,,1,0,7,0,24,,,11,21,7,294,0.1,0.3
4223,Mason Mount,ENG,MF,Manchester Utd,Premier League,26,6.9,622,1.75,64.0,0,8,215,4,81.8,,,9,0,1,1,,1,4,8,16,3.2,,,8,15,33,41,18,,,15,19,5,339,0.6,3.2
4224,Ngal'Ayel Mukau,COD,MF,Lille,Ligue 1,20,13.2,1190,1.85,72.0,1,17,426,22,89.1,,,8,0,1,0,,0,15,12,18,0.8,,,8,19,57,43,63,,,33,48,18,778,0.7,0.8
4225,Rodrigo Muniz,BRA,FW,Fulham,Premier League,24,10.7,964,1.78,67.0,1,4,157,14,64.8,,,24,0,9,8,,8,5,7,47,5.8,,,3,6,27,31,14,,,10,15,5,311,0.7,5.8
4226,Aihen Muñoz,ESP,DF,Real Sociedad,La Liga,27,12.2,1098,1.75,72.0,0,17,356,47,71.0,,,3,0,0,0,,0,14,3,10,0.2,,,3,26,38,28,43,,,24,38,12,763,0.3,0.2
4227,Iker Muñoz,ESP,MF,Osasuna,La Liga,22,6.8,610,ND,ND,1,9,184,12,78.9,,,4,1,1,0,,0,4,6,6,0.5,,,6,6,24,10,28,,,5,9,2,365,1.0,0.5
4228,Javier Muñoz,ESP,"MF,DF",Las Palmas,La Liga,30,28.8,2588,1.75,69.0,3,29,700,39,77.9,,,15,3,4,1,,1,31,29,29,1.3,,,32,36,108,91,112,,,45,76,35,1411,2.5,1.3
4229,Yunus Musah,USA,"MF,FW",Milan,Serie A,22,17.5,1571,1.78,75.0,2,11,581,9,87.2,,,13,3,2,0,,0,7,23,46,1.9,,,17,51,84,74,60,,,27,34,19,888,1.8,1.9
4230,Mahamadou Nagida,CMR,DF,Rennes,Ligue 1,20,4.8,430,1.76,74.0,0,8,169,6,77.0,,,7,0,2,2,,2,9,3,10,1.5,,,4,22,15,55,37,,,8,17,6,289,0.3,1.5
4231,Sebastian Nanasi,SWE,"MF,FW",Strasbourg,Ligue 1,23,23.4,2107,1.78,70.0,4,13,557,18,79.2,,,15,0,10,6,,6,7,37,20,6.5,,,39,53,126,127,71,,,20,27,13,992,4.9,6.5
4232,Pau Navarro,ESP,DF,Villarreal,La Liga,20,10.2,916,ND,ND,0,2,322,41,89.6,,,4,0,0,0,,0,4,1,4,0.0,,,1,3,40,7,46,,,23,27,17,668,0.0,0.0
4233,Cher Ndour,ITA,"MF,DF",Fiorentina,Serie A,21,4.5,406,ND,ND,0,5,155,7,81.1,,,6,1,0,0,,0,2,1,5,0.1,,,3,12,17,26,20,,,4,6,1,265,0.0,0.1
4234,Kosta Nedeljković,SRB,DF,RB Leipzig,Bundesliga,19,5.3,479,ND,ND,0,2,120,14,81.5,,,1,0,0,0,,0,2,3,4,0.5,,,9,10,16,27,11,,,11,13,8,283,0.3,0.5
4235,Reiss Nelson,ENG,FW,Fulham,Premier League,25,5.4,487,1.75,69.0,1,2,259,2,86.6,,,8,0,2,1,,1,5,13,14,1.1,,,15,45,35,63,29,,,8,13,6,347,1.0,1.1
4236,Luca Netz,GER,DF,Gladbach,Bundesliga,22,10.8,969,1.8,72.0,2,12,288,36,81.1,,,10,0,2,0,,0,10,16,14,0.2,,,13,16,28,55,42,,,24,34,14,666,1.9,0.2
4237,João Neves,POR,"MF,DF",Paris S-G,Ligue 1,20,20.5,1844,ND,ND,8,13,1018,22,91.2,,,16,1,11,3,,3,23,33,26,3.0,,,22,35,144,80,123,,,63,86,31,1851,4.0,3.0
4238,Yvan Neyou,CMR,MF,Leganés,La Liga,28,25.7,2312,1.8,69.0,1,13,806,38,86.4,,,21,1,2,1,,1,26,13,28,0.6,,,10,24,96,30,121,,,53,79,33,1379,0.6,0.6
4239,Mikayil Ngor Faye,SEN,DF,Rennes,Ligue 1,21,7.6,688,ND,ND,0,6,386,30,88.6,,,4,0,0,0,,0,12,1,9,0.4,,,1,12,35,4,41,,,15,27,12,617,0.0,0.4
4240,Tanguy Nianzou,FRA,DF,Sevilla,La Liga,23,5.8,518,1.87,79.0,0,0,207,27,90.8,,,0,0,0,0,,0,8,0,3,0.2,,,0,4,10,0,9,,,7,15,5,376,0.0,0.2
4241,Tamás Nikitscher,HUN,"MF,DF",Valladolid,La Liga,25,9.5,858,ND,ND,0,1,189,16,91.3,,,9,1,0,0,,0,11,2,6,0.1,,,1,2,13,7,34,,,17,28,8,401,0.0,0.1
4242,Eddie Nketiah,ENG,"FW,MF",Crystal Palace,Premier League,26,11.5,1034,1.75,66.0,1,12,246,12,74.3,,,17,0,4,3,,3,3,13,34,5.8,,,5,41,19,79,26,,,15,18,8,412,1.7,5.8
4243,Christopher Nkunku,FRA,FW,Chelsea,Premier League,27,10.2,921,1.75,69.0,2,3,280,10,89.5,,,17,0,5,3,,3,7,14,18,4.8,,,7,17,25,68,29,,,12,19,8,448,2.1,4.8
4244,Lukas Nmecha,GER,"FW,MF",Leeds United,Bundesliga,26,5.2,467,1.85,69.0,0,9,109,4,63.9,,,3,0,3,3,,3,2,3,14,4.5,,,5,8,6,32,15,,,2,4,0,183,0.3,4.5
4245,Arnaud Nordin,FRA,FW,Montpellier,Ligue 1,27,13.0,1166,1.7,68.0,1,15,323,7,69.9,,,14,0,5,3,,4,5,15,37,2.5,,,12,51,23,111,47,,,24,29,15,499,0.9,4.1
4246,Tijjani Noslin,NED,"FW,MF",Lazio,Serie A,26,9.6,861,ND,ND,2,9,194,7,75.0,,,13,0,4,2,,2,1,12,24,2.0,,,11,13,16,56,22,,,6,7,5,347,1.6,2.0
4247,Randy Nteka,ANG,FW,Rayo Vallecano,La Liga,27,12.5,1129,1.89,75.0,0,9,159,20,64.6,,,17,0,3,3,,3,4,9,32,2.6,,,2,10,8,44,26,,,16,20,5,366,0.5,2.6
4248,Ethan Nwaneri,ENG,"FW,MF",Arsenal,Premier League,18,9.9,895,1.8,82.0,2,14,365,4,80.5,,,17,1,6,4,,4,2,16,23,1.2,,,16,46,33,113,34,,,11,13,7,544,1.2,1.2
4249,Ørjan Nyland,NOR,GK,Sevilla,La Liga,34,29.7,2673,1.92,78.0,0,0,591,12,63.3,7.0,23.3,0,4,0,0,39.0,0,0,4,0,0.0,3.0,1.0,2,0,1,0,28,67.9,73.0,3,3,2,1068,0.3,0.0
4250,Allan Nyom,CMR,"DF,MF",Getafe,La Liga,37,9.9,887,1.86,81.0,2,1,206,23,79.5,,,4,0,3,1,,1,4,5,16,0.5,,,5,5,22,21,32,,,18,22,11,443,0.3,0.5
4251,Christian Nørgaard,DEN,MF,Brentford,Premier League,31,31.3,2819,1.85,70.0,4,25,826,70,81.6,,,20,1,9,5,,5,49,18,34,4.3,,,27,14,154,42,193,,,79,128,49,1802,1.3,4.3
4252,Wilson Odobert,FRA,"FW,MF",Tottenham,Premier League,20,9.4,850,1.8,75.0,0,13,265,5,77.4,,,17,1,1,1,,1,4,6,21,1.6,,,12,45,27,66,34,,,14,18,5,381,1.0,1.6
4253,Olasagasti,ESP,MF,Real Sociedad,La Liga,24,9.5,857,1.76,74.0,1,7,258,10,77.1,,,4,0,2,1,,1,15,6,11,0.9,,,8,11,38,41,42,,,21,36,10,512,0.8,0.9
4254,Mathías Olivera,URU,DF,Napoli,Serie A,27,26.3,2370,1.84,78.0,2,32,957,74,85.4,,,13,1,2,0,,0,28,25,27,1.1,,,11,46,126,62,93,,,63,91,35,1884,1.7,1.1
4255,Andrew Omobamidele,IRL,DF,Strasbourg,Ligue 1,23,6.0,539,1.88,76.0,0,2,258,41,94.1,,,1,0,0,0,,0,8,0,4,0.0,,,0,0,9,0,25,,,7,15,4,468,0.0,0.0
4256,Frank Onyeka,NGA,MF,Augsburg,Bundesliga,27,28.7,2586,1.83,75.0,1,25,754,36,83.6,,,34,2,1,0,,0,36,17,49,1.4,,,12,46,106,71,147,,,58,94,45,1339,1.3,1.4
4257,Loïs Openda,BEL,"FW,MF",RB Leipzig,Bundesliga,25,27.3,2453,1.75,73.0,5,36,521,12,63.8,,,27,0,14,9,,9,5,28,82,8.2,,,20,58,47,229,54,,,9,14,4,904,3.4,9.0
4258,Gaetano Oristanio,ITA,"FW,MF",Venezia,Serie A,22,25.7,2315,ND,ND,3,20,543,6,69.3,,,72,1,6,3,,3,6,33,80,4.1,,,22,72,64,131,84,,,17,23,13,758,2.6,4.1
4259,Aimar Oroz,ESP,MF,Osasuna,La Liga,23,33.0,2966,1.77,69.0,4,30,913,10,81.9,,,55,0,9,4,,5,20,41,58,3.5,,,36,74,163,142,164,,,35,55,19,1432,2.9,4.2
4260,Gabriel Osho,NGA,DF,Auxerre,Ligue 1,26,18.4,1654,ND,ND,0,3,539,87,88.8,,,3,0,1,1,,1,12,1,7,1.0,,,0,12,43,2,52,,,23,35,15,944,0.1,1.0
4261,Patrick Osterhage,GER,MF,Freiburg,Bundesliga,25,25.2,2267,1.86,76.0,0,24,636,37,83.7,,,20,0,1,1,,1,18,16,26,1.7,,,13,26,73,50,106,,,45,63,29,1259,1.4,1.7
4262,Cenk Özkacar,TUR,DF,Valladolid,La Liga,24,8.4,757,1.9,82.0,0,3,244,69,84.4,,,1,1,0,0,,0,18,1,4,0.1,,,0,2,15,0,30,,,9,27,5,507,0.0,0.1
4263,Exequiel Palacios,ARG,MF,Leverkusen,Bundesliga,26,12.8,1155,1.77,70.0,6,15,660,15,90.1,,,20,1,7,1,,1,13,28,17,1.5,,,19,15,97,40,76,,,22,35,15,1144,2.3,1.5
4264,Cole Palmer,ENG,"MF,FW",Chelsea,Premier League,23,35.5,3191,1.89,74.0,8,48,1173,20,77.0,,,37,1,23,11,,15,11,87,71,13.3,,,64,120,214,187,106,,,34,45,20,1851,10.9,17.3
4265,Daniel Parejo,ESP,MF,Villarreal,La Liga,36,25.3,2273,1.8,76.0,3,12,898,40,87.5,,,13,1,6,2,,3,24,23,17,0.8,,,17,19,176,26,142,,,52,76,40,1732,1.8,2.5
4266,Fabiano Parisi,ITA,"DF,MF",Fiorentina,Serie A,24,11.7,1049,1.78,72.0,0,13,341,17,80.5,,,16,0,2,2,,2,17,4,18,0.5,,,9,25,40,35,64,,,27,44,17,607,0.8,0.5
4267,Patric,ESP,DF,Lazio,Serie A,32,6.7,607,1.84,72.0,0,0,276,22,88.3,,,0,1,1,1,,1,3,1,2,1.1,,,2,4,30,5,29,,,9,12,6,449,0.0,1.1
4268,Aleksandar Pavlovic,GER,MF,Bayern Munich,Bundesliga,21,16.1,1451,ND,ND,0,9,1035,14,93.3,,,2,0,1,1,,1,5,7,13,0.6,,,13,15,128,33,72,,,38,43,21,1648,0.2,0.6
4269,Leonardo Pavoletti,ITA,"FW,MF",Cagliari,Serie A,36,4.9,445,1.86,78.0,0,5,86,3,58.2,,,2,0,2,2,,2,0,9,18,2.7,,,6,1,17,26,9,,,1,1,0,225,1.0,2.7
4270,Pedro,ESP,"FW,MF",Lazio,Serie A,38,12.2,1102,1.67,62.0,1,11,435,3,79.8,,,21,1,11,8,,10,3,22,20,3.8,,,25,48,76,89,59,,,19,22,14,722,1.7,5.3
4271,Pietro Pellegri,ITA,FW,Empoli,Serie A,24,4.6,414,1.96,78.0,0,10,80,3,69.4,,,15,0,3,3,,3,0,7,16,0.3,,,2,12,8,28,15,,,7,7,2,128,0.6,0.3
4272,Lorenzo Pellegrini,ITA,MF,Roma,Serie A,29,18.1,1626,1.86,77.0,1,13,463,22,79.5,,,16,0,3,1,,2,6,27,26,3.9,,,19,27,61,82,61,,,24,30,16,825,2.5,4.7
4273,Luca Pellegrini,ITA,DF,Lazio,Serie A,26,11.9,1067,1.84,72.0,4,19,420,32,75.5,,,9,0,4,0,,0,19,20,17,0.7,,,21,21,72,61,41,,,23,42,11,851,1.8,0.7
4274,Peque,ESP,"MF,FW",Sevilla,La Liga,22,12.6,1134,ND,ND,1,13,266,5,79.9,,,26,0,2,1,,1,8,12,23,2.5,,,6,14,35,44,41,,,16,24,5,485,1.2,2.5
4275,Ayoze Pérez,ESP,FW,Villarreal,La Liga,32,21.9,1970,1.79,68.0,2,12,429,15,75.8,,,34,0,21,19,,19,8,32,62,12.7,,,21,59,73,124,56,,,27,35,14,705,3.0,12.7
4276,Francisco Perez,ESP,"FW,MF",Valencia,La Liga,22,6.3,570,ND,ND,0,16,198,6,73.5,,,14,0,0,0,,0,3,7,17,0.3,,,6,24,13,71,27,,,17,20,12,327,2.6,0.3
4277,Mattia Perin,ITA,GK,Juventus,Serie A,32,5.0,450,1.88,74.0,0,0,123,2,79.7,3.0,60.0,0,0,0,0,3.0,0,0,0,0,0.0,0.0,0.0,0,0,0,0,6,81.3,13.0,0,0,0,185,0.0,0.0
4278,Léo Pétrot,FRA,DF,Saint-Étienne,Ligue 1,28,29.3,2634,1.78,70.0,3,28,766,103,80.4,,,17,1,3,0,,0,42,16,24,0.6,,,17,28,93,100,115,,,62,104,39,1708,1.6,0.6
4279,Roberto Piccoli,ITA,FW,Cagliari,Serie A,24,34.7,3127,1.9,84.0,1,17,511,31,66.3,,,46,0,11,9,,10,3,13,114,12.0,,,7,30,37,165,54,,,13,16,9,919,0.9,12.7
4280,Amos Pieper,GER,DF,Werder Bremen,Bundesliga,27,16.6,1498,1.92,86.0,0,7,570,98,84.8,,,3,1,0,0,,0,24,4,4,0.4,,,8,11,62,3,56,,,32,56,17,1136,0.6,0.4
4281,Marvin Pieringer,GER,"FW,MF",Heidenheim,Bundesliga,25,24.5,2206,1.89,81.0,4,22,467,32,65.8,,,24,0,11,4,,7,8,30,69,6.6,,,12,23,59,115,63,,,23,31,13,849,4.0,8.9
4282,Balthazar Pierret,FRA,MF,Lecce,Serie A,25,19.1,1723,1.85,76.0,0,6,512,31,83.6,,,10,1,0,0,,0,19,10,25,0.2,,,5,13,82,13,93,,,51,70,31,1020,0.4,0.2
4283,Ethan Pinnock,JAM,DF,Brentford,Premier League,32,21.3,1913,1.88,79.0,0,8,633,142,85.6,,,4,4,2,2,,2,24,8,2,1.1,,,4,3,41,9,50,,,35,59,19,1348,1.2,1.1
4284,Niccolò Pisilli,ITA,MF,Roma,Serie A,20,13.6,1227,ND,ND,1,7,389,16,83.5,,,15,0,3,2,,2,11,10,27,2.7,,,8,22,63,44,58,,,24,35,11,718,0.7,2.7
4285,Alassane Pléa,FRA,"MF,FW",Gladbach,Bundesliga,32,21.1,1902,1.8,72.0,4,40,601,7,72.1,,,22,1,15,10,,11,2,25,40,6.6,,,35,51,116,141,66,,,7,9,3,979,3.1,7.4
4286,Tommaso Pobega,ITA,MF,Bologna,Serie A,26,13.1,1178,1.88,78.0,2,4,293,16,82.1,,,6,0,4,2,,2,14,12,13,2.0,,,5,12,42,23,45,,,33,47,19,608,1.4,2.1
4287,Stefan Posch,AUT,DF,Bologna,Serie A,28,7.9,714,1.87,83.0,0,12,295,22,78.4,,,12,0,0,0,,0,5,10,9,0.3,,,11,11,36,35,43,,,26,31,15,602,0.7,0.3
4288,Beñat Prados,ESP,MF,Athletic Club,La Liga,24,19.1,1715,1.79,67.0,0,10,480,26,82.0,,,20,0,1,1,,1,28,11,25,1.0,,,6,20,78,32,91,,,55,83,36,991,1.1,1.0
4289,Alexander Prass,AUT,DF,Hoffenheim,Bundesliga,24,17.4,1566,1.8,72.0,1,30,605,53,72.7,,,10,4,1,0,,0,9,18,21,0.9,,,27,28,63,66,92,,,42,51,23,1199,2.8,0.9
4290,Abdón Prats,ESP,"FW,MF",Mallorca,La Liga,32,5.1,456,1.77,76.0,0,1,77,5,66.7,,,12,0,2,1,,2,1,3,17,1.5,,,1,0,7,14,13,,,2,3,1,146,0.1,2.2
4291,Christian Pulisic,USA,"FW,MF",Milan,Serie A,26,27.5,2478,1.72,69.0,9,25,859,13,76.5,,,40,2,20,8,,11,5,69,57,8.9,,,35,121,105,191,94,,,43,48,29,1367,6.4,12.0
4292,Dani Raba,ESP,"FW,MF",Valencia CF,La Liga,29,20.9,1879,1.84,74.0,6,16,523,19,67.1,,,40,1,14,4,,8,14,47,53,3.6,,,24,42,69,101,90,,,37,51,23,930,5.3,7.5
4293,Aaron Ramsdale,ENG,GK,Southampton,Premier League,27,30.0,2700,1.95,80.0,0,1,786,10,63.3,3.0,10.0,0,3,0,0,66.0,0,2,0,3,0.0,5.0,2.0,1,0,0,0,23,67.6,120.0,0,2,0,1314,0.0,0.0
4294,Jacob Ramsey,ENG,"FW,MF",Aston Villa,Premier League,24,18.0,1623,1.8,73.0,3,15,496,8,84.8,,,23,1,4,1,,1,8,21,42,1.6,,,21,61,68,114,83,,,30,38,15,762,2.3,1.6
4295,Raphinha,BRA,"FW,MF",Barcelona,La Liga,28,31.5,2839,1.76,78.0,9,36,1016,26,71.1,,,29,0,27,16,,18,11,91,53,17.6,,,67,94,135,349,94,,,36,47,22,1863,12.7,19.2
4296,Giacomo Raspadori,ITA,"FW,MF",Napoli,Serie A,25,12.3,1103,1.72,66.0,1,18,263,13,68.3,,,9,0,7,6,,6,3,28,25,4.0,,,7,18,42,57,43,,,18,21,9,549,2.4,4.0
4297,Federico Ravaglia,ITA,GK,Bologna,Serie A,25,11.7,1056,1.9,80.0,0,0,332,9,78.4,4.0,36.4,0,0,0,0,14.0,0,0,1,0,0.0,1.0,0.0,0,0,0,0,16,45.8,10.0,0,0,0,488,0.0,0.0
4298,Devyne Rensch,NED,DF,Roma,Serie A,22,5.2,469,1.79,75.0,1,4,161,12,81.9,,,2,1,1,0,,0,7,2,5,0.3,,,4,2,14,25,13,,,17,24,13,319,0.8,0.3
4299,Alexsandro Ribeiro,BRA,DF,Lille,Ligue 1,25,30.0,2700,1.89,82.0,1,9,1737,143,91.2,,,10,3,2,1,,1,27,9,22,1.6,,,6,25,178,8,175,,,32,59,19,2712,0.4,1.6
4300,Rodrigo Riquelme,ESP,"MF,DF",Atlético Madrid,La Liga,25,5.7,516,1.74,65.0,1,10,246,3,78.1,,,6,0,1,0,,0,2,15,11,0.9,,,12,43,24,62,21,,,11,13,5,354,0.8,0.9
4301,Mihailo Ristić,SRB,"DF,MF",Celta Vigo,La Liga,29,4.8,429,1.83,73.0,1,9,153,18,77.6,,,4,0,1,0,,0,2,4,7,0.0,,,2,8,10,11,17,,,7,9,7,302,0.2,0.0
4302,Lars Ritzka,GER,"DF,MF",St. Pauli,Bundesliga,27,10.2,922,1.82,78.0,0,18,161,41,71.5,,,4,0,1,1,,1,11,5,6,0.4,,,5,8,21,34,35,,,49,60,29,567,0.2,0.4
4303,Sergi Roberto,ESP,MF,Como,Serie A,33,7.7,696,1.85,70.0,1,10,340,14,90.3,,,5,0,1,0,,0,9,15,14,0.7,,,6,10,36,19,48,,,14,23,8,582,0.7,0.7
4304,Andrew Robertson,SCO,DF,Liverpool,Premier League,31,27.6,2482,1.78,64.0,1,35,1107,54,82.7,,,13,2,1,0,,0,21,40,25,1.2,,,31,64,176,108,105,,,39,60,22,2084,4.6,1.2
4305,Antonee Robinson,USA,DF,Fulham,Premier League,27,35.2,3167,1.79,72.0,10,47,1343,133,76.8,,,20,2,10,0,,0,62,43,44,0.7,,,56,118,131,274,157,,,95,157,61,2523,4.2,0.7
4306,Marc Roca,ESP,MF,Betis,La Liga,28,10.1,906,1.84,74.0,2,10,385,14,86.4,,,7,2,4,2,,2,14,12,9,1.1,,,6,11,59,13,51,,,20,34,14,632,1.0,1.1
4307,Damián Rodríguez,ESP,MF,Celta Vigo,La Liga,22,10.3,927,1.9,84.0,0,10,529,13,89.2,,,6,0,0,0,,0,7,17,4,0.1,,,4,8,71,12,49,,,14,21,9,876,0.8,0.1
4308,Dani Rodríguez,ESP,"MF,FW",Mallorca,La Liga,37,24.0,2162,1.78,71.0,7,17,512,30,69.7,,,46,0,11,4,,4,12,33,50,2.8,,,17,37,78,108,70,,,49,61,29,971,3.1,2.8
4309,Guido Rodríguez,ARG,MF,West Ham,Premier League,31,12.8,1149,1.85,78.0,1,13,327,35,84.4,,,7,1,1,0,,0,13,4,4,0.2,,,1,4,33,7,53,,,36,49,19,709,0.2,0.2
4310,Rodrygo,BRA,"FW,MF",Real Madrid,La Liga,24,21.4,1928,1.74,69.0,5,15,889,9,85.9,,,15,0,11,6,,6,11,49,47,3.9,,,26,113,108,253,71,,,21,32,14,1340,3.0,4.0
4311,Merlin Röhl,GER,"MF,FW",Freiburg,Bundesliga,23,10.7,965,1.91,74.0,1,12,217,2,76.0,,,22,0,1,0,,0,6,9,45,0.8,,,4,20,22,60,49,,,16,22,10,403,1.7,0.8
4312,Pablo Rosario,DOM,"MF,DF",Nice,Ligue 1,28,19.7,1775,1.88,73.0,1,11,473,43,85.0,,,15,2,4,2,,3,31,16,20,3.0,,,14,17,89,25,60,,,30,61,20,950,0.6,3.8
4313,Max Rosenfelder,GER,DF,Freiburg,Bundesliga,22,13.9,1249,ND,ND,0,18,445,65,85.3,,,2,0,1,1,,1,7,5,5,0.4,,,4,24,29,18,60,,,27,34,17,826,0.7,0.4
4314,Nicolò Rovella,ITA,MF,Lazio,Serie A,23,30.2,2718,1.79,68.0,3,11,1451,46,89.6,,,14,3,3,0,,0,47,31,22,1.5,,,24,45,159,42,154,,,84,131,50,2354,2.2,1.5
4315,Amir Rrahmani,KVX,DF,Napoli,Serie A,31,37.8,3406,1.9,75.0,3,11,1859,179,91.0,,,6,2,4,1,,1,27,11,9,2.9,,,9,30,188,2,135,,,39,66,31,3152,1.1,2.9
4316,Antonio Rüdiger,GER,DF,Real Madrid,La Liga,32,25.5,2291,1.91,85.0,0,5,1373,96,91.8,,,2,1,0,0,,0,9,7,7,1.7,,,6,20,94,4,102,,,20,29,13,2069,0.5,1.7
4317,Aitor Ruibal,ESP,"DF,FW",Betis,La Liga,29,14.6,1313,1.76,71.0,3,14,398,40,80.9,,,16,1,4,1,,1,14,20,27,0.9,,,12,21,50,64,71,,,32,46,23,790,2.4,0.9
4318,Abel Ruiz,ESP,FW,Girona,La Liga,25,15.0,1346,1.82,78.0,0,5,225,7,87.9,,,18,0,4,3,,4,5,8,32,3.0,,,5,21,23,71,21,,,6,11,2,391,0.5,4.6
4319,José Sá,POR,GK,Wolves,Premier League,32,29.0,2609,1.92,86.0,0,1,630,15,64.1,7.0,24.1,0,1,0,0,48.0,0,0,3,1,0.0,5.0,2.0,1,0,2,0,37,63.2,69.0,2,2,2,985,0.2,0.0
4320,Stefano Sabelli,ITA,DF,Genoa,Serie A,32,22.9,2058,1.8,74.0,2,28,641,65,68.5,,,4,0,2,0,,0,22,18,22,0.1,,,31,36,88,43,92,,,58,80,31,1428,1.9,0.1
4321,Umar Sadiq,NGA,FW,Valencia,La Liga,28,9.2,825,1.92,75.0,0,5,175,7,72.3,,,24,0,5,5,,5,1,6,41,3.4,,,0,9,7,49,14,,,10,11,5,301,0.7,3.4
4322,Osame Sahraoui,MAR,"FW,MF",Lille,Ligue 1,24,14.4,1293,1.7,53.0,3,23,535,8,83.9,,,23,1,6,3,,3,7,29,39,2.9,,,41,69,89,159,58,,,13,20,9,804,3.6,2.9
4323,Kike Salas,ESP,DF,Sevilla,La Liga,23,24.9,2238,1.86,80.0,2,16,717,146,78.5,,,2,0,5,3,,3,32,6,11,1.9,,,3,7,59,18,95,,,47,79,28,1710,0.6,1.9
4324,Antonio Sanabria,PAR,FW,Torino,Serie A,29,14.6,1318,1.8,76.0,1,2,227,13,78.4,,,23,0,3,2,,2,1,9,32,2.1,,,3,6,18,54,24,,,3,4,3,377,0.5,2.9
4325,Alexis Sánchez,CHI,FW,Udinese,Serie A,36,4.9,437,1.68,62.0,0,4,121,1,76.7,,,8,1,0,0,,0,4,3,17,0.8,,,5,2,19,19,17,,,3,7,1,211,0.2,0.8
4326,Antonio Sánchez,ESP,"MF,DF",Mallorca,La Liga,28,15.5,1395,1.79,78.0,0,13,367,36,72.8,,,7,1,0,0,,0,18,5,26,1.1,,,8,18,38,53,77,,,28,46,16,729,0.6,1.1
4327,Jadon Sancho,ENG,FW,Chelsea,Premier League,25,19.6,1764,1.8,73.0,4,24,653,8,82.6,,,21,2,7,3,,3,2,38,30,2.2,,,48,102,90,225,99,,,13,15,7,975,3.7,2.2
4328,Nhoa Sangui,FRA,"DF,MF",Reims,Ligue 1,19,12.9,1158,ND,ND,2,15,362,23,83.9,,,15,0,2,0,,0,8,5,17,0.1,,,4,21,45,53,64,,,16,24,9,708,0.5,0.1
4329,Maroan Sannadi,MAR,FW,Athletic Club,La Liga,24,8.4,754,ND,ND,1,9,198,2,72.3,,,18,1,2,1,,1,1,7,41,3.5,,,8,21,15,67,24,,,5,6,0,282,0.6,3.5
4330,Andrey Santos,BRA,MF,Strasbourg,Ligue 1,21,31.7,2855,1.76,72.0,3,23,1015,67,88.2,,,11,1,13,10,,10,32,27,44,5.1,,,15,29,149,26,188,,,110,142,74,1983,3.3,5.1
4331,Kauã Santos,BRA,GK,Eint Frankfurt,Bundesliga,22,8.5,765,ND,ND,0,1,191,10,69.5,3.0,37.5,0,2,0,0,12.0,0,0,1,0,0.0,1.0,0.0,0,0,1,0,19,76.1,35.0,0,0,0,326,0.0,0.0
4332,Tiago Santos,POR,DF,Lille,Ligue 1,23,4.5,404,1.75,71.0,0,6,191,4,78.5,,,3,0,0,0,,0,2,5,13,0.4,,,8,24,17,43,15,,,12,14,7,285,0.6,0.4
4333,Amin Sarr,SWE,FW,Hellas Verona,Serie A,24,21.2,1907,1.88,83.0,1,16,345,14,70.0,,,26,0,5,4,,4,3,22,57,3.2,,,16,31,41,103,42,,,22,25,12,681,2.1,3.2
4334,Sávio,BRA,"FW,MF",Manchester City,Premier League,21,19.6,1766,1.76,71.0,8,33,783,9,80.8,,,38,1,9,1,,1,6,46,42,5.0,,,47,137,67,246,79,,,23,29,17,1095,6.9,5.0
4335,Oliver Scarles,ENG,"DF,FW",West Ham,Premier League,19,7.4,665,ND,ND,0,5,219,26,78.8,,,3,0,0,0,,0,11,2,12,0.1,,,5,12,22,44,34,,,21,32,11,466,0.1,0.1
4336,András Schäfer,HUN,MF,Union Berlin,Bundesliga,26,17.0,1534,1.8,74.0,1,19,362,36,73.5,,,9,0,2,1,,1,22,10,27,0.6,,,12,23,55,42,72,,,52,74,26,799,0.9,0.6
4337,Stephan El Shaarawy,ITA,"DF,MF",Roma,Serie A,32,12.2,1098,1.78,72.0,4,12,381,13,79.2,,,10,0,7,3,,3,10,15,22,2.7,,,21,42,49,77,48,,,16,26,12,635,1.2,2.7
4338,Armindo Sieb,GER,"FW,MF",Mainz 05,Bundesliga,22,8.5,762,1.78,72.0,2,6,184,7,69.7,,,25,0,4,2,,2,1,8,33,2.8,,,8,28,18,64,29,,,10,11,4,333,1.1,2.8
4339,Kiliann Sildillia,FRA,DF,Freiburg,Bundesliga,23,8.9,801,1.86,71.0,0,13,253,38,73.2,,,6,0,2,2,,2,11,7,8,0.5,,,6,11,29,34,33,,,17,28,10,576,0.7,0.5
4340,Fábio Silva,POR,FW,Las Palmas,La Liga,23,20.7,1866,1.85,73.0,3,24,330,27,66.3,,,30,0,13,8,,10,4,16,58,6.4,,,14,30,26,119,48,,,12,16,7,706,2.0,8.8
4341,Jota Silva,POR,"FW,MF",Nott'ham Forest,Premier League,25,9.5,854,ND,ND,1,12,175,17,60.2,,,12,0,4,3,,3,12,14,24,2.1,,,9,21,18,59,43,,,27,39,14,357,2.9,2.1
4342,Marco Silvestri,ITA,GK,Empoli,Serie A,34,5.0,450,1.91,80.0,0,0,103,3,63.5,0.0,0.0,0,1,0,0,11.0,0,0,0,0,0.0,0.0,0.0,0,0,0,0,6,59.3,17.0,0,0,0,162,0.0,0.0
4343,Abdallah Sima,SEN,"FW,MF",Brest,Ligue 1,24,13.8,1238,1.88,78.0,2,15,299,9,69.6,,,22,0,9,7,,7,1,13,53,5.9,,,6,36,24,92,61,,,15,16,11,510,1.0,5.9
4344,Tim Skarke,GER,"FW,MF",Union Berlin,Bundesliga,28,12.9,1164,1.79,70.0,2,15,293,17,70.0,,,21,0,2,0,,0,5,16,34,2.1,,,15,26,25,96,56,,,14,19,11,487,1.2,2.1
4345,Andreas Skov Olsen,DEN,"FW,MF",Wolfsburg,Bundesliga,25,5.9,535,1.87,76.0,1,6,188,12,80.4,,,5,0,2,1,,1,2,18,7,0.8,,,10,22,22,48,18,,,8,10,6,329,1.9,0.8
4346,Robert Skov,DEN,"DF,MF",Union Berlin,Bundesliga,29,9.5,852,1.83,79.0,2,10,263,9,65.9,,,3,0,4,1,,2,8,19,21,0.9,,,16,25,36,45,43,,,15,23,11,564,2.4,1.7
4347,William Smallbone,IRL,MF,Southampton,Premier League,25,7.7,690,1.73,64.0,0,8,193,14,75.8,,,6,2,1,1,,1,2,10,12,0.6,,,4,5,27,25,23,,,20,22,13,431,0.7,0.6
4348,Adam Smith,ENG,DF,Bournemouth,Premier League,34,17.7,1590,1.74,78.0,0,15,366,49,75.7,,,7,1,0,0,,0,15,8,13,0.7,,,10,15,49,34,50,,,24,39,12,825,0.4,0.7
4349,Emile Smith Rowe,ENG,MF,Fulham,Premier League,25,22.7,2043,1.82,72.0,3,18,779,16,90.1,,,18,0,9,6,,6,11,24,36,4.5,,,15,53,126,127,75,,,31,42,18,1223,1.4,4.5
4350,Alex Sola,ESP,"MF,FW",Getafe,La Liga,26,11.4,1029,1.78,73.0,1,10,265,11,64.0,,,21,1,1,0,,0,7,9,54,1.0,,,2,24,23,61,47,,,21,28,14,446,0.7,1.0
4351,Dominic Solanke,ENG,FW,Tottenham,Premier League,27,24.5,2201,1.87,75.0,3,15,385,23,70.6,,,51,0,12,8,,9,1,14,69,10.1,,,9,31,47,88,38,,,18,19,11,655,2.9,10.9
4352,Jhon Solis,COL,MF,Girona,La Liga,20,5.9,535,ND,ND,0,1,229,6,89.5,,,10,1,1,1,,1,4,2,9,0.7,,,1,9,29,15,27,,,13,17,7,364,0.1,0.7
4353,Borna Sosa,CRO,DF,Torino,Serie A,27,13.1,1181,1.76,74.0,0,10,417,33,79.6,,,1,0,0,0,,0,14,11,9,0.3,,,22,13,51,49,53,,,26,40,19,781,0.7,0.3
4354,Florian Sotoca,FRA,"FW,MF",Lens,Ligue 1,34,19.9,1794,1.87,79.0,1,42,679,25,73.5,,,22,0,2,1,,1,14,18,20,4.6,,,29,44,105,170,79,,,22,36,13,1186,1.5,4.6
4355,Riccardo Sottil,ITA,"FW,MF",Fiorentina,Serie A,26,9.3,833,1.8,73.0,1,8,272,3,70.5,,,8,0,2,1,,1,4,12,21,0.9,,,12,71,18,100,44,,,5,9,4,356,0.9,0.9
4356,Josip Stanišić,CRO,DF,Bayern Munich,Bundesliga,25,9.7,876,1.86,73.0,2,4,533,29,91.6,,,6,1,2,0,,0,6,14,11,0.3,,,12,20,76,30,64,,,13,19,11,876,1.5,0.3
4357,Carl Starfelt,SWE,DF,Celta Vigo,La Liga,30,25.2,2270,1.85,83.0,0,4,1104,129,93.7,,,0,3,1,1,,1,31,6,9,0.5,,,1,11,66,1,77,,,40,71,20,1901,0.2,0.5
4358,Niklas Stark,GER,DF,Werder Bremen,Bundesliga,30,23.4,2106,1.89,74.0,1,8,882,129,85.6,,,0,1,1,0,,0,36,1,7,1.1,,,3,7,62,3,73,,,33,69,21,1558,0.1,1.1
4359,Orri Steinn Óskarsson,ISL,FW,Real Sociedad,La Liga,20,10.5,944,ND,ND,0,9,122,11,52.8,,,11,0,3,3,,3,2,5,17,5.2,,,3,6,9,50,15,,,6,8,6,285,0.2,5.2
4360,John Stones,ENG,"DF,MF",Manchester City,Premier League,31,6.1,548,1.88,70.0,0,2,292,19,91.1,,,0,1,2,2,,2,4,2,2,0.4,,,0,10,21,2,22,,,6,10,2,442,0.1,0.4
4361,Cristhian Stuani,URU,FW,Girona,La Liga,38,12.0,1078,1.86,75.0,2,3,96,11,69.5,,,7,0,13,8,,11,7,6,24,5.8,,,3,2,10,36,14,,,9,16,7,256,0.6,8.1
4362,Luka Sučić,CRO,MF,Real Sociedad,La Liga,22,19.9,1792,1.85,69.0,1,15,666,16,82.4,,,16,1,2,1,,1,15,25,33,3.3,,,13,30,79,56,109,,,25,40,18,1094,2.6,3.3
4363,Niklas Süle,GER,DF,Dortmund,Bundesliga,29,11.7,1053,1.95,93.0,0,2,668,46,92.8,,,0,1,0,0,,0,4,3,3,0.6,,,0,15,47,10,53,,,14,18,12,1038,0.1,0.6
4364,Michael Svoboda,AUT,DF,Venezia,Serie A,26,14.6,1314,ND,ND,0,8,509,66,84.8,,,11,2,1,1,,1,22,5,12,0.2,,,2,13,43,5,71,,,26,48,14,984,0.6,0.2
4365,Williot Swedberg,SWE,"FW,MF",Celta Vigo,La Liga,21,15.0,1348,1.85,67.0,5,18,351,10,73.3,,,16,1,9,4,,4,3,16,50,5.2,,,12,34,28,116,46,,,23,26,16,562,2.6,5.2
4366,Mathys Tel,FRA,FW,Tottenham Hotspur,Premier League,20,10.1,911,1.83,75.0,1,12,266,8,69.5,,,15,2,3,1,,2,2,14,28,2.2,,,14,28,21,72,38,,,16,18,6,414,2.6,3.0
4367,Nathan Tella,NGA,"MF,FW",Leverkusen,Bundesliga,26,15.1,1359,1.73,70.0,4,20,308,10,74.6,,,16,0,6,2,,2,4,18,39,3.1,,,10,38,22,130,37,,,16,20,11,529,1.5,3.1
4368,Casper Tengstedt,DEN,FW,Hellas Verona,Serie A,25,16.9,1517,ND,ND,1,18,238,29,67.4,,,6,0,7,5,,6,4,12,36,4.5,,,8,29,29,85,37,,,7,11,5,458,0.9,5.3
4369,Ramón Terrats,ESP,"MF,FW",Getafe,La Liga,24,13.5,1219,1.81,69.0,1,11,256,16,64.8,,,12,0,5,4,,4,8,16,33,2.2,,,9,8,36,37,53,,,20,28,10,493,2.5,2.2
4370,Martin Terrier,FRA,"MF,FW",Leverkusen,Bundesliga,28,6.5,584,1.83,81.0,1,6,129,1,81.9,,,6,0,3,2,,2,1,8,11,2.4,,,5,11,14,35,8,,,4,5,2,250,0.9,2.4
4371,Morten Thorsby,NOR,"MF,FW",Genoa,Serie A,29,21.1,1898,1.86,72.0,1,20,295,28,66.6,,,28,1,1,0,,0,5,27,45,2.8,,,10,24,58,76,51,,,49,54,30,753,2.1,2.8
4372,Marcus Thuram,FRA,FW,Inter,Serie A,27,24.4,2200,1.89,79.0,4,12,453,15,73.7,,,29,0,18,14,,14,3,39,55,9.9,,,27,62,53,170,71,,,18,21,8,830,4.4,9.9
4373,Youri Tielemans,BEL,MF,Aston Villa,Premier League,28,33.6,3026,1.77,72.0,7,37,1288,47,82.2,,,29,4,10,3,,3,23,60,31,2.5,,,38,39,235,48,145,,,84,107,58,2385,7.0,3.3
4374,Phillip Tietz,GER,FW,Augsburg,Bundesliga,28,18.7,1686,1.9,71.0,2,21,347,26,62.4,,,17,1,9,6,,7,5,22,46,5.3,,,9,8,29,113,48,,,11,16,6,677,1.2,6.1
4375,Lucas Tousart,FRA,MF,Union Berlin,Bundesliga,28,6.2,561,1.85,83.0,1,3,94,27,66.7,,,5,0,1,0,,0,7,3,8,0.4,,,4,4,18,13,32,,,17,24,9,264,0.5,0.4
4376,Adama Traoré,ESP,"FW,MF",Fulham,Premier League,29,19.7,1772,1.78,72.0,7,19,538,6,72.2,,,25,4,9,2,,2,1,42,37,4.0,,,38,100,68,161,87,,,20,21,13,801,4.9,4.0
4377,Hamari Traoré,MLI,DF,Real Sociedad,La Liga,33,7.8,700,1.75,64.0,1,8,252,21,82.8,,,1,0,1,0,,0,9,3,6,0.0,,,5,12,26,20,29,,,19,28,12,529,0.2,0.0
4378,Kevin Trapp,GER,GK,Eint Frankfurt,Bundesliga,35,25.5,2295,1.89,83.0,0,1,642,13,73.2,6.0,23.1,0,3,0,0,34.0,0,0,0,1,0.0,0.0,2.0,0,0,1,0,52,70.9,82.0,0,0,0,1001,0.0,0.0
4379,Óscar Trejo,ARG,MF,Rayo Vallecano,La Liga,37,5.5,496,1.77,79.0,0,4,227,5,83.7,,,26,0,1,1,,1,4,9,25,0.6,,,5,15,37,28,25,,,8,12,5,409,1.0,0.6
4380,Kostas Tsimikas,GRE,DF,Liverpool,Premier League,29,9.3,837,1.77,70.0,1,9,368,20,84.1,,,4,0,1,0,,0,11,16,6,0.4,,,12,17,76,43,31,,,31,42,20,741,2.1,0.4
4381,Viktor Tsyhankov,UKR,"FW,MF",Girona,La Liga,27,21.3,1913,1.77,69.0,5,23,650,16,74.2,,,25,1,7,2,,2,15,33,32,2.8,,,24,62,65,195,69,,,19,34,12,1064,3.9,2.8
4382,Stefano Turati,ITA,GK,Monza,Serie A,23,29.7,2676,1.88,81.0,0,1,720,21,70.9,2.0,6.7,0,2,0,0,52.0,0,0,0,0,0.0,2.0,2.0,0,0,0,0,32,65.5,93.0,0,0,0,1166,0.0,0.0
4383,Beñat Turrientes,ESP,MF,Real Sociedad,La Liga,23,10.5,942,1.72,68.0,0,2,317,14,89.6,,,11,1,0,0,,0,5,3,20,0.6,,,2,18,42,28,45,,,15,20,6,561,0.2,0.6
4384,Christantus Uche,NGA,"FW,MF",Getafe,La Liga,22,27.6,2486,ND,ND,6,23,553,19,65.4,,,67,0,10,4,,4,10,29,113,3.8,,,16,43,49,148,110,,,35,45,21,971,2.9,3.8
4385,Destiny Udogie,ITA,DF,Tottenham,Premier League,22,21.4,1924,1.87,74.0,1,34,758,36,87.2,,,19,1,1,0,,0,22,16,37,0.3,,,6,54,121,94,111,,,75,97,47,1376,1.5,0.3
4386,Deniz Undav,GER,"FW,MF",Stuttgart,Bundesliga,29,19.2,1726,1.78,86.0,3,21,469,10,73.2,,,28,0,12,9,,9,3,26,51,11.7,,,27,31,70,141,48,,,11,14,10,797,3.6,11.7
4387,Kacper Urbanski,POL,MF,Monza,Serie A,20,5.6,500,1.78,74.0,0,6,187,9,86.3,,,10,0,0,0,,0,2,4,6,0.1,,,2,10,41,14,23,,,5,7,3,304,0.1,0.1
4388,Jonas Urbig,GER,GK,Bayern Munich,Bundesliga,21,8.0,720,1.89,75.0,0,1,201,9,81.1,2.0,25.0,0,2,0,0,12.0,0,0,0,1,0.0,0.0,0.0,1,0,3,0,25,57.1,16.0,0,0,0,310,0.0,0.0
4389,Nicolás Valentini,ARG,DF,Hellas Verona,Serie A,24,12.5,1129,1.87,79.0,0,11,268,97,67.5,,,2,0,0,0,,0,15,6,5,0.3,,,2,4,42,1,43,,,35,50,23,654,0.8,0.3
4390,Ignace Van Der Brempt,BEL,DF,Como 1907,Serie A,23,14.0,1257,1.87,74.0,1,17,432,34,81.1,,,10,0,1,0,,0,17,10,21,0.5,,,6,19,42,34,59,,,40,57,32,841,0.5,0.5
4391,Vanderson,BRA,DF,Monaco,Ligue 1,24,22.9,2064,1.8,74.0,3,30,876,65,77.7,,,14,2,4,1,,1,39,23,38,2.2,,,29,57,102,151,153,,,76,115,48,1714,3.1,2.2
4392,Jesus Vazquez,ESP,DF,Valencia,La Liga,22,10.2,919,1.82,77.0,0,22,250,30,77.2,,,8,0,0,0,,0,10,3,14,0.1,,,3,32,21,48,42,,,23,33,18,586,0.6,0.1
4393,Lucas Vázquez,ESP,DF,Real Madrid,La Liga,34,24.3,2189,1.73,74.0,5,27,1031,35,87.1,,,13,1,6,1,,1,17,33,34,1.4,,,29,37,99,194,83,,,58,75,34,1850,4.7,1.4
4394,Matías Vecino,URU,MF,Lazio,Serie A,33,9.7,877,1.87,81.0,3,9,231,15,81.1,,,10,0,5,2,,2,5,11,6,2.3,,,3,4,29,14,29,,,13,18,7,475,2.4,2.3
4395,Joël Veltman,NED,DF,Brighton,Premier League,33,18.9,1697,1.82,75.0,0,21,548,66,80.2,,,7,0,0,0,,0,19,6,19,0.5,,,9,32,85,34,68,,,43,62,29,1133,0.5,0.5
4396,Arthur Vermeeren,BEL,MF,RB Leipzig,Bundesliga,20,17.5,1572,ND,ND,2,18,536,25,86.1,,,12,2,2,0,,0,23,12,19,0.4,,,6,14,77,20,94,,,32,55,19,1109,0.9,0.4
4397,Mikel Vesga,ESP,MF,Athletic Club,La Liga,32,11.0,988,1.91,86.0,0,4,291,26,79.6,,,9,0,0,0,,0,15,12,11,0.4,,,5,10,64,22,66,,,22,37,15,653,1.0,1.2
4398,Samuele Vignato,ITA,MF,Monza,Serie A,21,5.2,470,1.72,59.0,0,5,139,6,75.4,,,10,0,0,0,,0,0,1,8,0.3,,,2,5,17,30,12,,,6,6,3,214,0.0,0.3
4399,Mattia Viti,ITA,DF,Empoli,Serie A,23,28.6,2572,1.93,78.0,0,8,633,128,80.2,,,17,4,1,1,,1,48,5,20,0.8,,,3,17,86,10,97,,,65,113,45,1506,0.2,0.8
4400,Stefan de Vrij,NED,DF,Inter,Serie A,33,18.2,1636,1.89,78.0,0,4,988,89,93.3,,,1,0,3,3,,3,22,1,4,1.1,,,1,11,76,5,66,,,18,40,11,1613,0.0,1.1
4401,Elye Wahi,FRA,FW,Marseille,Ligue 1,22,6.4,574,1.78,70.0,1,6,103,0,79.3,,,11,0,4,2,,3,1,6,15,5.2,,,0,7,7,41,8,,,0,1,0,161,0.4,6.0
4402,Paul Wanner,GER,"MF,FW",Heidenheim,Bundesliga,19,19.7,1771,1.86,71.0,2,19,496,20,73.1,,,37,0,5,2,,3,4,20,45,2.9,,,13,28,64,65,90,,,40,44,27,935,1.3,3.7
4403,Nelson Weiper,GER,"FW,MF",Mainz 05,Bundesliga,20,7.8,704,1.92,81.0,2,9,149,5,67.1,,,11,1,5,3,,3,2,10,54,4.1,,,5,12,13,62,20,,,5,7,4,311,1.9,4.1
4404,Noah Weißhaupt,GER,"FW,MF",St. Pauli,Bundesliga,23,12.9,1160,1.81,74.0,0,8,306,8,62.3,,,11,1,1,1,,1,2,18,37,2.1,,,15,42,33,94,51,,,6,8,4,509,1.8,2.1
4405,Welington,BRA,DF,Southampton,Premier League,24,5.4,482,1.75,70.0,0,8,100,36,78.0,,,4,0,0,0,,0,7,3,9,0.0,,,5,5,11,19,21,,,21,28,9,276,0.1,0.0
4406,Timo Werner,GER,"FW,MF",Tottenham,Premier League,29,5.7,516,1.8,75.0,3,15,215,7,66.9,,,6,0,3,0,,0,1,10,14,1.0,,,15,42,30,89,18,,,6,7,4,298,2.5,1.0
4407,Ben White,ENG,DF,Arsenal,Premier League,27,13.3,1198,1.82,74.0,2,7,394,44,83.8,,,6,0,2,0,,0,16,10,10,0.5,,,11,23,59,42,37,,,20,36,14,813,1.4,0.5
4408,Silvan Widmer,SUI,DF,Mainz 05,Bundesliga,32,5.6,504,1.82,80.0,1,4,146,27,74.0,,,3,0,1,0,,0,5,2,8,0.3,,,6,3,23,36,16,,,11,16,5,363,0.4,0.3
4409,Joe Willock,ENG,"MF,FW",Newcastle Utd,Premier League,25,12.1,1086,1.78,74.0,2,8,325,7,82.6,,,23,0,2,0,,0,6,22,37,1.6,,,8,38,41,86,40,,,30,36,17,533,2.1,1.6
4410,Jonas Wind,DEN,"FW,MF",Wolfsburg,Bundesliga,26,21.8,1966,1.9,82.0,3,20,450,15,70.6,,,28,0,12,8,,9,6,34,55,4.0,,,24,17,100,94,59,,,10,16,6,810,4.2,5.7
4411,Dani de Wit,NED,"MF,FW",FC Utrecht,Bundesliga,27,12.8,1153,1.78,70.0,1,8,244,23,72.0,,,3,1,3,2,,2,12,10,11,2.1,,,5,5,33,37,36,,,29,41,17,558,0.5,2.1
4412,Marius Wolf,GER,DF,Augsburg,Bundesliga,30,23.8,2144,1.87,81.0,3,46,627,51,68.5,,,16,1,4,1,,1,24,45,25,0.7,,,25,36,117,95,82,,,27,51,16,1427,3.2,0.7
4413,Jeong Woo-yeong,KOR,"MF,FW",Union Berlin,Bundesliga,25,14.0,1263,1.8,72.0,2,25,386,11,75.3,,,16,0,5,3,,3,11,18,23,2.8,,,20,32,63,93,68,,,10,21,7,621,1.7,2.8
4414,Christopher Wooh,CMR,DF,Rennes,Ligue 1,23,16.2,1456,1.9,78.0,0,5,558,63,87.1,,,4,0,0,0,,0,23,2,12,1.3,,,2,14,59,2,53,,,36,59,19,1028,0.1,1.3
4415,Luke Woolfenden,ENG,DF,Ipswich Town,Premier League,26,13.2,1187,1.83,70.0,0,2,368,76,88.3,,,0,0,0,0,,0,19,0,4,0.0,,,0,7,15,0,38,,,9,28,6,694,0.0,0.0
4416,Ryan Yates,ENG,MF,Nott'ham Forest,Premier League,27,21.3,1915,1.9,77.0,1,19,425,61,81.5,,,18,1,3,2,,2,26,18,24,2.3,,,4,18,53,16,104,,,42,68,21,1041,1.2,2.3
4417,Bertuğ Yıldırım,TUR,FW,Getafe,La Liga,23,12.0,1083,ND,ND,0,4,133,16,54.3,,,15,0,1,1,,1,1,9,40,2.5,,,9,8,14,48,24,,,10,11,5,323,1.2,2.5
4418,Ashley Young,ENG,DF,Everton,Premier League,40,20.8,1875,1.75,64.0,3,20,487,64,70.9,,,1,2,4,1,,1,25,26,11,0.3,,,25,24,90,32,75,,,58,83,33,1194,2.3,0.3
4419,Etienne Youte Kinkoue,FRA,DF,Le Havre,Ligue 1,23,25.8,2320,1.96,85.0,0,4,861,158,89.1,,,1,3,0,0,,0,29,3,6,1.3,,,3,12,63,4,65,,,19,48,10,1544,0.2,1.3
4420,Denis Zakaria,SUI,MF,Monaco,Ligue 1,28,23.8,2144,1.91,76.0,4,8,823,39,90.4,,,23,1,10,4,,6,34,16,35,3.6,,,23,27,113,36,165,,,41,75,26,1425,1.4,5.2
4421,Duván Zapata,COL,FW,Torino,Serie A,34,6.5,587,1.86,80.0,0,3,104,7,69.0,,,8,0,3,3,,3,2,9,9,3.4,,,4,6,7,36,15,,,7,9,5,192,0.5,3.4
4422,Oier Zarraga,ESP,MF,Udinese,Serie A,26,10.0,896,1.75,75.0,0,8,186,8,82.4,,,4,0,1,1,,1,2,6,9,0.4,,,8,7,28,23,25,,,19,21,13,359,0.4,0.4
4423,Jordan Zemura,ZIM,DF,Udinese,Serie A,25,15.7,1415,1.73,68.0,2,20,403,41,76.5,,,17,0,3,1,,1,16,11,24,1.0,,,15,25,42,76,60,,,31,47,14,815,1.0,1.0
4424,Cedric Zesiger,SUI,DF,FC Augsburg,Bundesliga,27,13.6,1221,1.91,80.0,2,15,398,96,78.6,,,3,1,2,0,,0,21,7,8,1.2,,,6,4,40,7,57,,,13,34,7,771,1.3,1.2
4425,Edon Zhegrova,KVX,"FW,MF",Lille,Ligue 1,26,10.9,978,1.81,66.0,1,8,360,1,76.0,,,29,0,5,4,,4,4,16,23,2.3,,,26,37,54,81,42,,,5,9,2,524,2.2,2.3
4426,Piotr Zieliński,POL,MF,Inter,Serie A,31,10.9,980,1.8,75.0,2,6,510,13,89.5,,,6,1,4,0,,2,6,14,8,1.1,,,6,26,65,24,58,,,14,20,10,803,0.9,2.6
4427,Oleksandr Zinchenko,UKR,"DF,MF",Arsenal,Premier League,28,5.9,527,1.75,61.0,1,3,281,10,84.7,,,4,0,1,0,,0,5,3,3,0.6,,,11,10,48,14,19,,,6,11,1,499,0.2,0.6
4428,Joshua Zirkzee,NED,"FW,MF",Manchester Utd,Premier League,24,15.6,1402,1.93,84.0,1,15,327,8,71.2,,,30,1,4,3,,3,6,12,41,4.8,,,6,14,44,69,57,,,14,20,8,587,1.5,4.8
4429,Budu Zivzivadze,GEO,FW,Heidenheim,Bundesliga,31,10.6,958,ND,ND,3,10,185,7,69.3,,,16,0,5,2,,2,3,12,27,1.7,,,8,11,20,43,33,,,17,20,11,332,1.5,1.7
4430,Luck Zogbé,CIV,DF,Brest,Ligue 1,20,7.1,638,ND,ND,0,7,196,22,77.1,,,5,1,0,0,,0,14,4,9,0.3,,,2,4,19,19,51,,,32,46,18,436,0.1,0.3
4431,Martin Ødegaard,NOR,MF,Arsenal,Premier League,26,25.8,2325,1.79,68.0,8,27,1174,6,82.5,,,40,1,11,2,,3,6,63,38,4.0,,,86,92,258,154,97,,,19,25,11,1694,5.4,4.8
4432,Milan Đurić,BIH,FW,Monza,Serie A,35,14.1,1270,1.99,94.0,1,1,150,17,49.2,,,14,0,5,4,,4,2,5,15,2.9,,,2,2,21,30,13,,,1,3,1,358,1.1,2.9
4433,Stefán Þórðarson,ISL,MF,Preston,Championship,26,27.8,2503,ND,ND,2,20,727,33,76.5,,,26,1,5,3,,3,21,37,23,2.8,,,16,37,100,59,123,,,33,54,22,1270,2.8,2.8
4434,Kusini Yengi,AUS,FWMF,Aberdeen FC,Championship,26,6.0,538,1.76,70.0,0,5,80,8,58.4,,,8,0,0,0,,0,0,7,20,0.5,,,2,5,2,29,6,,,3,3,2,156,1.0,0.5
4435,Jacob Wright,ENG,MF,Norwich City,Championship,19,9.9,888,ND,ND,4,14,448,13,80.7,,,12,0,4,0,,0,11,20,11,0.3,,,9,4,60,10,58,,,27,38,20,882,1.5,0.3
4436,Caleb Wiley,USA,DFMF,Watford,Championship,20,8.0,722,1.78,73.0,1,7,217,27,79.3,,,8,0,1,0,,0,5,7,12,0.1,,,6,20,25,40,37,,,17,22,11,495,0.5,0.1
4437,Andreas Weimann,AUT,FWMF,Blackburn,Championship,33,15.7,1411,1.88,76.0,2,11,260,22,76.8,,,8,0,9,7,,7,4,16,16,7.2,,,12,18,51,61,39,,,9,13,4,484,1.9,7.2
4438,Tom Watson,ENG,FWMF,Brighton & Hove Albion,Championship,19,9.9,891,ND,ND,0,18,269,14,68.1,,,23,0,2,2,,2,5,13,23,1.9,,,15,50,27,90,33,,,15,20,10,441,0.9,1.9
4439,Jed Wallace,ENG,FWMF,West Brom,Championship,31,9.0,809,1.78,78.0,1,9,225,10,72.0,,,12,1,2,1,,1,2,14,18,1.2,,,7,28,30,51,39,,,17,19,13,386,1.7,1.2
4440,Muhamed Tijani,NGA,FWMF,Plymouth Argyle,Championship,25,5.0,448,ND,ND,1,5,78,8,40.2,,,8,0,3,2,,2,1,3,19,0.6,,,0,3,5,9,16,,,2,3,1,155,0.3,0.6
4441,Liam Thompson,ENG,MF,Derby County,Championship,23,17.9,1610,ND,ND,0,16,385,17,71.6,,,21,2,0,0,,0,19,4,29,0.4,,,6,21,39,43,71,,,29,48,18,759,0.9,0.4
4442,Hidde ter Avest,NED,DF,Oxford United,Championship,28,11.1,997,1.82,74.0,0,13,219,63,66.2,,,5,0,1,1,,1,14,3,12,0.7,,,6,8,30,30,40,,,27,41,14,583,0.3,0.7
4443,Ao Tanaka,JPN,MF,Leeds United,Championship,26,36.8,3314,1.78,68.0,2,46,1768,40,89.2,,,26,2,7,5,,5,54,31,34,3.6,,,45,38,259,43,217,,,93,147,55,3028,2.6,3.6
4444,Maksym Talovierov,UKR,DF,Plymouth Argyle,Championship,25,10.4,934,1.87,73.0,1,12,198,74,74.0,,,0,0,2,1,,1,8,1,6,0.2,,,3,1,23,2,31,,,28,36,19,481,0.2,0.2
4445,Manor Solomon,ISR,FW,Leeds United,Championship,26,28.8,2589,1.7,68.0,12,22,971,5,80.6,,,30,1,22,10,,10,12,67,59,8.1,,,67,144,111,320,130,,,30,42,24,1430,12.0,8.1
4446,Paul Smyth,NIR,FWMF,QPR,Championship,27,30.8,2770,1.74,68.0,4,30,667,25,61.2,,,53,0,5,1,,1,12,36,65,2.9,,,32,120,82,200,120,,,44,56,30,1190,3.4,2.9
4447,Ellis Simms,ENG,FW,Coventry City,Championship,24,25.4,2286,1.83,74.0,2,3,277,16,60.8,,,27,2,8,6,,6,2,21,71,9.2,,,2,26,18,114,37,,,3,5,2,563,2.5,10.0
4448,Femi Seriki,ENG,DF,Sheffield Utd,Championship,23,12.1,1091,ND,ND,1,18,360,41,79.6,,,10,2,1,0,,0,9,10,31,0.5,,,9,43,31,72,37,,,33,42,25,761,1.4,0.5
4449,Jeremy Sarmiento,ECU,FWMF,Burnley,Championship,23,13.0,1166,1.83,73.0,0,13,338,8,79.6,,,17,0,4,4,,4,7,11,49,3.1,,,14,47,38,67,45,,,36,43,21,573,0.7,3.1
4450,Lars-Jørgen Salvesen,NOR,FW,Derby County,Championship,29,5.4,488,1.8,70.0,0,2,67,4,50.0,,,1,0,1,1,,1,0,1,10,1.4,,,2,2,4,15,11,,,4,4,4,126,0.2,1.4
4451,Ole Romeny,IDN,FWMF,Oxford United,Championship,25,6.6,591,1.85,81.0,0,2,77,5,61.4,,,12,0,1,1,,1,0,4,13,1.4,,,2,10,9,20,11,,,2,2,1,157,0.7,1.4
4452,Haydon Roberts,ENG,DFMF,Bristol City,Championship,23,18.2,1635,1.82,77.0,1,17,492,47,69.6,,,19,0,2,1,,1,11,21,29,0.3,,,18,24,66,81,75,,,16,27,9,1028,1.7,0.3
4453,Chris Rigg,ENG,MFFW,Sunderland,Championship,18,33.9,3055,ND,ND,1,38,854,39,74.8,,,36,1,5,4,,4,17,42,70,6.0,,,39,48,127,178,139,,,51,68,29,1464,3.0,6.0
4454,Joe Rankin-Costello,ENG,DFFW,Blackburn,Championship,26,13.9,1249,1.83,64.0,2,16,298,57,68.7,,,13,1,4,2,,2,21,12,22,1.8,,,13,14,35,59,43,,,29,50,19,753,1.3,1.8
4455,Aaron Ramsey,WAL,MF,Cardiff City,Championship,34,6.2,557,1.82,72.0,0,2,230,3,77.8,,,10,0,0,0,,0,6,10,9,0.8,,,7,9,36,25,36,,,16,22,9,429,0.2,0.8
4456,Largie Ramazani,BEL,FW,Leeds United,Championship,24,8.9,797,1.64,55.0,2,8,266,4,72.2,,,23,0,8,6,,6,3,13,32,4.7,,,14,41,38,81,37,,,22,25,13,411,1.4,4.7
4457,Freddie Potts,ENG,MF,Portsmouth,Championship,21,34.0,3057,1.83,70.0,4,37,718,48,74.1,,,18,2,5,1,,1,40,33,47,1.4,,,18,21,142,35,147,,,64,104,35,1664,3.4,1.4
4458,Joël Piroe,NED,FW,Leeds United,Championship,25,34.2,3080,1.81,77.0,7,13,587,32,76.0,,,37,0,26,18,,19,8,37,68,16.1,,,41,30,89,166,91,,,17,25,11,1108,4.5,16.9
4459,Harry Pickering,ENG,DF,Blackburn,Championship,26,11.5,1039,1.85,78.0,1,8,311,42,78.8,,,3,0,1,0,,0,10,7,14,0.3,,,8,8,40,20,34,,,17,27,10,701,1.2,0.3
4460,Matt Phillips,SCO,MFFW,Oxford United,Championship,34,10.6,955,1.83,75.0,2,12,229,23,61.2,,,10,0,2,0,,0,5,11,38,1.0,,,6,25,16,46,42,,,12,17,6,427,1.3,1.0
4461,Kasey Palmer,JAM,MFFW,2 Teams,Championship,28,12.7,1140,1.75,70.0,2,6,366,10,77.1,,,14,0,4,2,,2,4,17,21,1.7,,,20,19,58,52,26,,,15,19,11,624,3.0,2.7
4462,Ryan Nyambe,NAM,DF,Derby County,Championship,27,12.5,1125,1.83,78.0,0,18,270,23,76.0,,,8,1,0,0,,0,13,2,19,0.0,,,3,19,28,18,35,,,28,41,19,648,0.1,0.0
4463,Benjamin Nelson,ENG,DF,Oxford United,Championship,21,15.2,1372,1.9,79.0,0,21,430,96,77.3,,,3,0,1,1,,1,21,1,4,0.4,,,0,2,20,1,58,,,22,43,17,812,0.1,0.4
4464,Dan Neil,ENG,MF,Sunderland,Championship,23,43.1,3877,1.78,62.0,3,42,1279,68,83.1,,,45,2,5,2,,2,46,31,58,0.8,,,27,49,252,52,252,,,81,127,45,2379,2.6,0.8
4465,Anthony Musaba,NED,FWMF,Sheffield Weds,Championship,24,14.8,1328,1.82,76.0,6,13,341,4,66.5,,,29,0,9,3,,3,5,19,33,4.5,,,10,67,26,111,62,,,11,16,9,518,2.6,4.5
4466,James Morris,ENG,DF,Watford,Championship,23,12.1,1086,ND,ND,0,12,443,32,81.7,,,3,2,0,0,,0,8,3,7,0.0,,,1,2,49,5,30,,,21,29,19,840,0.1,0.0
4467,Kieran Morgan,ENG,MF,QPR,Championship,19,17.6,1586,ND,ND,2,8,456,21,72.5,,,15,0,3,1,,1,10,10,26,0.9,,,8,12,66,41,62,,,24,34,14,832,1.5,0.9
4468,Elliott Moore,ENG,DF,Oxford United,Championship,28,22.9,2057,1.96,92.0,2,30,599,167,88.3,,,0,0,3,1,,1,16,2,1,0.4,,,0,0,18,2,55,,,19,35,11,1288,0.7,0.4
4469,Liam Millar,CAN,MFFW,Hull City,Championship,25,6.9,619,1.76,75.0,2,12,265,5,72.7,,,9,0,3,1,,1,4,9,11,0.7,,,18,52,28,61,26,,,8,12,6,379,1.0,0.7
4470,Hannibal Mejbri,TUN,MFFW,Burnley,Championship,22,21.4,1924,1.54,70.0,4,31,661,10,80.9,,,47,0,5,1,,1,12,29,53,2.6,,,19,46,95,121,99,,,37,49,21,1110,3.2,2.6
4471,Riley McGree,AUS,FW,Middlesbrough,Championship,26,10.5,943,1.78,72.0,5,6,295,9,82.1,,,10,0,6,1,,1,2,24,18,2.6,,,13,18,61,73,32,,,8,10,5,562,3.1,2.6
4472,Fally Mayulu,FRA,FW,Bristol City,Championship,23,4.5,402,ND,ND,0,2,70,6,66.3,,,11,0,2,2,,2,0,1,19,1.9,,,0,5,5,25,12,,,6,6,4,144,0.0,1.9
4473,Eliezer Mayenda,ESP,FWMF,Sunderland,Championship,20,23.9,2155,ND,ND,5,16,378,8,68.3,,,40,0,13,8,,8,5,25,66,10.1,,,15,82,32,158,69,,,18,23,6,556,4.0,10.1
4474,Alex Matos,ENG,MF,Oxford United,Championship,20,10.4,933,ND,ND,0,26,149,21,75.2,,,18,0,0,0,,0,18,4,23,0.1,,,5,12,18,22,44,,,49,67,29,390,0.2,0.1
4475,Emiliano Marcondes,DEN,MFFW,Norwich City,Championship,30,25.3,2280,1.83,75.0,6,29,763,28,76.0,,,25,1,11,5,,5,23,45,46,5.6,,,32,29,114,115,103,,,48,71,27,1420,3.3,5.6
4476,Sivert Mannsverk,NOR,MF,Cardiff City,Championship,23,11.2,1004,1.85,75.0,1,13,299,18,74.3,,,12,1,1,0,,0,15,11,13,0.3,,,6,11,60,13,58,,,18,33,12,608,1.1,0.3
4477,Josh Maja,NGA,FW,West Brom,Championship,26,22.8,2056,1.78,70.0,2,10,373,11,75.4,,,17,1,14,12,,12,11,22,44,10.0,,,10,16,45,83,64,,,13,24,5,649,2.6,10.0
4478,Lucien Mahovo,ENG,DF,Norwich City,Championship,20,5.8,524,ND,ND,0,8,279,14,88.6,,,3,0,0,0,,0,2,3,10,0.5,,,6,7,22,29,34,,,10,12,8,464,1.2,0.5
4479,Lucas,BRA,DF,Burnley,Championship,24,31.0,2794,ND,ND,2,28,1137,92,80.1,,,28,2,2,0,,0,44,36,39,1.0,,,18,65,106,131,130,,,72,116,40,2207,2.1,1.0
4480,Macaulay Langstaff,ENG,FW,Millwall,Championship,28,15.4,1388,ND,ND,2,9,199,8,63.4,,,22,0,3,1,,1,2,10,42,3.9,,,1,21,15,70,34,,,10,12,6,308,1.6,3.9
4481,Callum Lang,ENG,MFFW,Portsmouth,Championship,26,27.1,2438,1.8,72.0,2,32,453,24,60.3,,,54,0,12,8,,10,11,22,93,8.1,,,21,56,59,137,98,,,31,42,20,777,2.3,9.7
4482,Lewis Koumas,WAL,FWMF,Stoke City,Championship,19,27.1,2441,ND,ND,2,17,424,13,66.1,,,38,0,5,3,,3,10,18,78,5.0,,,14,70,29,166,76,,,50,60,32,706,1.8,5.0
4483,Rayan Kolli,ALG,FW,QPR,Championship,20,9.1,822,ND,ND,2,5,165,13,62.6,,,20,0,6,4,,4,3,9,27,1.6,,,4,10,10,46,17,,,8,11,6,275,1.2,1.6
4484,Luca Koleosho,ITA,FWMF,Burnley,Championship,20,18.6,1677,1.75,70.0,0,13,598,4,72.7,,,44,0,2,2,,2,7,29,46,1.9,,,30,84,66,185,77,,,32,39,16,863,2.4,1.9
4485,Kaine Kesler-Hayden,ENG,DFFW,Preston,Championship,22,40.8,3670,1.75,62.0,3,41,1140,136,76.1,,,37,1,5,2,,2,21,24,92,2.8,,,24,127,135,193,228,,,68,89,47,2040,2.8,2.8
4486,Abu Kamara,ENG,FW,2 Teams,Championship,22,25.3,2273,ND,ND,3,25,519,28,70.8,,,26,0,8,5,,5,17,31,51,4.8,,,20,82,34,214,85,,,39,56,25,974,4.4,4.8
4487,Daniel James,WAL,FW,Leeds United,Championship,27,29.0,2609,1.79,79.0,9,16,709,8,58.1,,,37,0,21,12,,12,4,44,37,10.4,,,63,117,100,301,76,,,28,32,14,1110,8.7,10.4
4488,Kayden Jackson,ENG,FWDF,Derby County,Championship,31,28.6,2575,1.81,69.0,2,30,446,52,59.8,,,21,0,5,3,,3,13,19,52,5.2,,,16,39,30,164,109,,,41,54,22,912,1.9,5.2
4489,Tom Ince,ENG,MFFW,Watford,Championship,33,14.3,1289,1.78,66.0,1,10,303,18,80.3,,,12,0,2,0,,1,7,12,25,1.7,,,7,23,42,29,50,,,15,22,10,556,2.3,2.5
4490,Bashir Humphreys,ENG,DF,Burnley FC,Championship,22,19.7,1777,ND,ND,2,17,709,62,84.7,,,11,2,3,1,,1,22,12,33,0.6,,,12,36,87,55,81,,,42,64,30,1397,0.9,0.6
4491,Yu Hirakawa,JPN,FWMF,Bristol City,Championship,24,18.4,1657,1.71,68.0,2,15,542,22,76.1,,,21,0,4,2,,2,5,24,46,2.5,,,26,72,57,186,70,,,25,30,21,835,2.1,2.5
4492,Onel Hernández,CUB,FWMF,Norwich City,Championship,32,7.1,639,1.72,69.0,3,5,185,4,67.4,,,10,0,3,0,,0,3,9,24,0.8,,,6,41,13,88,26,,,5,8,4,259,1.0,0.8
4493,Isaac Hayden,JAM,MF,Portsmouth,Championship,30,10.4,936,1.87,79.0,0,16,194,22,73.2,,,8,0,0,0,,0,10,2,15,0.5,,,2,2,22,19,45,,,31,41,19,469,0.0,0.5
4494,Mark Harris,WAL,FW,Oxford United,Championship,26,32.1,2893,1.82,75.0,3,22,373,15,71.7,,,31,0,9,6,,6,4,20,91,7.4,,,5,19,22,102,66,,,28,32,19,708,1.1,7.4
4495,Ryan Hardie,SCO,FWMF,Wrexham AFC,Championship,28,25.2,2265,1.7,62.0,3,20,228,23,59.4,,,28,0,13,7,,10,6,16,35,9.9,,,8,27,19,96,51,,,13,19,7,476,1.6,12.1
4496,Ali Al Hamadi,IRQ,FW,Stoke City,Championship,23,9.2,829,1.83,82.0,0,6,141,8,65.8,,,10,0,2,2,,2,1,4,30,2.7,,,5,18,10,46,22,,,11,12,7,274,0.6,2.7
4497,Darko Gyabi,ENG,MF,Plymouth Argyle,Championship,21,31.6,2841,1.96,75.0,2,36,666,48,80.8,,,35,1,3,1,,1,22,24,55,3.0,,,11,55,114,46,120,,,69,91,48,1266,1.4,3.0
4498,Makhtar Gueye,SEN,FW,Blackburn,Championship,27,24.4,2193,1.86,90.0,6,21,401,62,53.0,,,45,0,12,6,,6,7,16,101,7.0,,,10,28,37,104,66,,,23,30,12,918,2.4,7.0
4499,Ilia Gruev,BUL,MF,Leeds United,Championship,25,18.9,1699,1.85,72.0,2,16,900,20,86.6,,,7,0,2,0,,0,19,32,8,1.3,,,13,17,102,22,53,,,38,57,23,1565,2.4,1.3
4500,Tyler Goodhram,ENG,MFFW,Oxford United,Championship,21,33.9,3052,ND,ND,6,46,745,49,72.6,,,51,0,9,3,,3,19,47,72,2.6,,,22,53,80,121,141,,,65,84,38,1484,3.2,2.6
4501,Wilfried Gnonto,ITA,FW,Leeds United,Championship,21,25.3,2276,ND,ND,6,21,903,14,77.7,,,48,0,15,9,,9,13,46,39,8.3,,,44,83,124,240,91,,,24,37,13,1283,5.7,8.3
4502,Alfie Gilchrist,ENG,DF,Sheffield Utd,Championship,21,23.4,2103,ND,ND,2,44,651,91,80.5,,,16,0,2,0,,0,28,12,22,0.4,,,18,32,120,57,45,,,47,75,29,1441,1.4,0.4
4503,Ben Gannon-Doak,SCO,FW,Middlesbrough,Championship,19,19.8,1778,ND,ND,7,17,613,14,79.1,,,27,0,10,3,,3,5,44,38,4.4,,,37,134,56,250,67,,,26,31,16,923,4.6,4.4
4504,Jay Fulton,SCO,MF,Swansea City,Championship,31,14.3,1289,1.78,68.0,0,9,283,26,81.3,,,1,2,1,1,,1,14,4,11,1.6,,,6,6,51,23,43,,,21,35,16,660,0.8,1.6
4505,Mads Frøkjær-Jensen,DEN,FWMF,Preston,Championship,26,26.2,2362,ND,ND,5,37,695,15,72.7,,,18,1,7,2,,2,12,42,40,1.6,,,38,52,125,137,120,,,44,56,15,1320,3.9,1.6
4506,Michael Frey,SUI,FW,QPR,Championship,31,19.8,1781,1.88,86.0,1,13,349,23,63.7,,,26,1,9,7,,8,4,14,71,4.7,,,4,11,29,69,54,,,22,26,16,633,1.2,5.5
4507,Marcus Forss,FIN,FW,Middlesbrough,Championship,26,7.4,666,1.87,70.0,0,4,100,7,68.7,,,4,0,1,1,,1,4,8,8,2.4,,,3,12,7,55,17,,,15,19,8,222,1.2,2.4
4508,Amankwah Forson,GHA,MFFW,Norwich City,Championship,22,8.1,727,ND,ND,2,16,193,6,76.6,,,21,1,4,2,,2,2,8,17,1.3,,,9,11,28,38,30,,,16,18,9,347,1.3,1.3
4509,Adam Forshaw,ENG,MF,2 Teams,Championship,33,13.8,1246,1.85,71.0,0,9,431,20,83.3,,,9,0,1,1,,1,12,7,14,0.6,,,2,7,54,20,63,,,39,51,24,770,0.2,0.6
4510,Zian Flemming,NED,FW,Burnley FC,Championship,26,26.9,2424,1.85,80.0,4,13,373,28,68.8,,,24,0,16,12,,12,5,23,59,9.3,,,10,19,38,90,43,,,18,23,15,676,3.6,9.3
4511,Akin Famewo,ENG,DF,Sheffield Weds,Championship,26,10.4,938,1.78,70.0,1,11,279,43,80.0,,,2,0,1,0,,0,24,2,4,0.3,,,3,1,22,0,35,,,17,41,13,590,0.1,0.3
4512,Romain Esse,ENG,FWMF,Millwall,Championship,20,22.4,2018,ND,ND,1,27,579,21,62.2,,,69,0,5,4,,4,9,27,67,2.2,,,31,37,73,121,113,,,66,75,42,924,4.4,2.2
4513,Marcus Edwards,ENG,FWMF,Burnley FC,Championship,26,10.4,936,1.76,61.0,1,9,369,8,78.3,,,27,2,2,1,,1,5,12,21,1.7,,,20,49,50,108,32,,,13,18,5,492,2.2,1.7
4514,George Edmundson,ENG,DF,Middlesbrough,Championship,27,23.2,2090,1.69,68.0,0,17,1038,121,89.7,,,2,3,1,1,,1,22,3,9,2.4,,,0,17,91,1,97,,,23,45,18,1718,0.1,2.4
4515,Josh Eccles,ENG,MF,Coventry City,Championship,25,26.0,2340,ND,ND,3,41,930,38,79.8,,,23,1,6,3,,3,23,27,32,2.8,,,19,40,143,73,139,,,40,63,29,1554,2.9,2.8
4516,Pierre Dwomoh,BEL,MF,Watford,Championship,21,5.9,530,1.85,74.0,0,8,130,5,80.1,,,5,1,0,0,,0,16,5,6,0.5,,,2,8,20,7,32,,,13,29,4,312,0.2,0.5
4517,Shane Duffy,IRL,DF,Norwich City,Championship,33,44.9,4040,1.93,76.0,0,56,2243,238,88.8,,,7,3,4,4,,4,32,10,14,3.2,,,7,16,119,8,129,,,37,69,21,3894,1.5,3.2
4518,Alfie Doughty,ENG,DFMF,Luton Town,Championship,25,22.6,2037,1.95,80.0,4,39,587,48,63.5,,,21,1,5,1,,1,29,62,38,0.8,,,52,64,80,115,134,,,61,90,38,1463,6.6,0.8
4519,Grady Diangana,COD,FWMF,West Brom,Championship,27,16.6,1494,1.68,66.0,3,17,499,9,79.4,,,41,0,7,4,,4,9,18,61,3.6,,,21,38,74,98,56,,,42,51,25,830,2.3,3.6
4520,Terry Devlin,NIR,DFMF,Portsmouth,Championship,21,17.4,1562,ND,ND,1,28,360,79,63.0,,,9,1,1,0,,0,38,8,25,0.3,,,4,15,47,33,91,,,30,68,23,994,0.7,0.3
4521,Rav van den Berg,NED,DF,Middlesbrough,Championship,21,23.6,2128,1.9,75.0,0,27,890,133,92.2,,,1,1,0,0,,0,26,3,19,0.4,,,3,10,104,6,87,,,26,52,14,1719,0.3,0.4
4522,Tom Dele-Bashiru,NGA,MF,Watford,Championship,25,22.9,2064,1.82,68.0,0,21,717,28,91.0,,,22,4,4,1,,4,19,10,29,1.5,,,5,14,71,19,100,,,22,41,17,1293,0.4,3.8
4523,Tom Davies,ENG,MF,Sheffield Utd,Championship,27,7.5,673,1.8,70.0,1,8,260,9,86.9,,,8,0,2,1,,1,8,7,11,1.0,,,5,13,38,19,27,,,20,28,15,457,0.3,1.0
4524,Benjamin Chrisene,ENG,DF,Norwich City,Championship,21,12.8,1150,1.83,70.0,0,14,418,22,84.2,,,11,0,1,1,,1,10,8,25,0.9,,,5,29,42,51,54,,,33,43,23,807,1.8,0.9
4525,Tahith Chong,CUW,MFDF,Luton Town,Championship,25,22.5,2026,1.85,77.0,1,23,518,20,74.8,,,29,1,3,2,,2,8,22,45,2.3,,,22,63,56,119,99,,,23,31,13,875,1.8,2.3
4526,Nathaniel Chalobah,ENG,MF,Sheffield Weds,Championship,30,4.9,444,1.85,80.0,0,4,158,19,79.7,,,6,0,0,0,,0,12,0,8,0.4,,,1,5,23,1,43,,,9,21,4,307,0.0,0.4
4527,Žan Celar,SVN,FW,QPR,Championship,26,10.5,944,ND,ND,0,2,105,10,71.0,,,10,0,2,2,,2,0,7,24,3.4,,,2,5,8,36,20,,,4,4,2,210,0.3,4.2
4528,Eiran Cashin,IRL,DF,Derby County,Championship,23,19.8,1786,ND,ND,0,30,674,97,78.9,,,6,0,1,1,,1,43,4,16,1.8,,,4,8,57,9,115,,,51,94,33,1365,0.4,1.8
4529,Hayden Carter,ENG,DF,Blackburn,Championship,25,15.1,1363,ND,ND,1,20,496,65,80.9,,,5,0,1,0,,0,19,5,10,0.5,,,7,14,42,27,70,,,24,43,13,1008,0.8,0.5
4530,Sam Byram,ENG,DF,Leeds United,Championship,31,15.7,1409,1.8,72.0,1,17,502,45,81.1,,,6,0,2,1,,1,22,7,20,0.8,,,13,25,75,100,58,,,31,53,19,1128,1.0,0.8
4531,Rhian Brewster,ENG,MFFW,Sheffield Utd,Championship,25,17.3,1558,1.77,73.0,3,20,309,35,75.8,,,22,0,7,4,,4,5,22,30,4.3,,,13,19,59,72,44,,,16,21,8,596,3.0,4.3
4532,Tom Bradshaw,WAL,FW,2 Teams,Championship,33,9.0,809,1.78,71.0,0,2,91,9,66.4,,,6,0,1,0,,1,1,3,15,2.4,,,1,4,6,27,13,,,4,5,2,209,0.1,3.2
4533,Eric Bocat,FRA,DF,Stoke City,Championship,26,22.7,2041,1.68,64.0,1,33,602,103,73.5,,,15,1,1,0,,0,31,14,28,0.8,,,20,55,90,83,81,,,42,73,25,1415,1.1,0.8
4534,Corey Blackett-Taylor,ENG,FWMF,Derby County,Championship,27,4.5,404,1.75,75.0,0,3,108,1,64.6,,,13,0,1,1,,1,4,7,11,1.0,,,6,27,6,32,16,,,1,5,1,157,0.7,1.0
4535,Max Bird,ENG,MF,Bristol City,Championship,24,38.7,3481,1.83,68.0,8,47,1053,22,76.5,,,40,0,9,1,,1,32,75,44,3.0,,,60,46,234,98,167,,,86,118,58,2052,8.3,3.0
4536,Jake Bidwell,ENG,DF,Coventry City,Championship,32,22.9,2062,1.83,70.0,1,22,575,63,72.6,,,6,1,2,1,,1,18,22,16,0.9,,,33,35,120,132,43,,,20,38,13,1292,2.0,1.0
4537,Florian Bianchini,FRA,FW,Swansea City,Championship,24,12.3,1103,ND,ND,0,16,176,9,71.3,,,15,0,3,3,,3,2,9,33,4.4,,,5,12,17,55,29,,,17,19,12,367,1.1,4.4
4538,Bachir Belloumi,ALG,FWMF,Hull City,Championship,23,9.1,815,ND,ND,2,9,271,11,63.2,,,9,1,4,2,,2,9,23,18,2.4,,,26,36,42,99,30,,,13,22,7,457,2.3,2.4
4539,Jobe Bellingham,ENG,MF,Borussia Dortmund,Championship,19,39.0,3507,1.78,74.0,3,56,1174,91,85.7,,,57,0,7,4,,4,31,47,71,3.0,,,24,52,193,103,221,,,72,103,41,2090,2.9,3.0
4540,Sam Bell,ENG,FWDF,Bristol City,Championship,23,4.9,440,ND,ND,0,4,137,5,68.5,,,7,0,0,0,,0,2,8,14,1.6,,,4,8,6,58,22,,,9,11,7,215,0.5,1.6
4541,Vakoun Bayo,CIV,FW,Watford,Championship,28,24.9,2242,1.84,72.0,0,18,342,25,73.4,,,21,0,10,9,,10,3,15,92,12.3,,,6,19,22,97,48,,,20,23,13,682,0.8,13.1
4542,Danny Batth,ENG,DF,Blackburn,Championship,34,33.4,3009,1.91,90.0,0,36,979,244,79.9,,,6,2,2,2,,2,37,4,10,2.1,,,2,4,59,6,61,,,31,68,23,1969,0.8,2.1
4543,Stuart Armstrong,SCO,MFFW,Sheffield Weds,Championship,33,6.0,536,1.83,68.0,1,4,189,8,81.1,,,6,0,1,0,,0,2,14,8,1.1,,,13,14,25,31,15,,,10,12,6,322,1.0,1.1
4544,Adil Aouchiche,FRA,MFFW,2 Teams,Championship,23,10.9,979,1.81,70.0,2,17,309,9,65.9,,,15,1,3,1,,1,11,16,41,1.7,,,15,28,32,97,62,,,18,29,9,533,2.0,1.7
4545,Ryan Andrews,ENG,DFMF,Watford,Championship,20,23.2,2086,ND,ND,2,22,586,76,64.0,,,15,1,5,3,,3,23,13,39,1.1,,,15,51,56,112,77,,,37,60,26,1224,2.2,1.1
4546,Jamie Allen,ENG,MF,Coventry City,Championship,30,11.2,1004,1.8,72.0,0,17,241,11,86.9,,,10,1,0,0,,0,9,4,16,0.5,,,4,2,37,6,55,,,30,39,16,527,0.1,0.5
4547,James Trafford,ENG,GK,Burnley,Championship,22,45.0,4050,1.97,83.0,0,0,1067,20,73.3,29.0,64.4,1,2,0,0,16.0,0,0,1,1,0.0,0.0,2.0,2,0,2,0,60,84.5,85.0,1,1,1,1813,0.1,0.0
4548,Nicolas Schmid,AUT,GK,Portsmouth,Championship,28,34.3,3090,ND,ND,2,0,758,39,45.7,8.0,22.9,0,2,2,0,48.0,0,0,3,1,0.0,1.0,0.0,10,0,2,0,46,67.4,100.0,0,0,0,1359,0.5,0.0
4549,Aynsley Pears,ENG,GK,Blackburn,Championship,27,40.0,3600,1.9,79.0,0,0,774,18,63.3,13.0,32.5,0,6,0,0,43.0,0,1,0,0,0.0,3.0,1.0,0,0,0,0,29,73.9,109.0,2,3,1,1357,0.0,0.0
4550,Pierce Charles,NIR,GK,Sheffield Weds,Championship,20,8.0,720,ND,ND,0,1,221,1,78.6,0.0,0.0,0,2,0,0,10.0,0,0,0,2,0.0,0.0,1.0,0,0,0,0,15,66.7,19.0,0,0,0,358,0.0,0.0
4551,Mariano Troilo,ARG,DF,Belgrano,Liga Profesional Argentina,21,17.4,1570,ND,ND,0,21,448,140,81.7,,,6,3,1,1,,1,30,0,6,1.2,,,1,5,23,2,69,,,26,56,12,1009,0.0,1.2
4552,Julio Soler,ARG,DF,Lanús,Liga Profesional Argentina,19,18.0,1622,ND,ND,0,33,554,36,79.6,,,13,2,0,0,,0,32,14,37,0.2,,,12,38,49,77,94,,,34,66,24,1136,1.0,0.2
4553,Christian Ordoñez,ARG,MF,Parma Calcio 1913,Liga Profesional Argentina,20,22.3,2008,ND,ND,3,43,485,30,77.6,,,31,1,3,0,,0,17,21,50,1.2,,,15,32,83,74,115,,,53,70,30,1017,2.4,1.2
4554,Gary Medel,CHI,DFMF,Boca Juniors,Liga Profesional Argentina,37,6.2,561,ND,ND,0,6,260,27,93.2,,,2,1,0,0,,0,8,2,5,0.0,,,0,0,13,0,22,,,8,16,6,482,0.1,0.0
4555,Santiago Longo,ARG,MF,Belgrano,Liga Profesional Argentina,26,6.7,603,ND,ND,0,12,171,10,86.1,,,1,0,0,0,,0,5,2,8,0.6,,,3,3,28,4,32,,,10,15,6,405,0.4,0.6
4556,Santiago Hidalgo,ARG,FWMF,Independiente,Liga Profesional Argentina,19,8.1,729,ND,ND,2,14,196,7,68.2,,,18,0,3,1,,1,1,11,29,3.4,,,6,22,18,65,36,,,21,22,15,330,1.4,3.4
4557,Luciano Giménez,ARG,FWMF,Estudiantes–LP,Liga Profesional Argentina,24,7.5,672,ND,ND,3,5,143,7,56.7,,,6,0,3,0,,0,3,12,26,1.7,,,6,13,21,63,28,,,11,14,9,296,0.9,1.7
4558,Nicolás Fernández,ARG,FWMF,2 Teams,Liga Profesional Argentina,28,15.2,1367,ND,ND,4,5,327,5,70.1,,,24,0,10,6,,6,2,18,43,4.3,,,12,15,52,71,40,,,5,7,3,518,1.9,4.3
4559,Martín Fernández,URU,MF,CA Newell's Old Boys,Liga Profesional Argentina,23,11.9,1073,ND,ND,0,5,287,17,79.2,,,4,0,0,0,,0,10,3,11,0.7,,,2,9,48,12,68,,,19,29,14,615,0.1,0.7
4560,Claudio Echeverri,ARG,MFFW,River Plate,Liga Profesional Argentina,19,12.9,1162,ND,ND,3,10,588,4,77.1,,,30,0,5,2,,2,3,34,39,3.8,,,27,37,89,117,72,,,18,21,13,841,3.2,3.8
4561,Mateo Coronel,ARG,FW,Atlé Tucumán,Liga Profesional Argentina,26,16.0,1441,ND,ND,1,12,404,4,69.7,,,33,0,6,4,,5,4,30,62,5.0,,,16,43,22,158,46,,,10,14,4,652,2.9,6.6
4562,Aaron Anselmino,ARG,DF,Boca Juniors,Liga Profesional Argentina,19,9.7,874,ND,ND,3,18,323,37,86.3,,,2,0,3,0,,0,19,4,12,0.0,,,1,9,27,1,43,,,26,45,17,662,1.8,0.0
4563,Braian Aguirre,ARG,DF,Lanús,Liga Profesional Argentina,24,6.2,557,ND,ND,0,13,139,18,67.2,,,1,0,0,0,,0,11,3,7,0.2,,,4,7,27,23,34,,,16,27,8,363,0.1,0.2
4564,Lequincio Zeefuik,NED,FW,OH Leuven,Belgian Pro League,20,5.2,467,ND,ND,0,4,83,8,60.0,,,15,0,0,0,,0,0,3,21,0.9,,,3,7,6,25,3,,,5,5,4,147,0.2,0.9
4565,Thibault Vlietinck,BEL,DF,OH Leuven,Belgian Pro League,27,14.1,1270,1.78,62.0,0,17,470,32,75.1,,,4,0,1,1,,1,6,8,21,0.4,,,10,40,54,82,41,,,17,23,11,783,1.4,0.4
4566,Hugo Vetlesen,NOR,MFFW,Club Brugge,Belgian Pro League,25,12.9,1162,1.74,72.0,1,10,506,19,80.3,,,16,0,2,1,,1,10,26,20,2.5,,,24,23,72,66,45,,,20,30,15,674,2.3,2.5
4567,Thibaud Verlinden,BEL,FWMF,2 Teams,Belgian Pro League,26,23.3,2101,1.74,67.0,6,24,808,14,70.4,,,39,0,8,2,,2,7,38,39,2.8,,,34,166,70,207,91,,,25,32,17,1151,4.1,2.8
4568,Dante Vanzeir,BEL,FW,Gent,Belgian Pro League,27,6.7,604,1.75,68.0,1,3,189,0,66.7,,,8,0,5,2,,4,0,8,21,2.4,,,9,16,24,64,17,,,4,4,3,257,1.2,3.9
4569,Anthony Valencia,ECU,FWDF,Antwerp,Belgian Pro League,22,9.9,889,ND,ND,2,18,414,8,82.4,,,21,1,4,2,,2,9,23,33,2.3,,,18,35,37,80,51,,,24,33,19,568,1.5,2.3
4570,Jordan Torunarigha,GER,DF,Hamburger SV,Belgian Pro League,27,20.6,1853,1.89,77.0,1,31,925,124,83.9,,,12,0,1,0,,0,31,9,18,0.1,,,10,21,103,7,97,,,37,68,20,1424,0.4,0.1
4571,Franck Surdez,SUI,MFFW,Gent,Belgian Pro League,23,13.6,1220,ND,ND,5,14,453,7,69.5,,,20,0,7,2,,2,5,15,40,3.1,,,19,50,48,141,52,,,27,32,16,622,3.1,3.1
4572,Mario Stroeykens,BEL,MF,Anderlecht,Belgian Pro League,20,16.9,1525,1.77,79.0,4,11,790,4,85.8,,,48,1,7,3,,3,10,26,22,2.3,,,30,24,112,73,88,,,43,53,22,1038,2.9,2.3
4573,Nikola Storm,BEL,MFFW,Mechelen,Belgian Pro League,30,15.5,1399,1.78,69.0,3,9,528,11,76.0,,,14,1,7,4,,4,8,17,31,3.2,,,20,66,60,127,41,,,12,20,8,662,2.8,3.2
4574,Ibrahima Sory Bangoura,GUI,MF,Genk,Belgian Pro League,21,14.0,1263,1.9,79.0,0,21,552,13,91.0,,,20,0,0,0,,0,27,9,23,0.5,,,4,8,57,5,108,,,60,87,38,854,0.3,0.5
4575,Yira Sor,NGA,FW,Genk,Belgian Pro League,25,6.6,597,1.74,68.0,4,4,219,1,75.1,,,8,0,5,1,,1,4,16,18,2.5,,,7,20,17,67,24,,,7,11,4,272,4.1,2.5
4576,Momodou Sonko,SWE,FWDF,Gent,Belgian Pro League,20,12.9,1159,ND,ND,2,13,460,5,74.8,,,19,1,4,2,,2,11,18,28,2.2,,,23,60,57,122,74,,,24,35,15,612,2.2,2.2
4577,Hugo Siquet,BEL,DF,Club Brugge,Belgian Pro League,23,5.0,452,1.75,70.0,1,9,274,17,77.1,,,12,0,3,2,,2,3,9,6,0.6,,,10,11,46,39,26,,,13,16,8,414,0.8,1.6
4578,Jan-Carlo Simic,SRB,DF,Anderlecht,Belgian Pro League,20,22.1,1991,ND,ND,0,25,997,86,86.5,,,4,1,3,3,,3,25,3,10,0.7,,,2,7,100,6,61,,,17,42,9,1376,0.1,0.7
4579,Zaid Romero,ARG,DF,Club Brugge,Belgian Pro League,25,6.6,594,ND,ND,0,7,466,23,91.1,,,3,1,0,0,,0,8,1,10,0.2,,,0,5,41,7,34,,,13,21,8,638,0.0,0.2
4580,Žan Rogelj,SVN,DFFW,Charleroi,Belgian Pro League,25,9.2,828,1.7,65.0,0,8,357,39,78.5,,,5,0,0,0,,0,9,7,11,0.4,,,9,30,30,63,28,,,16,25,9,564,1.0,0.4
4581,Jaïro Riedewald,NED,DFMF,Antwerp,Belgian Pro League,28,9.1,819,1.86,79.0,0,11,400,35,85.0,,,6,0,0,0,,0,11,1,5,0.8,,,4,8,41,9,40,,,24,35,16,591,0.0,0.8
4582,Semm Renders,BEL,DF,Antwerp,Belgian Pro League,17,6.2,556,ND,ND,1,7,240,23,79.2,,,5,0,1,0,,0,6,3,16,0.0,,,4,8,15,30,25,,,10,16,6,382,0.2,0.0
4583,Joedrick Pupe,BEL,DF,Dender,Belgian Pro League,28,24.1,2172,1.89,76.0,5,36,1109,116,74.3,,,15,0,5,0,,0,36,14,28,0.9,,,23,20,163,66,108,,,35,71,23,1845,1.8,0.9
4584,Ragnar Oratmangoen,IDN,MF,Dender,Belgian Pro League,27,11.2,1012,ND,ND,0,10,426,19,83.4,,,21,0,1,1,,1,8,10,28,1.3,,,9,20,50,63,89,,,23,31,17,637,0.8,1.3
4585,Erick Nunes,BRA,MFDF,Cercle Brugge ,Belgian Pro League,21,17.1,1540,1.76,84.0,2,47,373,39,58.7,,,29,1,2,0,,0,20,17,48,1.7,,,18,30,54,89,70,,,54,74,31,838,1.7,1.7
4586,Gustaf Nilsson,SWE,FW,Club Brugge,Belgian Pro League,28,17.2,1551,1.97,78.0,5,12,346,12,60.3,,,17,0,14,7,,9,2,17,44,10.1,,,7,18,24,104,37,,,14,16,9,522,2.3,11.7
4587,Roman Neustädter,RUS,DF,Westerlo,Belgian Pro League,37,16.0,1441,1.9,82.0,0,14,542,89,87.4,,,0,0,1,1,,1,25,2,3,0.8,,,1,4,50,0,48,,,24,49,11,899,0.0,0.8
4588,Konan N'dri,CIV,FWMF,OH Leuven,Belgian Pro League,24,17.6,1587,1.74,70.0,2,24,453,10,67.8,,,35,0,5,3,,3,6,24,56,2.5,,,14,86,40,145,78,,,38,44,21,664,3.2,2.5
4589,Stefan Mitrović,SRB,FWMF,OH Leuven,Belgian Pro League,22,14.0,1260,ND,ND,1,9,426,10,73.5,,,29,0,3,2,,2,10,14,42,2.7,,,10,47,40,100,63,,,19,29,13,566,1.1,2.7
4590,Stefan Mitrović,SRB,DF,Gent,Belgian Pro League,35,13.9,1252,1.89,76.0,0,19,610,63,90.0,,,1,1,0,0,,0,13,0,6,0.2,,,1,9,56,1,42,,,20,33,12,871,0.0,0.2
4591,Simion Michez,BEL,DFMF,Beerschot,Belgian Pro League,23,5.4,483,ND,ND,1,12,167,14,78.2,,,8,0,3,2,,2,7,2,8,0.7,,,1,12,9,29,25,,,15,22,7,289,0.3,0.7
4592,Nayel Mehssatou,CHI,MFDF,Kortrijk,Belgian Pro League,23,25.2,2266,1.73,70.0,2,35,854,40,76.8,,,33,1,2,0,,0,16,28,38,1.0,,,30,34,133,55,111,,,57,73,32,1345,3.3,1.0
4593,Dire Mebude,SCO,FW,Westerlo,Belgian Pro League,21,7.6,680,ND,ND,1,7,226,5,76.2,,,5,0,3,2,,2,4,9,22,2.7,,,10,21,26,57,39,,,5,9,4,298,1.6,2.7
4594,Isaac Mbenza,BEL,FW,Charleroi,Belgian Pro League,29,10.3,925,1.87,77.0,1,5,410,16,70.2,,,8,0,4,3,,3,3,30,16,1.6,,,20,33,28,108,44,,,11,14,10,561,3.5,1.6
4595,Mathieu Maertens,BEL,FWMF,OH Leuven,Belgian Pro League,30,8.6,774,1.82,76.0,1,10,169,6,66.9,,,10,0,2,1,,1,5,13,21,1.4,,,4,6,19,41,23,,,6,11,5,269,0.9,1.4
4596,Koki Machida,JPN,DF,Union SG,Belgian Pro League,27,21.0,1886,1.9,80.0,0,22,812,95,80.9,,,6,0,0,0,,0,28,7,12,0.6,,,7,18,124,20,82,,,30,58,21,1359,0.5,0.6
4597,Ali Maamar,MAR,DFMF,Anderlecht,Belgian Pro League,20,4.7,425,ND,ND,0,4,195,11,80.0,,,4,0,0,0,,0,2,0,7,0.2,,,0,11,13,21,23,,,12,14,6,299,0.0,0.2
4598,Henry Lawrence,ENG,DF,Standard Liège,Belgian Pro League,23,23.1,2075,ND,ND,0,28,741,113,74.6,,,5,1,0,0,,0,33,8,30,0.2,,,5,21,74,19,86,,,34,67,18,1286,0.7,0.2
4599,Léandre Kuavita,BEL,MF,Standard Liège,Belgian Pro League,21,20.6,1855,ND,ND,0,28,436,32,65.7,,,35,0,1,1,,1,15,14,23,2.1,,,18,23,60,72,76,,,20,35,5,730,0.6,2.1
4600,Tolis Konstantopoulos,GRE,DF,Beerschot,Belgian Pro League,22,24.0,2162,ND,ND,0,42,967,128,82.1,,,10,0,0,0,,0,33,12,16,0.7,,,5,19,97,15,85,,,68,101,46,1572,0.6,0.7
4601,Gyrano Kerk,SUR,FWMF,Antwerp,Belgian Pro League,29,25.9,2327,1.76,68.0,4,23,716,13,66.3,,,73,1,9,5,,5,7,28,91,5.7,,,37,74,79,226,111,,,41,48,31,1002,3.0,5.7
4602,Ardon Jashari,SUI,MF,Club Brugge,Belgian Pro League,23,20.9,1877,1.81,82.0,4,15,1156,30,86.6,,,19,0,6,2,,2,20,24,18,1.7,,,27,29,150,47,107,,,27,47,16,1526,4.2,1.7
4603,Wolke Janssens,BEL,DF,Sint-Truiden,Belgian Pro League,30,9.8,882,1.78,72.0,0,17,360,60,82.1,,,3,0,0,0,,0,16,0,4,0.0,,,1,5,40,9,48,,,40,56,20,633,0.0,0.0
4604,César Huerta,MEX,MFFW,Anderlecht,Belgian Pro League,24,6.8,615,1.73,61.0,2,9,205,2,77.0,,,14,0,4,2,,2,2,9,18,1.0,,,4,17,11,44,38,,,13,15,6,300,0.8,1.0
4605,David Hrnčár,SVK,DF,Dender,Belgian Pro League,27,17.7,1597,1.86,72.0,2,16,557,58,67.2,,,12,0,4,2,,2,22,29,26,2.2,,,21,19,59,105,66,,,25,47,15,1042,1.9,2.2
4606,Daan Heymans,BEL,MF,KRC Genk,Belgian Pro League,26,28.0,2516,1.86,82.0,1,23,1061,45,74.6,,,16,1,12,7,,11,14,27,45,9.4,,,21,30,149,158,110,,,46,60,29,1600,2.2,13.3
4607,Bryan Goncalves,FRA,DF,Dender,Belgian Pro League,29,11.4,1028,1.79,72.0,1,18,472,74,70.9,,,1,1,1,0,,0,17,20,7,0.1,,,9,6,74,7,52,,,30,47,18,820,2.2,0.1
4608,Mohammed Fuseini,GHA,FWMF,Union SG,Belgian Pro League,23,14.3,1290,ND,ND,1,8,307,4,67.4,,,26,0,7,5,,6,6,16,49,6.5,,,9,44,24,112,57,,,8,14,6,420,1.9,7.3
4609,Matija Frigan,CRO,FW,Westerlo,Belgian Pro League,22,20.5,1846,ND,ND,1,7,374,12,64.5,,,16,0,10,9,,9,2,16,40,8.2,,,9,26,44,107,50,,,12,14,6,555,1.8,9.0
4610,Omar Fayed,EGY,DF,Beerschot,Belgian Pro League,22,8.2,740,ND,ND,1,8,282,46,82.5,,,7,1,1,0,,0,21,3,8,0.0,,,1,10,30,2,58,,,25,46,17,458,1.0,0.0
4611,Vetle Dragsnes,NOR,DF,Charleroi,Belgian Pro League,31,23.9,2155,1.87,82.0,1,26,844,95,77.1,,,12,0,1,0,,0,9,26,22,0.7,,,27,55,92,132,80,,,42,51,31,1486,2.8,0.7
4612,Kasper Dolberg,DEN,FW,Anderlecht,Belgian Pro League,27,18.6,1672,1.86,82.0,1,5,349,9,74.0,,,21,1,15,10,,14,1,16,42,9.4,,,9,21,24,109,27,,,7,8,4,458,2.6,12.6
4613,Ibrahim Diakité,GUI,DF,Cercle Brugge,Belgian Pro League,21,18.3,1647,1.78,75.0,0,37,442,80,71.1,,,10,1,2,2,,2,21,6,18,0.4,,,4,22,68,17,69,,,27,48,19,877,0.4,0.4
4614,Max Dean,ENG,FW,Gent,Belgian Pro League,21,10.8,971,ND,ND,1,2,233,4,61.3,,,15,0,7,5,,6,2,9,22,4.5,,,7,15,33,64,27,,,6,8,3,315,1.2,5.3
4615,Antoine Colassin,BEL,FWMF,Beerschot,Belgian Pro League,24,13.4,1208,1.88,76.0,4,18,422,12,64.8,,,23,1,6,2,,2,8,25,53,3.3,,,17,21,50,59,44,,,23,31,14,601,3.0,3.3
4616,Alessio Castro-Montes,BEL,DFFW,Union SG,Belgian Pro League,28,11.4,1027,1.75,70.0,3,18,459,13,72.9,,,9,0,4,1,,1,11,31,24,0.9,,,20,34,43,90,59,,,23,34,15,708,3.5,0.9
4617,Ilay Camara,SEN,DF,Standard Liège,Belgian Pro League,22,23.7,2132,ND,ND,2,24,818,54,72.0,,,29,1,2,0,,0,22,38,63,1.7,,,39,100,78,165,126,,,42,64,23,1349,3.0,1.7
4618,Marko Bulat,CRO,MFFW,Standard Liège,Belgian Pro League,23,14.0,1264,ND,ND,0,12,288,17,64.3,,,18,0,1,1,,1,14,31,28,1.4,,,8,11,28,36,44,,,26,40,20,529,1.6,1.4
4619,Bruninho,BRA,MFFW,Karpaty Lviv,Belgian Pro League,22,4.7,419,ND,ND,1,5,142,2,74.1,,,9,0,2,1,,1,1,6,8,0.7,,,6,5,15,24,24,,,8,9,5,213,0.7,0.7
4620,Bilal Brahimi,ALG,MFFW,Sint-Truiden,Belgian Pro League,25,16.5,1487,1.83,75.0,3,7,807,11,72.6,,,30,1,4,1,,1,9,55,38,2.5,,,51,82,93,138,89,,,9,18,6,1056,5.9,2.5
4621,Sofiane Boufal,MAR,MF,Union SG,Belgian Pro League,31,7.4,662,1.8,75.0,3,6,326,0,77.5,,,13,0,3,0,,0,4,19,19,0.5,,,19,31,42,41,46,,,16,20,9,430,2.4,0.5
4622,Boli Bolingoli-Mbombo,BEL,DF,Standard Liège,Belgian Pro League,30,5.3,474,1.8,72.0,0,8,183,14,78.8,,,6,0,0,0,,0,3,6,14,0.1,,,6,10,30,25,29,,,17,20,11,321,0.3,0.1
4623,Mohamed Berte,BEL,FW,Dender,Belgian Pro League,23,14.8,1330,ND,ND,1,7,333,5,75.6,,,29,0,6,5,,5,3,13,41,3.5,,,12,24,36,113,47,,,20,23,12,452,2.4,3.5
4624,Adriano Bertaccini,BEL,FWMF,Sint-Truiden,Belgian Pro League,24,24.7,2221,ND,ND,1,15,605,19,70.9,,,40,0,17,14,,16,4,12,54,10.7,,,12,63,42,136,86,,,18,22,10,819,0.9,12.3
4625,Ezechiel Banzuzi,NED,MF,RB Leipzig,Belgian Pro League,20,23.1,2083,ND,ND,5,26,758,43,82.0,,,35,0,7,2,,2,13,20,35,3.5,,,15,47,81,55,115,,,70,83,40,1148,2.0,3.5
4626,William Balikwisha,COD,FWMF,OH Leuven,Belgian Pro League,26,12.0,1082,1.73,68.0,1,14,406,9,75.5,,,17,0,2,1,,1,11,14,25,0.8,,,12,43,39,83,47,,,19,30,11,550,1.2,0.8
4627,Tolu Arokodare,NGA,FW,Genk,Belgian Pro League,24,25.7,2314,1.97,87.0,5,9,556,35,74.9,,,33,1,22,17,,17,4,29,84,21.9,,,10,25,31,173,50,,,16,20,8,806,3.0,22.7
4628,Warleson,BRA,GK,Cercle Brugge,Belgian Pro League,28,9.1,817,1.9,87.0,0,0,149,14,45.2,0.0,0.0,0,2,0,0,17.0,0,0,0,0,0.0,0.0,0.0,0,0,0,0,10,63.8,30.0,1,1,0,289,0.0,0.0
4629,Simon Mignolet,BEL,GK,Club Brugge,Belgian Pro League,37,29.7,2669,1.93,87.0,0,1,849,11,82.7,8.0,26.7,0,2,0,0,35.0,0,0,0,0,0.0,3.0,1.0,0,0,4,0,47,68.9,69.0,2,2,1,1125,0.0,0.0
4630,Mohamed Koné,CIV,GK,Charleroi,Belgian Pro League,23,21.0,1890,ND,ND,0,1,596,17,73.1,6.0,28.6,0,3,0,0,21.0,0,0,0,0,0.0,3.0,1.0,1,0,4,0,40,75.7,53.0,1,1,1,789,0.0,0.0
4631,Estêvão Willian,BRA,FW,Palmeiras,Série A,17,23.3,2097,ND,ND,9,16,762,8,77.2,,,54,0,22,10,,13,6,49,64,8.2,,,36,145,92,291,114,,,30,36,23,1122,7.1,10.5
4632,Welington,BRA,DF,São Paulo,Série A,23,18.9,1697,ND,ND,1,10,583,32,82.0,,,17,0,1,0,,0,23,15,32,0.4,,,21,40,79,105,61,,,39,62,23,1139,0.8,0.4
4633,Paulo Vitor,BRA,MF,Atlético Mineiro,Série A,20,5.9,529,ND,ND,0,10,151,14,78.7,,,5,0,0,0,,0,2,3,12,0.0,,,2,7,20,6,29,,,22,24,9,325,0.2,0.0
4634,Vitinho,BRA,FWMF,RB Bragantino,Série A,25,21.3,1915,ND,ND,3,25,546,30,66.7,,,17,0,6,3,,3,11,30,36,3.8,,,17,72,51,168,76,,,26,37,15,991,2.7,3.8
4635,Vitinho,BRA,MFFW,Cruzeiro,Série A,20,5.4,484,ND,ND,1,5,154,5,81.7,,,3,0,2,1,,1,3,4,15,1.9,,,3,7,14,25,20,,,8,11,3,249,0.4,1.9
4636,João Victor,BRA,DF,Vasco da Gama,Série A,26,19.7,1776,ND,ND,1,23,710,94,85.8,,,5,0,2,1,,1,21,8,12,0.2,,,4,41,78,14,72,,,33,54,26,1247,0.8,0.2
4637,Ruan,BRA,DF,São Paulo,Série A,25,8.0,719,ND,ND,0,7,297,32,91.1,,,0,0,0,0,,0,6,1,3,0.1,,,0,0,19,4,25,,,13,19,11,495,0.0,0.1
4638,Ronald,BRA,MF,Criciúma,Série A,27,16.8,1510,ND,ND,2,25,505,12,83.8,,,36,1,3,1,,1,17,22,39,0.8,,,10,34,64,58,124,,,57,74,30,860,1.5,0.8
4639,Romulo,BRA,MF,Internacional,Série A,24,19.9,1794,ND,ND,0,25,583,45,84.1,,,6,1,0,0,,0,39,5,16,0.4,,,2,13,73,14,95,,,54,93,31,1140,0.1,0.4
4640,João Pedro,BRA,DF,Qatar SC,Série A,28,30.6,2754,ND,ND,4,32,898,67,78.9,,,23,0,5,1,,1,18,26,37,1.2,,,23,61,120,123,120,,,38,56,19,1744,2.3,1.2
4641,João Pedro,BRA,MF,Qatar SC,Série A,19,4.8,432,ND,ND,1,8,103,7,81.5,,,10,0,1,0,,0,4,3,8,0.3,,,5,4,20,14,17,,,16,20,12,229,0.2,0.3
4642,Paulinho,BRA,FWMF,Atlético Mineiro,Série A,24,22.1,1991,ND,ND,1,14,677,15,86.2,,,41,0,9,7,,8,6,32,44,5.1,,,18,54,79,158,94,,,25,31,15,1060,1.6,5.9
4643,Pablo,BRA,FWMF,Ath Paranaense,Série A,32,18.9,1703,ND,ND,2,7,315,17,74.4,,,17,1,5,3,,3,3,23,30,3.7,,,12,12,52,66,59,,,16,19,13,596,1.8,3.7
4644,Otávio,BRA,MF,Atlético Mineiro,Série A,30,21.3,1917,ND,ND,0,31,799,30,89.7,,,12,0,0,0,,0,22,8,15,0.2,,,5,18,90,17,100,,,57,79,30,1372,0.2,0.2
4645,Nenê,BRA,MFFW,Juventude,Série A,43,16.7,1506,ND,ND,4,8,407,6,60.6,,,16,0,7,3,,3,4,47,35,1.7,,,21,23,73,92,57,,,10,14,9,801,4.3,1.7
4646,Max,BRA,MF,Cuiabá,Série A,23,13.5,1217,ND,ND,0,16,332,11,71.8,,,15,0,1,1,,1,16,17,28,1.1,,,16,20,58,50,63,,,17,33,12,676,1.5,1.1
4647,Marquinhos,BRA,FWDF,Cruzeiro Esporte Clube,Série A,21,14.1,1270,ND,ND,1,21,516,17,76.1,,,30,0,1,0,,0,11,18,44,0.9,,,14,57,36,118,52,,,26,37,13,874,2.3,0.9
4648,Marlon,BRA,DF,Cruzeiro,Série A,27,24.2,2179,ND,ND,1,31,851,62,77.5,,,8,2,1,0,,0,28,29,31,0.6,,,21,55,98,115,104,,,46,74,30,1646,2.0,0.6
4649,Lorran,BRA,MFFW,Flamengo,Série A,18,7.8,706,ND,ND,1,6,271,1,76.6,,,15,0,2,1,,1,2,14,19,2.0,,,16,32,39,61,31,,,17,19,15,417,0.9,2.0
4650,Jonathan,BRA,DF,Criciúma,Série A,32,7.8,705,ND,ND,1,12,214,23,77.9,,,5,0,1,0,,0,9,10,11,0.1,,,10,8,40,13,36,,,19,28,12,489,0.7,0.1
4651,Igor Jesus,BRA,FW,Botafogo (RJ),Série A,23,16.2,1454,ND,ND,3,17,310,9,71.5,,,32,0,8,5,,5,2,21,41,6.8,,,9,20,35,134,48,,,8,10,7,516,2.6,6.8
4652,Jadson,BRA,MF,Juventude,Série A,31,31.6,2843,ND,ND,5,33,882,19,83.6,,,30,2,6,1,,1,37,57,36,1.7,,,18,21,182,82,210,,,90,127,51,1686,3.7,1.7
4653,Pedro Henrique,BRA,DF,2 Teams,Série A,29,26.4,2372,ND,ND,0,30,818,121,79.6,,,4,3,1,1,,1,24,6,7,0.6,,,5,8,83,1,98,,,43,67,32,1497,0.1,0.6
4654,Helinho,BRA,FWMF,RB Bragantino,Série A,24,12.2,1102,ND,ND,2,18,420,11,68.7,,,20,0,9,7,,7,10,24,29,3.4,,,16,35,43,74,75,,,9,19,6,742,2.1,3.4
4655,Luiz Gustavo,BRA,MF,São Paulo,Série A,37,23.8,2142,ND,ND,1,20,1175,21,91.2,,,14,1,3,2,,2,29,14,30,1.3,,,6,32,132,20,105,,,42,71,26,1750,0.7,1.3
4656,Guilherme,BRA,DF,RB Bragantino,Série A,22,7.4,670,ND,ND,1,8,174,33,65.9,,,4,0,1,0,,0,10,5,7,0.1,,,6,8,18,18,22,,,16,26,10,424,0.2,0.1
4657,William Gomes,BRA,FWMF,São Paulo,Série A,18,5.5,495,ND,ND,1,9,133,0,74.5,,,7,0,4,3,,3,3,6,19,1.3,,,8,25,14,63,19,,,10,13,9,241,0.5,1.3
4658,Agustín Giay,ARG,DF,Palmeiras,Série A,21,7.1,642,ND,ND,0,7,280,11,80.0,,,5,0,0,0,,0,6,5,11,0.6,,,5,16,37,22,28,,,30,36,15,532,0.2,0.6
4659,Gabriel,BRA,DF,Bahia,Série A,23,35.0,3150,ND,ND,0,49,1513,183,88.7,,,4,2,0,0,,0,57,5,8,1.4,,,3,20,115,5,107,,,64,121,44,2641,0.2,1.4
4660,Gabriel,BRA,MF,Ath Paranaense,Série A,32,15.9,1431,ND,ND,2,26,533,27,89.3,,,1,1,3,1,,1,21,12,10,0.4,,,9,17,103,5,101,,,48,69,28,1014,0.3,0.4
4661,Everton,BRA,FWMF,Grêmio,Série A,27,5.1,457,ND,ND,0,4,111,5,79.5,,,6,0,0,0,,0,1,8,24,0.2,,,0,11,11,28,18,,,6,7,5,181,0.7,0.2
4662,Endrick,BRA,MFFW,Palmeiras,Série A,18,5.0,453,ND,ND,0,5,118,2,71.2,,,9,0,0,0,,0,0,2,13,1.1,,,4,10,15,28,16,,,5,5,2,175,0.7,1.1
4663,Kauã Elias,BRA,FW,Fluminense,Série A,18,16.3,1465,ND,ND,2,6,394,6,75.2,,,64,0,8,6,,6,3,19,67,5.0,,,8,28,33,109,57,,,24,27,11,627,2.7,5.0
4664,Dudu,BRA,FWMF,Palmeiras,Série A,33,6.1,548,ND,ND,0,0,221,2,68.3,,,7,0,0,0,,0,3,9,14,1.2,,,7,35,26,76,31,,,5,8,4,341,0.6,1.2
4665,David,BRA,FW,Vasco da Gama,Série A,29,17.6,1588,ND,ND,3,10,415,10,74.7,,,26,1,7,4,,4,9,20,55,1.8,,,17,41,48,127,93,,,21,30,15,669,1.9,1.8
4666,Clayton,BRA,DF,Internacional,Série A,24,5.9,535,ND,ND,0,4,199,30,85.8,,,0,1,0,0,,0,6,2,2,0.2,,,0,1,15,0,22,,,4,10,3,374,0.3,0.2
4667,Arthur,BRA,FW,Cruzeiro,Série A,26,14.1,1273,ND,ND,1,8,413,6,78.4,,,22,0,3,2,,2,3,10,32,1.6,,,16,48,35,130,41,,,16,19,10,597,0.8,1.6
4668,Arthur,BRA,FW,Criciúma,Série A,32,18.6,1671,ND,ND,1,13,242,18,69.8,,,18,0,6,5,,5,1,21,53,5.0,,,7,12,26,87,41,,,6,7,2,502,1.7,5.0
4669,Thiago Almada,ARG,FWMF,Botafogo (RJ),Série A,23,13.9,1252,ND,ND,2,7,682,3,84.2,,,26,2,3,1,,1,6,43,27,2.6,,,50,65,112,108,80,,,12,18,6,1037,2.6,3.4
4670,Allan,BRA,MF,Flamengo,Série A,27,15.7,1412,ND,ND,0,15,600,20,87.9,,,5,1,0,0,,0,22,11,15,0.3,,,7,16,75,10,62,,,30,52,15,1012,0.5,0.3
4671,Matheus Mendes,BRA,GK,Atlético Mineiro,Série A,25,12.1,1087,ND,ND,0,0,176,10,83.4,1.0,8.3,0,0,0,0,22.0,0,0,0,0,0.0,1.0,1.0,0,0,0,0,13,68.7,44.0,0,0,0,372,0.0,0.0
4672,Fabrício,BRA,GK,Internacional,Série A,39,8.0,720,ND,ND,0,0,124,2,66.3,3.0,37.5,0,0,0,0,8.0,0,0,0,0,0.0,1.0,0.0,0,0,0,0,10,79.4,26.0,0,0,0,221,0.0,0.0
4673,Oskar Zawada,POL,FW,RKC Waalwijk,Eredivisie,29,21.6,1945,1.92,87.0,0,10,346,33,66.7,,,29,1,9,9,,9,1,20,55,13.7,,,3,8,26,71,33,,,15,16,9,724,1.9,13.7
4674,Jannes Wieckhoff,GER,DF,Heracles Almelo,Eredivisie,24,13.9,1251,1.75,65.0,2,22,407,47,80.8,,,8,0,2,0,,0,12,12,15,0.0,,,10,37,51,61,54,,,42,54,27,804,2.0,0.0
4675,Daouda Weidmann,CIV,MF,RKC Waalwijk,Eredivisie,22,8.8,788,1.8,67.0,0,14,209,6,80.6,,,15,0,0,0,,0,11,9,21,0.2,,,2,18,25,13,47,,,11,22,7,370,0.3,0.2
4676,Niklas Vesterlund,DEN,DF,Utrecht,Eredivisie,26,7.1,636,1.85,79.0,2,6,172,27,81.3,,,1,1,3,1,,1,5,7,5,0.4,,,5,11,19,20,16,,,10,15,5,366,0.5,0.4
4677,Arno Verschueren,BEL,MF,2 Teams,Eredivisie,28,22.4,2016,1.84,66.0,2,30,438,42,69.5,,,14,0,3,1,,1,18,31,48,4.3,,,23,42,68,126,85,,,42,60,22,937,2.4,4.3
4678,Calvin Verdonk,IDN,DF,NEC Nijmegen,Eredivisie,28,31.7,2853,1.74,70.0,1,43,1509,137,80.9,,,7,1,2,1,,1,41,33,26,1.1,,,36,54,202,84,174,,,98,139,62,2778,3.2,1.1
4679,Dave Van Den Berg,NED,MF,Zwolle,Eredivisie,25,24.8,2228,1.85,78.0,3,28,707,52,82.2,,,23,2,7,4,,4,20,28,40,2.9,,,22,29,113,77,121,,,37,57,26,1392,2.0,2.9
4680,Kyan Vaesen,BEL,FW,Willem II,Eredivisie,24,21.1,1896,ND,ND,2,23,283,20,62.8,,,36,0,6,2,,4,7,11,65,3.5,,,5,7,25,70,53,,,13,20,6,631,1.8,5.1
4681,Calvin Twigt,NED,MF,Go Ahead Eag,Eredivisie,22,5.0,446,ND,ND,0,3,151,15,82.8,,,5,0,0,0,,0,3,7,8,0.0,,,7,2,16,10,17,,,7,10,5,286,1.3,0.0
4682,Luka Tunjić,CRO,FWMF,Fortuna Sittard,Eredivisie,19,5.3,478,ND,ND,1,5,103,4,72.8,,,6,0,2,1,,1,4,12,16,0.8,,,3,5,16,26,22,,,7,11,3,231,0.9,0.8
4683,Bertrand Traoré,BFA,FW,Ajax,Eredivisie,29,19.1,1717,1.77,72.0,5,12,720,17,78.5,,,36,2,11,6,,6,8,31,60,8.2,,,52,103,116,235,75,,,17,25,10,1032,4.6,8.2
4684,Finn Stokkers,NED,FW,Go Ahead Eag,Eredivisie,29,4.9,442,1.77,71.0,2,3,110,5,67.7,,,11,0,5,3,,3,6,5,16,2.8,,,0,7,8,44,15,,,2,8,1,192,0.7,2.8
4685,Calvin Stengs,NED,MFFW,Feyenoord,Eredivisie,26,7.0,630,1.82,74.0,3,2,249,1,77.7,,,11,0,4,1,,1,1,17,11,1.5,,,15,21,40,56,28,,,7,8,3,386,2.4,1.5
4686,Casper Staring,NED,MFFW,NAC Breda,Eredivisie,24,7.0,628,1.86,77.0,0,10,118,17,73.8,,,3,0,0,0,,0,9,2,11,0.1,,,2,1,17,6,33,,,20,29,8,294,0.0,0.1
4687,Tommy St. Jago,NED,DF,KV Mechelen,Eredivisie,25,32.5,2925,1.86,82.0,0,55,1165,154,86.5,,,15,1,0,0,,0,36,11,32,0.6,,,11,27,104,26,159,,,83,119,52,2087,0.5,0.6
4688,Levi Smans,NED,MFFW,Heerenveen,Eredivisie,21,25.5,2298,ND,ND,2,22,649,13,71.5,,,55,1,5,3,,3,12,58,80,4.2,,,40,75,105,154,101,,,22,34,15,1131,5.1,4.2
4689,Kaj Sierhuis,NED,FW,Fortuna Sittard,Eredivisie,27,5.9,531,1.8,77.0,1,3,89,4,53.0,,,8,0,2,1,,1,1,4,16,1.8,,,0,2,8,25,13,,,1,2,1,174,1.0,1.8
4690,Kento Shiogai,JPN,FW,NEC Nijmegen,Eredivisie,20,6.2,559,ND,ND,1,5,112,9,63.4,,,22,1,5,4,,4,1,5,30,3.8,,,5,12,14,30,20,,,10,11,8,204,1.2,3.8
4691,Mats Seuntjens,NED,FWMF,Groningen,Eredivisie,33,7.4,664,1.87,81.0,2,2,129,5,61.2,,,11,0,4,1,,2,1,20,12,0.9,,,11,3,26,26,29,,,13,14,10,333,1.8,1.6
4692,Cisse Sandra,BEL,FWMF,Willem II,Eredivisie,21,20.8,1873,1.86,74.0,2,14,513,14,79.1,,,27,0,6,4,,4,14,15,50,3.0,,,9,26,42,93,65,,,9,23,3,833,1.0,3.0
4693,Daniele Rugani,ITA,DF,Ajax,Eredivisie,31,7.9,710,1.9,82.0,0,7,467,55,89.4,,,0,1,0,0,,0,13,1,2,0.3,,,1,5,51,0,25,,,9,22,2,759,0.1,0.3
4694,Eliano Reijnders,IDN,DF,Zwolle,Eredivisie,24,13.4,1207,1.68,66.0,0,11,423,48,83.0,,,7,0,1,1,,1,16,7,18,0.5,,,9,22,51,56,59,,,25,41,15,818,0.8,0.5
4695,Dimitris Rallis,GRE,FW,Jagiellonia Bialystok,Eredivisie,20,9.7,871,ND,ND,1,13,177,8,63.9,,,24,0,3,2,,2,2,8,37,2.3,,,9,11,18,66,21,,,3,5,2,303,0.6,2.3
4696,Wouter Prins,NED,DF,Groningen,Eredivisie,21,18.5,1662,ND,ND,1,19,301,78,59.3,,,8,0,2,1,,1,21,9,26,0.6,,,10,16,33,45,58,,,72,93,40,922,1.1,0.6
4697,Ricardo Pepi,USA,FW,PSV Eindhoven,Eredivisie,22,7.7,693,1.85,71.0,2,4,162,7,77.0,,,10,0,13,11,,11,1,9,22,5.9,,,5,10,13,53,11,,,6,7,5,276,1.0,5.9
4698,Raul Paula,GER,FWMF,NAC Breda,Eredivisie,21,8.2,742,ND,ND,2,6,206,8,72.2,,,14,0,2,0,,0,3,7,13,0.9,,,5,24,20,37,32,,,5,8,5,326,0.9,0.9
4699,Yassin Oukili,NED,MF,RKC Waalwijk,Eredivisie,24,24.5,2208,ND,ND,3,25,592,46,78.4,,,22,2,9,6,,6,23,30,47,4.5,,,12,40,79,83,137,,,68,91,40,1125,2.1,4.5
4700,Fredrik Oldrup Jensen,NOR,MF,NAC Breda,Eredivisie,32,14.3,1287,1.85,73.0,0,29,396,28,80.4,,,7,0,0,0,,0,12,10,9,1.0,,,4,8,64,12,69,,,30,42,21,807,0.5,1.0
4701,Noah Ohio,NED,FW,Utrecht,Eredivisie,22,7.5,679,1.85,78.0,0,5,163,11,69.7,,,17,0,5,4,,5,1,10,28,3.8,,,3,22,8,53,23,,,6,7,1,288,1.3,4.6
4702,Armando Obispo,CUW,DF,PSV Eindhoven,Eredivisie,26,4.7,420,1.86,83.0,0,8,254,26,88.2,,,1,0,1,1,,1,6,0,1,0.4,,,1,7,36,1,18,,,2,8,1,423,0.0,0.4
4703,Bart Nieuwkoop,NED,DFMF,Feyenoord,Eredivisie,29,5.2,465,1.8,72.0,1,9,109,12,73.5,,,1,1,1,0,,0,6,6,8,0.7,,,4,5,7,31,12,,,14,20,10,258,0.5,0.7
4704,Younes Namli,DEN,FWMF,Zwolle,Eredivisie,31,12.4,1114,1.8,70.0,2,18,472,13,76.0,,,23,1,6,4,,4,6,22,20,2.9,,,27,43,76,68,62,,,17,23,10,772,2.2,2.9
4705,David Møller Wolfe,NOR,DF,AZ Alkmaar,Eredivisie,23,27.8,2500,1.85,78.0,5,24,962,62,80.1,,,14,0,7,2,,2,24,18,32,1.2,,,24,85,107,149,110,,,28,52,24,1724,2.3,1.2
4706,Jorthy Mokio,BEL,MFDF,Ajax,Eredivisie,17,5.7,509,ND,ND,0,17,174,12,82.5,,,9,1,1,1,,1,5,4,14,0.9,,,1,13,21,20,31,,,13,18,6,328,0.2,0.9
4707,Shunsuke Mito,JPN,FW,Sparta R'dam,Eredivisie,22,16.5,1489,1.58,50.0,0,16,411,23,71.8,,,29,1,5,5,,5,12,15,44,5.2,,,15,55,31,151,68,,,28,40,19,663,1.3,5.2
4708,Antoni Milambo,NED,MF,Feyenoord,Eredivisie,20,22.0,1978,ND,ND,5,28,485,16,83.2,,,31,2,8,3,,3,9,28,43,2.0,,,19,41,83,72,80,,,39,48,27,917,1.7,2.0
4709,Edouard Michut,FRA,MFFW,Fortuna Sittard,Eredivisie,22,11.4,1028,1.78,68.0,0,17,271,13,86.8,,,18,0,1,1,,1,16,2,23,1.7,,,3,10,23,25,41,,,34,50,24,507,0.1,1.7
4710,Rui Mendes,GER,MFFW,Groningen,Eredivisie,25,5.7,517,ND,ND,1,5,83,1,67.4,,,8,0,2,1,,1,0,6,14,1.1,,,1,4,5,27,19,,,5,5,3,157,0.8,1.1
4711,Aaron Meijers,NED,DF,RKC Waalwijk,Eredivisie,37,8.4,753,1.76,77.0,0,10,214,24,72.7,,,2,0,0,0,,0,10,7,3,0.1,,,8,11,28,22,25,,,15,25,8,477,0.4,0.1
4712,Enes Mahmutovic,LUX,DF,NAC Breda,Eredivisie,28,7.9,711,1.91,88.0,0,14,210,52,81.5,,,1,0,0,0,,0,16,4,11,0.3,,,1,3,13,1,33,,,13,29,7,428,0.3,0.3
4713,Jordan Lotomba,SUI,DF,Feyenoord,Eredivisie,26,5.4,486,1.77,65.0,1,5,152,7,84.8,,,4,1,2,1,,1,8,2,5,0.7,,,1,12,15,6,16,,,11,19,10,333,0.2,0.7
4714,Clint Leemans,NED,MF,NAC Breda,Eredivisie,29,18.8,1694,1.89,76.0,4,12,489,29,75.7,,,12,1,7,2,,3,6,48,24,2.0,,,14,22,79,78,61,,,29,35,15,1030,4.5,2.8
4715,Noa Lang,NED,FW,PSV Eindhoven,Eredivisie,26,21.0,1894,1.79,72.0,10,18,945,7,77.1,,,27,0,21,11,,11,6,59,48,5.4,,,66,167,148,261,102,,,22,28,16,1431,6.1,5.4
4716,Sam Lammers,NED,FW,Twente,Eredivisie,28,16.7,1501,1.91,77.0,1,9,346,13,67.5,,,13,0,8,7,,7,4,13,46,7.0,,,12,22,39,122,28,,,8,12,4,591,2.5,7.0
4717,Mayckel Lahdo,SWE,FW,AZ Alkmaar,Eredivisie,22,9.7,869,1.83,79.0,1,8,300,6,78.7,,,21,0,4,3,,3,3,16,22,2.0,,,14,46,23,95,41,,,10,13,7,407,2.0,2.0
4718,Dave Kwakman,NED,MFFW,2 Teams,Eredivisie,20,13.1,1179,ND,ND,0,17,355,11,78.0,,,17,1,2,2,,2,7,6,20,1.3,,,5,21,31,51,68,,,34,41,21,593,0.7,1.3
4719,Bas Kuipers,NED,DF,Twente,Eredivisie,30,19.2,1724,1.8,74.0,3,32,525,67,77.1,,,6,0,6,3,,3,19,26,19,2.0,,,24,25,72,104,41,,,17,36,12,1140,3.0,2.0
4720,Terence Kongolo,NED,DF,NAC Breda,Eredivisie,31,9.8,886,1.83,70.0,0,20,278,61,86.2,,,3,1,0,0,,0,22,4,7,0.3,,,2,3,26,10,32,,,20,42,14,586,0.2,0.3
4721,Mathias Kjølø,NOR,MF,Twente,Eredivisie,24,9.6,865,1.74,65.0,1,7,346,17,82.1,,,5,2,1,0,,0,10,6,8,0.2,,,6,8,56,21,58,,,14,24,12,666,0.5,0.2
4722,Luuk de Jong,NED,FW,PSV Eindhoven,Eredivisie,34,27.2,2445,1.88,80.0,8,19,427,38,74.0,,,23,0,22,12,,14,5,55,65,14.6,,,27,11,71,190,61,,,23,28,13,1093,8.1,17.8
4723,Victor Jensen,DEN,MF,Utrecht,Eredivisie,25,12.1,1093,1.75,71.0,3,5,268,16,77.9,,,11,2,5,2,,2,5,22,24,3.0,,,8,13,54,56,52,,,20,25,14,540,2.1,3.0
4724,Alireza Jahanbakhsh,IRN,FWMF,Heerenveen,Eredivisie,31,16.1,1451,1.8,77.0,2,9,537,26,63.5,,,15,1,5,2,,3,13,26,40,2.8,,,36,33,82,158,71,,,31,44,17,985,3.5,3.5
4725,Zidane Iqbal,IRQ,MF,Utrecht,Eredivisie,22,16.1,1449,1.8,65.0,0,6,622,20,88.3,,,8,0,1,1,,1,18,16,21,0.6,,,19,15,106,11,100,,,22,40,15,964,1.0,0.6
4726,Hwang In-beom,KOR,MF,Feyenoord,Eredivisie,28,18.0,1618,1.77,70.0,2,15,635,27,83.4,,,13,2,5,3,,3,19,33,17,1.0,,,19,23,112,50,114,,,33,52,21,1213,3.8,1.0
4727,Nikolai Hopland,NOR,DF,SC Heerenveen,Eredivisie,21,27.4,2464,ND,ND,0,22,1199,157,89.7,,,10,4,2,2,,2,25,7,14,1.7,,,6,24,142,2,119,,,39,64,21,2080,0.3,1.7
4728,Jorrel Hato,NED,DF,Ajax,Eredivisie,19,28.8,2588,ND,ND,6,35,1061,66,89.4,,,25,4,8,2,,2,22,18,28,1.4,,,23,41,120,85,130,,,58,80,36,2004,3.3,1.4
4729,Sontje Hansen,CUW,FWMF,NEC Nijmegen,Eredivisie,23,20.8,1872,1.73,70.0,4,16,544,14,73.9,,,36,2,10,6,,6,10,37,78,4.0,,,21,77,62,161,72,,,17,27,8,838,4.1,4.0
4730,Roberto González,ESP,MFFW,NEC Nijmegen,Eredivisie,24,10.9,985,ND,ND,1,10,248,7,69.1,,,12,0,3,2,,2,3,6,17,3.0,,,6,21,22,42,41,,,12,15,9,450,0.6,3.0
4731,Oscar Fraulo,DEN,MF,Utrecht,Eredivisie,21,19.0,1711,1.8,77.0,3,18,434,41,78.0,,,22,0,6,3,,3,22,24,33,2.1,,,12,26,63,76,93,,,31,53,17,849,3.1,2.1
4732,Kian Fitz-Jim,NED,MF,Ajax,Eredivisie,22,13.7,1233,ND,ND,1,17,454,13,83.7,,,18,1,3,2,,2,10,12,28,2.1,,,25,26,83,69,64,,,26,36,14,783,0.7,2.1
4733,Nick Fichtinger,NED,MF,Zwolle,Eredivisie,21,9.5,853,ND,ND,0,22,210,28,76.5,,,7,0,0,0,,0,9,10,11,0.2,,,7,6,36,12,44,,,49,58,38,519,0.5,0.2
4734,Mario Engels,GER,FWMF,Heracles Almelo,Eredivisie,31,24.1,2170,1.83,77.0,4,11,400,14,69.5,,,41,0,8,4,,4,9,26,45,5.3,,,19,64,44,145,97,,,23,32,17,736,3.7,5.3
4735,Carel Eiting,NED,MF,2 Teams,Eredivisie,27,16.3,1471,1.82,72.0,3,29,450,33,70.9,,,8,0,6,3,,3,16,38,17,2.2,,,20,29,95,46,58,,,44,60,30,1019,4.2,2.2
4736,Mike Eerdhuijzen,NED,DF,FC Utrecht,Eredivisie,25,31.1,2803,ND,ND,0,42,1414,222,87.1,,,7,2,1,1,,1,45,14,15,0.9,,,15,31,194,10,140,,,31,76,18,2558,0.5,0.9
4737,Espen van Ee,NED,MF,Heerenveen,Eredivisie,22,24.8,2236,ND,ND,2,40,857,34,83.7,,,29,4,3,1,,1,29,15,46,1.4,,,11,25,104,47,138,,,72,101,43,1607,1.1,1.4
4738,Damian van der Haar,NED,DF,Zwolle,Eredivisie,21,20.4,1833,ND,ND,2,20,476,80,74.7,,,7,1,4,2,,2,16,14,25,1.0,,,18,17,52,82,82,,,37,53,23,1213,3.0,1.0
4739,Maxim Dekker,NED,DF,AZ Alkmaar,Eredivisie,21,6.5,589,ND,ND,0,5,345,25,91.5,,,1,0,0,0,,0,7,3,1,0.0,,,3,12,35,4,16,,,2,9,1,482,0.1,0.0
4740,Vito van Crooij,NED,MFFW,NEC Nijmegen,Eredivisie,29,21.0,1889,1.79,74.0,6,24,374,36,68.8,,,6,1,15,8,,9,9,25,40,3.3,,,9,22,48,74,53,,,29,38,16,788,2.3,4.1
4741,Yoann Cathline,FRA,FW,FC Utrecht,Eredivisie,23,21.6,1945,1.81,70.0,5,10,592,13,67.5,,,50,1,11,6,,6,6,28,62,3.3,,,34,111,68,186,100,,,26,32,22,831,3.0,3.3
4742,Julián Carranza,ARG,FW,Feyenoord,Eredivisie,25,9.1,822,1.82,76.0,1,5,157,7,71.6,,,15,0,5,4,,4,2,8,25,5.8,,,3,4,17,39,28,,,9,11,5,286,0.8,5.8
4743,Zico Buurmeester,NED,MFFW,AZ Alkmaar,Eredivisie,23,13.3,1195,ND,ND,1,17,427,18,80.9,,,11,1,5,4,,4,13,19,25,2.9,,,19,21,61,40,79,,,29,42,15,766,1.1,2.9
4744,Ezequiel Bullaude,ARG,MFFW,Fortuna Sittard,Eredivisie,24,22.9,2058,ND,ND,1,18,353,18,71.3,,,32,0,7,5,,6,14,12,67,4.5,,,4,15,46,67,107,,,33,47,21,737,1.7,6.1
4745,Charles-Andréas Brym,CAN,FWMF,2 Teams,Eredivisie,26,17.7,1597,1.79,78.0,3,12,346,8,71.8,,,35,0,6,3,,3,1,19,53,5.8,,,9,25,30,87,52,,,11,12,10,584,2.6,5.8
4746,Brian Brobbey,NED,FW,Ajax,Eredivisie,23,17.3,1555,1.8,74.0,3,14,314,10,72.2,,,29,0,7,4,,4,3,21,41,10.2,,,7,18,19,168,36,,,6,9,5,524,1.5,10.2
4747,Can Bozdogan,GER,MF,Utrecht,Eredivisie,24,4.5,402,1.75,64.0,1,7,100,7,77.9,,,2,0,2,1,,1,4,2,4,0.6,,,0,5,17,11,25,,,10,14,7,221,0.1,0.6
4748,Taylor Booth,USA,FWMF,2 Teams,Eredivisie,24,5.9,530,1.73,66.0,1,1,131,13,51.4,,,13,0,1,0,,0,3,7,23,0.1,,,3,16,12,35,21,,,11,14,5,232,0.7,0.1
4749,Ruben van Bommel,NED,FW,AZ Alkmaar,Eredivisie,20,16.6,1491,ND,ND,5,26,486,6,72.4,,,13,0,8,3,,3,14,28,38,4.5,,,26,52,82,133,66,,,38,52,21,832,3.3,4.5
4750,Saïd Bakari,COM,DF,Sparta R'dam,Eredivisie,30,23.8,2144,1.78,74.0,0,36,670,96,84.2,,,3,0,1,1,,1,29,12,31,0.7,,,17,44,106,64,115,,,58,87,35,1412,0.6,0.7
4751,Julian Baas,NED,MF,Sparta R'dam,Eredivisie,23,9.4,850,ND,ND,2,12,310,20,80.2,,,3,0,2,0,,0,12,18,9,0.1,,,3,8,44,6,28,,,18,30,12,643,1.1,0.1
4752,Aske Adelgaard,DEN,DF,Go Ahead Eag,Eredivisie,21,13.6,1224,ND,ND,1,12,404,43,75.7,,,11,1,1,0,,0,10,15,16,0.3,,,11,25,39,61,54,,,21,31,13,816,1.3,0.3
4753,Jeroen Zoet,NED,GK,AZ Alkmaar,Eredivisie,34,6.0,540,1.89,85.0,0,0,126,3,60.4,3.0,50.0,0,0,0,0,3.0,0,1,0,0,0.0,0.0,0.0,0,0,0,0,10,75.0,10.0,1,2,1,233,0.0,0.0
4754,Jasper Schendelaar,NED,GK,Zwolle,Eredivisie,24,30.0,2700,ND,ND,2,0,749,14,64.7,6.0,20.0,0,5,2,0,45.0,0,0,2,2,0.0,3.0,0.0,0,0,1,0,43,70.8,100.0,0,0,0,1263,1.1,0.0
4755,Remko Pasveer,NED,GK,Ajax,Eredivisie,41,24.0,2160,1.87,87.0,1,0,760,15,79.5,11.0,45.8,1,4,1,0,23.0,0,1,2,2,0.0,0.0,0.0,0,0,2,0,59,74.2,67.0,1,2,1,1106,0.4,0.0
4756,Andries Noppert,NED,GK,Heerenveen,Eredivisie,31,15.2,1365,2.03,83.0,0,0,403,8,69.9,3.0,18.8,0,0,0,0,24.0,0,0,0,0,0.0,1.0,0.0,0,0,0,0,37,65.7,44.0,0,0,0,674,0.0,0.0
4757,Fabio Vieira,POR,MFFW,Porto,Primeira Liga,25,20.4,1840,1.7,66.0,4,14,664,12,79.2,,,12,0,8,4,,4,11,41,22,2.8,,,41,27,124,121,93,,,36,47,23,1170,4.1,3.0
4758,Nilton Varela,POR,DFMF,Estrela,Primeira Liga,24,24.5,2209,1.82,71.0,2,30,442,81,64.1,,,9,1,2,0,,0,20,12,46,0.3,,,15,21,38,81,66,,,40,60,26,1140,1.3,0.3
4759,Ulisses,BRA,DF,Nacional,Primeira Liga,25,28.4,2559,1.83,80.0,0,46,866,127,84.5,,,6,4,2,2,,2,36,4,21,1.6,,,3,13,53,5,117,,,50,86,33,1615,0.1,1.6
4760,João Tomé,POR,DFMF,Rio Ave,Primeira Liga,22,8.6,772,ND,ND,1,8,246,37,75.9,,,3,0,1,0,,0,12,7,14,0.0,,,10,18,36,41,36,,,23,35,18,538,0.5,0.0
4761,Duplexe Tchamba,CMR,DF,Casa Pia,Primeira Liga,27,20.2,1814,1.91,79.0,1,26,709,110,77.0,,,2,2,3,2,,2,31,4,14,0.6,,,4,5,67,1,83,,,31,62,18,1354,0.5,0.6
4762,Sidnei Tavares,nan,MF,Moreirense,Primeira Liga,23,14.4,1296,1.83,70.0,1,12,335,19,83.3,,,12,0,2,1,,1,17,6,25,0.4,,,6,15,44,17,54,,,28,45,16,630,0.6,0.4
4763,Max Svensson,ESP,FWMF,Casa Pia,Primeira Liga,23,9.4,844,ND,ND,3,9,223,0,63.0,,,20,0,4,1,,1,4,11,44,2.1,,,5,20,21,46,39,,,11,15,10,368,2.0,2.1
4764,Vasco Sousa,POR,MF,Porto,Primeira Liga,22,4.7,421,ND,ND,0,3,159,2,86.4,,,8,1,0,0,,0,3,2,9,0.8,,,5,4,28,12,25,,,16,19,10,267,0.3,0.8
4765,Miguel Sousa,POR,MFFW,Casa Pia,Primeira Liga,26,11.7,1049,1.62,48.0,0,19,339,16,75.2,,,7,0,0,0,,0,11,15,25,1.4,,,12,19,72,46,61,,,25,36,12,654,0.7,1.4
4766,Rafa Soares,POR,DF,Famalicão,Primeira Liga,30,23.2,2085,1.84,73.0,2,22,636,73,73.0,,,8,2,2,0,,0,17,40,20,0.4,,,23,32,94,110,87,,,40,57,28,1421,3.6,0.4
4767,Filipe Soares,POR,MF,Farense,Primeira Liga,26,6.7,607,1.8,71.0,1,9,144,5,81.1,,,9,0,2,1,,1,6,3,10,1.3,,,6,13,41,13,41,,,10,16,7,306,0.3,1.3
4768,Tiago Silva,POR,MF,Vitória,Primeira Liga,32,25.8,2326,1.7,63.0,4,19,1260,30,83.0,,,13,4,9,2,,5,28,50,32,1.1,,,27,20,229,38,158,,,46,74,26,2195,3.8,3.5
4769,Joel silva,POR,MFDF,Boavista,Primeira Liga,22,26.6,2397,ND,ND,1,37,613,47,74.6,,,21,1,3,2,,2,34,22,35,2.0,,,13,32,75,79,130,,,71,105,41,1272,2.3,2.0
4770,Guilherme Serrão,POR,MFDF,Estrela,Primeira Liga,21,8.3,748,ND,ND,0,5,156,23,68.9,,,5,0,0,0,,0,12,8,18,0.0,,,4,13,17,28,34,,,25,37,17,417,0.4,0.0
4771,Václav Sejk,CZE,FW,Famalicão,Primeira Liga,23,9.5,858,1.8,70.0,1,7,122,9,71.4,,,12,0,4,3,,3,0,10,14,3.0,,,2,7,13,44,15,,,4,4,4,273,1.0,3.0
4772,Pedro Santos,POR,MF,Arouca,Primeira Liga,24,17.0,1526,ND,ND,0,11,635,15,86.8,,,11,2,0,0,,0,23,5,15,0.5,,,8,20,101,36,89,,,33,56,30,1063,0.2,0.6
4773,Pedro Santos,POR,FWMF,Moreirense,Primeira Liga,22,6.2,560,ND,ND,0,5,117,4,72.3,,,4,2,0,0,,0,3,4,22,0.1,,,2,4,9,35,19,,,11,14,6,221,0.4,0.1
4774,Nuno Santos,POR,FWMF,Vitória,Primeira Liga,26,21.2,1907,1.65,71.0,4,21,662,26,73.2,,,16,1,7,3,,3,16,29,40,5.3,,,31,32,117,163,84,,,24,40,16,1154,2.7,5.3
4775,Aderlan Santos,BRA,DF,2 Teams,Primeira Liga,36,24.2,2178,1.93,83.0,0,32,657,201,86.0,,,0,2,0,0,,0,27,0,8,1.1,,,4,3,27,3,102,,,42,69,25,1423,0.0,1.1
4776,Samu,POR,MF,Vitória,Primeira Liga,29,19.4,1743,1.68,60.0,1,35,496,14,74.0,,,18,0,3,2,,2,2,35,30,3.0,,,19,24,101,107,62,,,50,52,30,1044,4.0,3.0
4777,Rochinha,POR,FW,Famalicão,Primeira Liga,30,10.0,902,1.72,64.0,0,2,237,3,69.0,,,22,0,0,0,,0,5,9,23,0.6,,,8,16,35,48,39,,,10,15,8,356,0.7,0.6
4778,Omar Richards,ENG,DF,Rio Ave,Primeira Liga,27,22.1,1989,1.7,68.0,1,31,688,82,81.0,,,14,3,1,0,,0,18,11,25,0.1,,,11,32,83,73,84,,,65,83,40,1419,0.8,0.1
4779,Filipe Relvas,POR,DF,Vitória,Primeira Liga,25,9.4,843,ND,ND,0,8,355,69,88.3,,,0,0,0,0,,0,14,0,3,0.9,,,0,5,37,2,27,,,14,28,9,679,0.0,0.9
4780,Matheus Reis,BRA,DF,Sporting CP,Primeira Liga,30,14.7,1319,1.84,73.0,2,11,675,39,87.5,,,7,0,2,0,,0,10,11,13,0.6,,,16,35,104,55,54,,,18,28,11,1113,1.1,0.6
4781,Eduardo Quaresma,POR,DF,Sporting CP,Primeira Liga,23,15.5,1391,1.85,82.0,0,17,870,38,92.6,,,9,3,1,1,,1,12,5,17,0.1,,,3,32,107,16,79,,,46,58,23,1239,0.2,0.1
4782,Miguel Puche García,ESP,FWMF,Arouca,Primeira Liga,24,5.8,519,ND,ND,0,8,157,7,74.0,,,10,0,2,2,,2,11,9,14,1.2,,,8,18,18,43,28,,,8,19,6,296,1.2,1.2
4783,Carlos Ponck,CPV,DF,Moreirense,Primeira Liga,30,5.4,485,1.82,84.0,0,3,195,37,86.0,,,1,0,0,0,,0,6,2,3,0.1,,,1,0,13,0,24,,,9,15,8,363,0.1,0.1
4784,Alexandre Pinto,POR,DF,Arouca,Primeira Liga,27,9.1,823,1.87,78.0,1,6,212,33,67.3,,,4,2,1,0,,0,12,7,10,0.6,,,13,9,29,53,34,,,19,31,14,509,0.9,0.6
4785,Rodrigo Pinho,BRA,FW,Estrela,Primeira Liga,34,18.5,1665,1.85,79.0,0,8,240,20,67.6,,,25,0,5,4,,5,7,12,44,4.6,,,5,13,33,48,43,,,14,21,8,466,0.6,6.1
4786,Nehuén Pérez,ARG,DF,FC Porto,Primeira Liga,25,23.0,2069,1.84,78.0,2,18,1258,64,90.8,,,1,2,3,1,,1,24,7,10,1.4,,,6,18,130,10,85,,,27,51,16,1917,0.6,1.4
4787,Zé Pedro Figueiredo,POR,DF,Porto,Primeira Liga,28,16.6,1497,ND,ND,0,13,817,83,86.7,,,0,1,0,0,,0,23,6,5,0.9,,,7,9,93,7,58,,,25,48,17,1375,0.4,0.9
4788,Jandro Orellana,ESP,MF,Estoril,Primeira Liga,24,11.3,1018,1.76,66.0,1,6,307,7,85.3,,,7,1,2,1,,1,10,10,9,1.2,,,5,9,39,14,43,,,19,29,10,607,0.4,1.2
4789,Paulo Oliveira,POR,DF,Braga,Primeira Liga,33,19.0,1710,1.87,80.0,0,21,811,128,85.4,,,1,1,1,1,,1,26,1,7,2.1,,,0,2,51,1,67,,,23,49,12,1381,0.0,2.1
4790,Lawrence Ofori,GHA,MF,Moreirense,Primeira Liga,27,19.8,1780,ND,ND,1,11,732,23,88.1,,,19,3,2,1,,1,21,14,32,0.1,,,11,17,93,13,120,,,30,51,18,1208,0.8,0.1
4791,João Novais,POR,MF,Rio Ave,Primeira Liga,32,15.6,1402,1.79,70.0,0,11,445,9,74.4,,,18,1,0,0,,0,11,31,24,1.7,,,13,33,68,50,65,,,22,33,9,808,3.0,1.7
4792,Fran Navarro,ESP,FW,SC Braga,Primeira Liga,27,8.4,760,1.79,73.0,0,5,106,3,72.6,,,11,0,4,3,,4,1,4,21,2.7,,,1,2,7,32,13,,,5,6,2,178,0.2,3.5
4793,Jonathan Mutombo,FRA,DF,Gil Vicente FC,Primeira Liga,22,8.5,769,ND,ND,0,3,271,29,79.7,,,9,0,0,0,,0,9,5,11,0.1,,,4,19,30,34,38,,,29,38,19,533,0.6,0.1
4794,Hidemasa Morita,JPN,MF,Sporting CP,Primeira Liga,30,14.4,1294,1.77,74.0,3,15,537,17,84.6,,,9,1,5,2,,2,12,20,21,1.6,,,11,21,107,39,87,,,35,47,23,922,2.7,1.6
4795,Rodrigo Mora,POR,MFFW,Porto,Primeira Liga,18,15.2,1370,ND,ND,4,14,411,4,77.0,,,27,0,14,10,,10,9,21,33,4.7,,,17,43,72,97,53,,,19,28,14,642,1.5,4.7
4796,Iyad Mohamed,COM,MF,Casa Pia,Primeira Liga,24,5.4,487,ND,ND,0,10,139,9,75.1,,,5,0,0,0,,0,2,3,10,0.0,,,3,2,18,13,25,,,10,12,4,263,0.1,0.0
4797,John Mercado,ECU,FWMF,AVS Futebol,Primeira Liga,23,26.0,2341,1.86,75.0,1,27,516,27,63.7,,,31,2,4,3,,3,14,31,69,3.3,,,23,84,35,162,110,,,40,54,24,924,3.8,3.3
4798,Gustavo Mendonça,POR,MF,AVS Futebol,Primeira Liga,22,7.5,674,ND,ND,0,9,152,9,79.3,,,9,1,1,1,,1,7,5,14,0.1,,,2,1,20,6,49,,,18,25,15,375,0.2,0.1
4799,Bernardo Martins,POR,FWMF,Moreirense,Primeira Liga,27,18.2,1636,ND,ND,3,21,549,20,77.6,,,34,2,7,4,,4,11,23,49,2.1,,,15,23,82,69,94,,,40,51,23,949,2.2,2.1
4800,Gabri Martínez,ESP,FWMF,Braga,Primeira Liga,22,17.1,1542,1.85,82.0,2,25,546,24,71.5,,,29,2,6,4,,4,7,23,45,4.1,,,20,98,64,173,82,,,47,54,30,961,3.8,4.6
4801,Alejandro Marqués,VEN,FW,Estoril,Primeira Liga,24,18.8,1692,1.89,81.0,0,15,247,19,68.9,,,36,0,11,7,,11,8,10,46,5.1,,,3,10,18,61,41,,,6,14,4,446,0.5,8.3
4802,João Mário Lopes,POR,DFMF,Porto,Primeira Liga,25,19.6,1767,1.78,69.0,3,15,698,18,79.9,,,14,2,3,0,,0,11,32,26,0.8,,,53,78,119,182,78,,,27,38,17,1250,4.4,0.8
4803,Rony Lopes,POR,MFFW,Farense,Primeira Liga,29,12.5,1128,1.74,70.0,0,12,256,10,68.3,,,8,0,1,1,,1,5,20,32,2.3,,,11,12,41,43,52,,,13,18,11,572,1.4,3.1
4804,Ruben Kluivert,NED,DF,Casa Pia,Primeira Liga,24,13.7,1229,ND,ND,0,18,421,66,85.9,,,0,2,1,1,,1,11,1,7,0.6,,,2,2,27,5,56,,,25,36,15,784,0.1,0.6
4805,Joel Jorquera,ESP,FW,Moreirense,Primeira Liga,24,4.8,434,ND,ND,0,4,104,3,74.8,,,8,0,1,1,,1,1,3,12,0.5,,,2,15,15,23,18,,,5,6,3,159,0.1,0.5
4806,Isaac,BRA,FW,Nacional,Primeira Liga,21,13.7,1233,ND,ND,1,9,242,9,72.0,,,16,1,4,3,,3,1,11,67,3.2,,,2,7,12,58,48,,,18,19,13,449,0.4,3.2
4807,Igor,BRA,MF,Estrela,Primeira Liga,22,8.9,800,ND,ND,0,18,184,8,84.8,,,12,0,0,0,,0,14,9,16,0.2,,,6,3,29,3,40,,,19,33,12,441,1.0,0.2
4808,Conrad Harder,DEN,FWMF,Sporting CP,Primeira Liga,20,8.7,784,ND,ND,5,8,215,8,60.8,,,17,0,10,5,,5,3,13,27,3.0,,,6,21,11,80,23,,,7,10,6,317,2.9,3.0
4809,Tomás Händel,POR,MF,Vitória,Primeira Liga,24,28.0,2516,ND,ND,1,18,988,31,87.5,,,25,0,3,2,,2,38,25,27,1.6,,,25,40,174,53,135,,,42,80,23,1781,1.9,1.6
4810,Deniz Gül,TUR,FW,Porto,Primeira Liga,21,4.9,444,ND,ND,0,3,64,1,78.5,,,6,0,1,1,,1,0,2,17,1.4,,,3,6,9,24,8,,,0,0,0,146,0.4,1.4
4811,João Graça,POR,MFFW,Rio Ave,Primeira Liga,30,5.5,493,1.8,70.0,0,12,181,8,78.5,,,13,0,1,1,,1,2,2,12,1.2,,,4,11,19,25,30,,,15,17,7,273,0.1,1.2
4812,Pablo Gozalbez,ESP,MF,Arouca,Primeira Liga,24,7.2,648,1.7,63.0,0,8,172,7,63.1,,,9,0,1,1,,1,3,10,22,0.9,,,13,9,37,45,26,,,12,15,6,304,0.5,0.9
4813,João Goulart Silva,POR,DF,Casa Pia,Primeira Liga,25,31.5,2838,ND,ND,0,37,943,162,81.1,,,2,2,2,2,,2,33,4,19,1.0,,,2,16,50,2,87,,,40,73,26,1658,0.5,1.0
4814,Ismaël Gharbi,TUN,FWMF,Braga,Primeira Liga,21,11.8,1058,1.73,61.0,3,15,430,6,74.3,,,22,0,7,4,,4,5,19,35,2.8,,,16,35,46,115,63,,,27,32,16,721,1.4,2.8
4815,Fabrício Garcia,CPV,FWDF,Estoril,Primeira Liga,24,14.1,1269,ND,ND,0,13,330,7,74.4,,,29,0,0,0,,0,6,7,46,1.9,,,10,52,15,96,62,,,24,30,18,547,0.8,1.9
4816,García,BRA,DF,Nacional,Primeira Liga,23,31.1,2799,1.75,59.0,3,37,872,80,69.5,,,18,3,3,0,,0,42,43,26,0.4,,,51,56,103,109,147,,,65,107,51,1890,3.2,0.4
4817,Kanya Fujimoto,JPN,MF,Gil Vicente FC,Primeira Liga,26,24.7,2219,1.76,66.0,5,19,558,14,79.3,,,23,1,10,4,,5,10,35,39,3.2,,,24,34,93,124,77,,,14,24,10,966,4.2,4.0
4818,Tiago Fonseca Morais,POR,FWMF,Rio Ave,Primeira Liga,21,17.4,1562,ND,ND,0,17,416,9,71.3,,,21,1,4,4,,4,12,21,32,3.0,,,21,36,63,101,67,,,28,40,19,690,1.7,3.8
4819,Sidoine Fogning,CMR,DF,Boavista,Primeira Liga,23,13.0,1170,ND,ND,0,15,290,96,75.7,,,0,4,0,0,,0,14,3,15,0.2,,,3,2,29,2,56,,,31,45,19,652,0.2,0.2
4820,Roger Fernandes,POR,FWMF,Braga,Primeira Liga,19,19.3,1739,ND,ND,3,20,675,20,71.0,,,24,1,6,3,,3,20,33,45,3.3,,,25,91,56,192,109,,,41,61,20,1056,3.6,3.3
4821,Martim Fernandes,POR,DF,Porto,Primeira Liga,19,14.6,1311,ND,ND,6,20,518,20,78.4,,,16,0,6,0,,0,11,25,24,0.7,,,25,39,46,108,51,,,26,37,16,988,4.8,0.7
4822,Vando Félix,GNB,FWMF,Vitória,Primeira Liga,22,6.1,548,ND,ND,0,8,164,6,78.1,,,4,0,0,0,,0,8,5,21,0.3,,,6,20,16,51,20,,,11,19,4,256,0.5,0.3
4823,Stephen Eustáquio,CAN,MFDF,Porto,Primeira Liga,28,21.3,1918,1.78,77.0,0,27,861,39,87.5,,,11,1,0,0,,0,23,20,20,1.0,,,14,11,149,41,91,,,53,76,28,1621,1.7,1.0
4824,Dudu,BRA,FWMF,Nacional,Primeira Liga,25,14.9,1338,1.79,73.0,2,26,222,8,74.7,,,18,1,5,2,,3,6,11,35,3.3,,,6,28,19,65,58,,,28,34,19,430,1.1,4.8
4825,Issiar Dramé,MLI,DF,Estrela,Primeira Liga,26,17.7,1589,ND,ND,0,22,291,131,82.7,,,8,3,0,0,,0,23,3,17,0.7,,,0,16,19,7,66,,,22,45,12,690,0.2,0.7
4826,Ousmane Diomande,CIV,DF,Sporting CP,Primeira Liga,21,28.0,2521,ND,ND,0,16,1713,83,93.5,,,3,2,2,2,,2,32,10,3,1.7,,,3,13,82,4,141,,,36,68,22,2350,0.6,1.7
4827,Sandro Cruz,ANG,DF,Gil Vicente FC,Primeira Liga,24,23.1,2082,ND,ND,0,33,602,75,76.2,,,20,1,0,0,,0,21,14,30,0.8,,,9,33,73,63,82,,,62,83,31,1379,0.9,0.8
4828,João Costa,POR,FW,Santa Clara,Primeira Liga,25,8.1,728,ND,ND,0,11,128,7,65.1,,,13,0,3,3,,3,5,8,17,4.0,,,2,3,10,28,30,,,15,20,10,239,1.3,4.0
4829,Gonçalo Costa,POR,DFMF,Estoril,Primeira Liga,25,5.7,509,ND,ND,0,4,151,21,68.3,,,3,0,2,2,,2,8,5,10,0.1,,,4,16,12,38,31,,,14,22,6,360,0.4,0.1
4830,Fábio Conceição,POR,MFFW,2 Teams,Primeira Liga,24,12.3,1103,1.78,65.0,1,10,288,5,77.3,,,24,1,2,1,,1,11,12,47,1.0,,,9,28,30,80,69,,,23,34,16,552,1.4,1.0
4831,Tidjany Chabrol,FRA,FWMF,Gil Vicente FC,Primeira Liga,23,11.6,1046,ND,ND,2,14,315,11,84.4,,,15,0,3,1,,1,5,10,25,1.8,,,11,37,29,78,37,,,20,25,16,475,1.0,1.8
4832,Vitor Carvalho,BRA,MF,Braga,Primeira Liga,28,16.7,1501,1.83,75.0,0,14,527,29,81.6,,,8,0,0,0,,0,22,8,15,1.0,,,6,13,82,19,82,,,33,55,20,1049,0.6,1.0
4833,Zé Carlos,POR,MFDF,2 Teams,Primeira Liga,23,8.8,792,ND,ND,0,11,214,17,78.0,,,18,0,0,0,,0,12,4,11,0.1,,,4,6,34,18,61,,,31,43,19,479,0.1,0.1
4834,Diogo Calila,MOZ,MFDF,Santa Clara,Primeira Liga,26,19.4,1750,1.8,74.0,2,23,426,64,71.7,,,8,0,3,1,,1,12,17,29,0.9,,,11,36,42,100,56,,,45,57,24,921,1.1,0.9
4835,Lucas Calegari,BRA,DF,Famalicão,Primeira Liga,23,16.5,1489,ND,ND,1,14,471,33,84.9,,,4,0,1,0,,0,11,8,14,0.1,,,6,16,49,53,67,,,36,47,20,986,0.7,0.1
4836,Rafael Brito,POR,MF,Casa Pia,Primeira Liga,23,11.2,1011,ND,ND,1,17,271,18,72.5,,,6,1,1,0,,0,19,8,11,0.3,,,5,3,33,15,46,,,23,42,14,557,0.4,0.3
4837,Róbert Boženík,SVK,FW,Boavista,Primeira Liga,25,30.6,2753,1.88,82.0,1,18,481,36,71.1,,,31,0,6,4,,5,7,9,110,8.2,,,10,16,39,150,67,,,12,19,7,822,0.6,8.9
4838,Gonçalo Borges,POR,FWMF,Porto,Primeira Liga,24,8.5,761,ND,ND,3,6,262,0,72.8,,,24,0,5,2,,2,2,13,26,1.3,,,13,46,16,122,26,,,10,12,6,388,2.1,1.3
4839,Toni Borevkovic,CRO,DF,Vitória,Primeira Liga,28,26.9,2420,1.94,88.0,0,26,1018,156,89.8,,,1,3,0,0,,0,33,5,5,1.5,,,0,8,83,1,102,,,28,61,17,1802,0.8,1.5
4840,Sergio Bermejo,ESP,MFFW,Gil Vicente FC,Primeira Liga,27,5.3,475,ND,ND,0,3,132,3,82.3,,,12,0,1,1,,1,3,6,11,0.6,,,2,12,20,24,24,,,10,13,5,221,0.3,0.6
4841,Leandro Barreiro Martins,LUX,MF,Benfica,Primeira Liga,25,13.5,1211,1.74,65.0,1,15,406,10,86.2,,,15,0,4,3,,3,8,12,19,3.8,,,9,12,50,50,60,,,31,39,17,721,1.6,3.8
4842,Mohamed Bamba,CIV,MF,Gil Vicente FC,Primeira Liga,20,10.6,956,ND,ND,0,8,330,31,82.1,,,4,2,1,1,,1,17,6,10,1.4,,,1,3,34,8,67,,,17,34,11,628,0.1,1.4
4843,Gustavo Assuncao,POR,MF,2 Teams,Primeira Liga,25,17.5,1577,1.78,74.0,0,20,418,30,80.4,,,14,1,2,0,,2,13,9,26,0.8,,,3,11,59,14,95,,,37,50,23,955,0.5,2.4
4844,Henrique Araújo,POR,FW,Arouca,Primeira Liga,23,12.3,1107,1.8,68.0,2,6,193,9,71.0,,,19,1,8,3,,6,2,8,39,3.4,,,6,13,25,51,23,,,5,7,4,342,1.1,6.1
4845,Kerem Aktürkoğlu,TUR,FWMF,Benfica,Primeira Liga,26,22.3,2003,1.73,69.0,9,21,579,8,69.7,,,25,0,20,11,,11,17,41,60,9.7,,,30,62,68,202,106,,,22,39,16,965,7.4,9.7
4846,Nico Mantl,GER,GK,Arouca,Primeira Liga,25,29.0,2610,1.93,88.0,0,0,563,19,78.0,7.0,24.1,0,5,0,0,43.0,0,1,0,1,0.0,8.0,0.0,0,0,0,1,41,70.8,79.0,0,1,0,1021,0.0,0.0
4847,Federico Zuccon,ITA,MFDF,2 Teams,Serie B,22,8.4,760,ND,ND,0,12,169,11,78.6,,,8,0,0,0,,0,8,2,18,0.6,,,7,14,25,18,40,,,22,30,12,400,0.1,0.6
4848,Massimo Zilli,ITA,FWMF,Cosenza,Serie B,23,7.9,713,ND,ND,1,7,92,10,52.0,,,10,0,4,3,,3,1,7,31,1.9,,,2,3,10,26,14,,,6,7,5,237,1.0,1.9
4849,Karim Zedadka,FRA,DFMF,Südtirol,Serie B,25,9.7,875,1.8,67.0,1,15,208,30,64.5,,,10,0,2,1,,1,11,8,23,1.4,,,14,26,35,43,50,,,11,22,5,444,1.2,1.4
4850,David Wieser,ITA,MF,Mantova,Serie B,23,9.4,849,1.82,73.0,2,9,333,18,89.6,,,11,0,2,0,,0,5,15,12,0.8,,,5,26,51,40,41,,,13,18,11,535,0.7,0.8
4851,İsak Vural,TUR,MF,Frosinone,Serie B,19,13.1,1180,ND,ND,1,8,301,22,86.7,,,14,0,1,0,,0,9,10,20,1.6,,,5,20,35,21,49,,,27,36,16,566,0.6,1.6
4852,Cristian Volpato,ITA,FWMF,Sassuolo,Serie B,21,7.8,706,1.87,75.0,6,4,321,4,75.8,,,13,0,10,4,,4,3,23,20,1.6,,,22,53,51,61,31,,,18,21,12,482,1.9,1.6
4853,Francesco Vicari,ITA,DF,Bari,Serie B,30,21.8,1960,1.9,80.0,0,26,566,157,86.8,,,0,2,0,0,,0,14,5,5,0.7,,,7,1,53,0,40,,,18,32,13,1120,0.2,0.7
4854,Freddie Veseli,ALB,DF,Südtirol,Serie B,32,14.9,1340,1.83,80.0,1,19,141,53,63.9,,,1,0,1,0,,0,16,5,6,0.1,,,3,3,38,9,32,,,19,35,17,514,0.2,0.1
4855,Davide Veroli,ITA,DF,Sampdoria,Serie B,22,12.2,1096,ND,ND,1,18,407,79,79.1,,,0,1,2,1,,1,11,6,7,0.2,,,4,13,37,8,27,,,12,23,8,773,1.4,0.2
4856,Antonio Vergara,ITA,FWMF,Reggiana,Serie B,22,24.9,2241,ND,ND,5,49,634,20,62.6,,,54,1,10,5,,5,17,39,107,3.6,,,42,92,97,134,113,,,83,100,45,1116,4.2,3.6
4857,Michael Venturi,ITA,DF,Cosenza,Serie B,26,21.8,1962,ND,ND,1,35,542,124,80.6,,,9,2,2,1,,1,28,5,15,1.0,,,5,13,63,9,67,,,44,72,29,1270,0.2,1.0
4858,Tijs Velthuis,NED,DF,2 Teams,Serie B,23,6.2,555,ND,ND,0,5,234,35,89.3,,,0,0,0,0,,0,6,0,3,0.1,,,1,10,23,1,11,,,7,13,5,439,0.0,0.1
4859,Aljosa Vasic,SRB,MFDF,Palermo,Serie B,23,6.2,559,ND,ND,0,7,89,18,56.3,,,12,0,0,0,,0,4,5,14,1.0,,,4,11,21,23,24,,,16,20,16,235,0.4,1.0
4860,Marco Varnier,ITA,DF,Juve Stabia,Serie B,27,21.0,1894,ND,ND,0,29,903,154,87.5,,,5,4,1,1,,1,32,4,9,2.7,,,1,13,49,6,81,,,29,61,16,1638,0.4,2.7
4861,Gennaro Tutino,ITA,FWMF,UC Sampdoria,Serie B,28,19.0,1713,ND,ND,4,11,402,17,69.5,,,31,1,9,4,,5,0,28,51,7.1,,,16,40,43,121,59,,,10,10,6,681,2.6,7.9
4862,Frank Tsadjout,ITA,FW,2 Teams,Serie B,26,9.1,820,1.9,75.0,1,4,135,10,79.6,,,11,0,1,0,,0,1,7,19,2.6,,,3,17,18,53,23,,,7,8,5,282,0.4,2.6
4863,Ernesto Torregrossa,VEN,FWMF,2 Teams,Serie B,33,8.3,748,1.84,80.0,1,7,167,3,62.9,,,20,1,4,3,,3,5,4,26,2.1,,,6,5,18,44,21,,,11,16,6,275,1.0,2.1
4864,Leo Štulac,SVN,MF,Reggiana,Serie B,30,4.9,437,1.75,70.0,1,7,210,13,80.6,,,4,0,1,0,,0,2,6,5,0.2,,,3,4,23,4,17,,,10,12,8,344,0.5,0.2
4865,Petar Stojanović,SVN,DF,Salernitana,Serie B,29,19.2,1731,1.78,69.0,0,12,661,43,82.6,,,27,0,0,0,,0,19,24,19,0.5,,,25,46,87,65,100,,,40,59,20,1211,1.6,0.5
4866,Giuseppe Sibilli,ITA,MFFW,2 Teams,Serie B,28,20.4,1838,ND,ND,5,9,512,13,70.2,,,38,0,8,2,,3,7,26,43,3.2,,,22,45,55,136,81,,,26,33,18,860,3.4,4.0
4867,Lorenzo Sgarbi,ITA,MFFW,2 Teams,Serie B,24,4.5,401,ND,ND,2,5,144,0,70.6,,,7,0,2,0,,0,0,11,10,0.3,,,13,23,19,56,13,,,3,3,2,227,1.6,0.3
4868,Flavio Russo,ITA,FWMF,2 Teams,Serie B,21,7.1,637,ND,ND,1,2,138,2,74.8,,,5,0,3,2,,2,1,4,34,1.9,,,5,7,14,50,14,,,3,4,3,240,0.6,1.9
4869,Adrian Rus,ROU,DF,Pisa,Serie B,29,13.8,1239,ND,ND,0,11,316,88,69.8,,,0,0,2,1,,2,13,12,17,0.2,,,12,16,50,22,41,,,34,47,18,902,0.7,1.0
4870,Francesco Ruocco,ITA,FWDF,Mantova,Serie B,24,8.8,796,ND,ND,2,9,301,2,84.9,,,15,0,4,2,,2,1,15,23,2.2,,,9,27,19,98,34,,,8,9,4,436,1.0,2.2
4871,Paolo Rozzio,ITA,DF,Reggiana,Serie B,33,13.5,1218,ND,ND,0,11,377,110,89.8,,,0,1,0,0,,0,16,4,6,0.3,,,0,2,23,1,40,,,12,28,10,790,0.2,0.3
4872,Filippo Romagna,ITA,DF,Sassuolo,Serie B,28,20.8,1869,1.85,75.0,0,21,715,118,90.2,,,1,1,0,0,,0,22,1,6,0.4,,,6,3,70,0,94,,,14,36,10,1365,0.0,0.4
4873,Matteo Ricci,ITA,MF,Sampdoria,Serie B,31,9.5,854,1.72,75.0,1,5,270,26,76.8,,,3,1,1,0,,0,5,15,5,0.6,,,13,1,55,3,51,,,14,19,11,599,1.0,0.6
4874,Jeff Reine-Adélaïde,FRA,MF,Salernitana,Serie B,27,6.1,553,1.83,76.0,0,7,246,2,84.0,,,12,0,1,1,,1,2,12,9,0.6,,,12,31,34,31,33,,,7,9,4,360,1.1,0.6
4875,Arkadiusz Reca,POL,DF,Spezia,Serie B,30,18.6,1670,1.87,75.0,2,16,326,37,57.5,,,5,0,2,0,,0,21,20,20,1.2,,,32,45,28,85,47,,,19,40,10,752,2.9,1.2
4876,Danilo Quaranta,ITA,DF,Juve Stabia,Serie B,28,4.9,443,ND,ND,0,5,79,32,63.5,,,0,0,0,0,,0,3,2,2,0.0,,,2,4,12,3,15,,,5,8,3,226,0.5,0.0
4877,Filippo Pittarello,ITA,FW,US Catanzaro,Serie B,28,16.6,1493,ND,ND,0,5,338,12,67.7,,,39,1,2,2,,2,1,11,73,2.8,,,2,26,10,108,46,,,4,5,3,441,1.3,2.8
4878,Christian Pierobon,ITA,MF,Juve Stabia,Serie B,23,24.3,2187,1.69,56.0,2,56,560,31,83.5,,,16,0,2,0,,0,21,19,56,1.1,,,14,39,85,49,101,,,88,109,51,1165,2.0,1.1
4879,Nicholas Pierini,ITA,FWMF,Sassuolo,Serie B,26,14.2,1282,1.78,70.0,3,9,398,13,79.2,,,18,0,13,10,,10,7,37,34,5.3,,,21,27,55,102,63,,,14,21,7,719,3.2,5.3
4880,Charles Pickel,COD,MF,Cremonese,Serie B,28,21.2,1905,1.84,76.0,0,19,515,28,84.4,,,15,1,2,2,,2,17,16,32,3.7,,,8,13,78,78,91,,,31,48,16,1081,1.1,3.7
4881,Gabriele Piccinini,ITA,MFDF,Pisa,Serie B,24,25.8,2324,ND,ND,4,25,651,39,77.4,,,20,0,8,4,,4,25,22,35,6.8,,,23,22,109,96,129,,,52,77,28,1331,2.6,6.8
4882,Matteo Piacentini,ITA,DF,Cesena,Serie B,26,5.4,489,ND,ND,0,4,153,31,83.5,,,0,0,0,0,,0,9,4,0,0.0,,,3,3,28,8,14,,,5,14,4,296,0.2,0.0
4883,Emanuele Pecorino,ITA,FW,Frosinone,Serie B,24,7.5,675,ND,ND,0,3,140,12,74.0,,,9,0,1,1,,1,2,9,24,2.4,,,1,11,9,48,20,,,12,14,7,255,0.3,2.4
4884,Anthony Partipilo,ITA,FWMF,Frosinone,Serie B,30,13.6,1223,1.8,77.0,1,9,345,8,72.2,,,10,0,4,2,,3,4,20,34,2.8,,,26,33,64,95,51,,,20,24,14,648,1.9,4.4
4885,Giuseppe Panico,ITA,MFFW,Carrarese,Serie B,28,7.2,651,1.78,75.0,0,6,191,5,71.6,,,12,1,0,0,,0,4,7,19,1.8,,,12,14,22,44,27,,,13,17,7,291,1.0,1.8
4886,Luca Pandolfi,ITA,FW,Cittadella,Serie B,27,22.6,2032,ND,ND,0,22,366,27,63.7,,,26,0,8,7,,8,1,10,69,6.1,,,8,25,28,138,31,,,9,10,5,685,0.7,6.7
4887,Jérémy Oyono,GAB,DFMF,Frosinone,Serie B,24,17.6,1587,ND,ND,0,19,452,55,79.1,,,16,1,1,1,,1,5,18,24,0.6,,,19,39,78,55,84,,,36,41,20,935,1.7,0.6
4888,Remi Oudin,FRA,MFFW,Sampdoria,Serie B,28,8.0,720,1.85,79.0,0,8,153,12,55.7,,,4,1,1,1,,1,4,11,10,1.1,,,4,9,27,25,26,,,13,17,7,369,1.2,1.1
4889,Filippo Oliana,ITA,DF,Carrarese,Serie B,26,16.3,1467,ND,ND,0,25,600,79,82.9,,,3,0,1,1,,1,15,1,10,0.1,,,4,13,46,5,45,,,33,48,19,1073,0.0,0.1
4890,Orji Okwonkwo,NGA,FWMF,2 Teams,Serie B,27,14.9,1339,1.81,80.0,1,6,205,11,61.7,,,15,0,4,3,,3,4,6,40,3.2,,,8,15,11,78,21,,,5,9,2,367,0.8,3.2
4891,Patrick Nuamah,ITA,FWMF,Brescia,Serie B,19,14.0,1259,ND,ND,0,12,271,12,77.0,,,25,0,1,1,,1,6,17,46,1.1,,,13,47,28,94,63,,,23,29,15,464,1.1,1.1
4892,Andrija Novakovich,USA,FWMF,Bari,Serie B,28,12.8,1151,1.92,82.0,2,5,182,10,70.4,,,27,0,5,3,,3,3,20,39,3.2,,,7,12,25,80,23,,,5,8,1,373,2.3,3.2
4893,Marco Nasti,ITA,FW,Cremonese,Serie B,21,10.4,934,ND,ND,2,4,181,7,81.8,,,26,0,4,2,,2,0,8,29,4.1,,,4,10,15,44,22,,,4,4,0,305,1.2,4.1
4894,Luca Moro,ITA,FW,Sassuolo,Serie B,24,11.8,1060,ND,ND,1,2,180,10,76.6,,,30,0,8,5,,7,5,7,33,3.2,,,4,3,18,56,23,,,2,7,1,315,0.6,4.8
4895,Davis Mensah,GHA,FW,Mantova,Serie B,33,26.3,2370,ND,ND,7,17,497,32,73.9,,,57,0,9,2,,2,2,34,94,3.2,,,9,44,27,209,41,,,18,20,5,788,4.2,3.2
4896,Leonardo Mendicino,ITA,MF,Cesena,Serie B,19,5.9,533,ND,ND,0,9,160,11,86.8,,,3,0,0,0,,0,4,2,5,0.0,,,0,0,12,4,19,,,28,32,15,336,0.1,0.0
4897,Pedro Mendes,POR,FW,Modena,Serie B,25,16.4,1472,ND,ND,0,5,255,17,65.8,,,19,0,5,5,,5,3,15,47,5.2,,,10,5,28,90,16,,,2,5,1,572,0.8,5.2
4898,Filippo Melegoni,ITA,MFFW,Carrarese,Serie B,26,4.6,416,1.86,80.0,0,5,131,5,73.4,,,6,0,0,0,,0,4,0,12,0.6,,,2,14,13,20,7,,,12,16,6,199,0.0,0.6
4899,Edoardo Masciangelo,ITA,DF,Cittadella,Serie B,29,29.7,2677,ND,ND,4,27,873,69,65.2,,,31,0,5,1,,1,19,46,40,0.6,,,48,97,151,169,131,,,41,60,31,1780,3.6,0.6
4900,Riccardo Marchizza,ITA,DF,Frosinone,Serie B,27,23.0,2069,1.87,80.0,3,10,492,39,73.3,,,8,2,5,1,,2,7,37,20,1.5,,,25,23,107,69,27,,,10,17,4,1107,2.4,2.3
4901,Žan Majer,SVN,MF,Cremonese,Serie B,33,9.3,834,1.79,71.0,1,7,395,15,88.8,,,3,1,1,0,,0,6,7,6,0.2,,,6,14,67,4,47,,,15,21,9,661,0.5,0.2
4902,Fabio Maistro,ITA,MFFW,Juve Stabia,Serie B,27,12.1,1090,ND,ND,0,7,360,10,72.8,,,20,0,2,2,,2,5,29,32,2.9,,,10,38,44,57,64,,,17,22,8,622,2.0,2.9
4903,Luca Magnino,ITA,DFMF,Modena,Serie B,27,20.3,1826,ND,ND,0,17,462,57,82.1,,,11,1,1,1,,1,18,12,18,1.2,,,12,16,62,58,75,,,30,48,19,1048,0.8,1.2
4904,Giulio Maggiore,ITA,MF,2 Teams,Serie B,27,16.0,1439,1.84,69.0,0,24,348,18,79.0,,,13,0,3,3,,3,8,15,34,3.2,,,6,22,52,62,72,,,23,31,13,760,1.4,3.2
4905,Mateus Lusuardi,BRA,DF,Frosinone,Serie B,21,10.3,924,ND,ND,0,12,283,75,85.5,,,4,1,2,2,,2,4,2,7,2.0,,,0,2,31,0,30,,,11,15,9,618,0.2,2.0
4906,Luca Lipani,ITA,MF,Sassuolo,Serie B,20,8.0,717,ND,ND,2,11,216,13,81.7,,,9,0,3,1,,1,11,10,15,1.6,,,5,6,35,26,38,,,14,25,7,439,1.3,1.6
4907,Nunzio Lella,ITA,MF,Bari,Serie B,25,15.4,1386,ND,ND,0,23,373,26,76.8,,,15,0,2,2,,2,7,11,40,2.4,,,8,23,45,80,53,,,27,34,11,708,0.7,2.4
4908,Ante Jurič,CRO,FW,Brescia,Serie B,22,14.2,1281,ND,ND,2,5,203,21,60.5,,,25,0,5,3,,3,6,20,37,3.2,,,4,10,11,73,36,,,20,26,11,442,1.6,3.2
4909,Flavio Junior Bianchi,ITA,FW,Brescia,Serie B,25,7.0,630,ND,ND,0,4,157,6,65.6,,,4,0,4,4,,4,1,7,20,2.4,,,6,22,12,47,32,,,12,13,6,264,0.4,2.4
4910,Dennis Johnsen,NOR,FWMF,Cremonese,Serie B,27,16.5,1481,1.85,72.0,7,8,490,7,66.5,,,15,1,13,6,,6,2,36,63,6.1,,,30,71,50,149,51,,,17,19,15,743,4.4,6.1
4911,Riyad Idrissi,ITA,DF,Modena,Serie B,20,14.3,1288,ND,ND,0,9,341,61,74.1,,,7,0,1,1,,1,14,7,21,0.8,,,10,22,30,79,49,,,22,36,13,733,0.8,0.8
4912,Edoardo Iannoni,ITA,MF,Sassuolo,Serie B,24,11.0,989,ND,ND,2,15,272,20,88.7,,,11,1,3,1,,1,7,8,9,1.3,,,12,16,54,18,57,,,32,39,23,557,1.3,1.3
4913,Malthe Hojholt,DEN,MF,Pisa,Serie B,24,14.2,1278,ND,ND,1,20,248,31,78.5,,,12,0,1,0,,0,12,6,7,0.4,,,6,10,53,24,52,,,39,51,23,644,1.1,0.4
4914,Claudio Gomes,FRA,MF,Palermo,Serie B,25,26.3,2366,1.64,66.0,1,22,724,30,87.4,,,25,2,3,2,,2,12,27,33,0.8,,,11,51,99,28,128,,,40,52,25,1195,2.5,0.8
4915,Natan Girma,SUI,FWMF,Reggiana,Serie B,23,11.3,1014,ND,ND,2,11,368,14,72.2,,,30,1,7,5,,5,5,12,39,2.9,,,12,23,35,67,47,,,31,36,14,612,1.1,2.9
4916,Samuel Giovane,ITA,MF,Carrarese,Serie B,22,21.5,1935,ND,ND,4,36,543,26,86.6,,,23,0,5,1,,1,12,22,39,1.7,,,12,32,44,44,90,,,21,33,11,874,3.4,1.7
4917,Paolo Ghiglione,ITA,DF,Salernitana,Serie B,28,19.6,1768,1.88,80.0,2,19,367,59,63.7,,,8,0,4,2,,2,9,18,18,1.6,,,20,32,44,94,59,,,26,35,14,934,1.8,1.6
4918,Francesco Gelli,ITA,MF,2 Teams,Serie B,28,18.1,1629,ND,ND,1,21,513,25,80.5,,,16,0,1,0,,0,7,20,29,1.2,,,20,29,99,68,89,,,21,28,14,1036,1.3,1.2
4919,Francesco Galuppini,ITA,FWMF,Mantova,Serie B,31,18.8,1689,ND,ND,3,14,630,25,76.6,,,23,0,5,2,,2,4,24,41,4.2,,,31,44,116,92,83,,,24,28,18,1063,2.3,4.2
4920,Nicolas Galazzi,ITA,MFFW,Brescia,Serie B,24,16.3,1463,ND,ND,5,19,520,6,70.8,,,21,0,6,1,,1,7,41,38,2.9,,,21,47,68,81,67,,,33,40,20,904,4.6,2.9
4921,Niccolò Fortini,ITA,DFMF,Juve Stabia,Serie B,19,21.7,1952,ND,ND,3,24,515,66,76.5,,,30,1,5,2,,2,11,21,42,2.0,,,22,44,52,112,97,,,59,70,43,995,2.8,2.0
4922,Francesco Folino,ITA,DF,2 Teams,Serie B,23,19.3,1739,ND,ND,0,29,586,103,79.1,,,4,0,3,3,,3,22,5,10,1.5,,,5,20,52,18,45,,,25,47,18,1201,0.2,1.5
4923,Antonio Fiori,ITA,FWDF,Mantova,Serie B,22,21.0,1893,ND,ND,5,19,644,13,80.2,,,33,0,7,2,,2,7,30,43,2.8,,,18,69,32,155,89,,,17,24,10,930,2.5,2.8
4924,Cesar Falletti,URU,FWMF,2 Teams,Serie B,32,17.0,1531,1.75,65.0,2,12,578,2,78.9,,,24,1,3,0,,1,2,50,26,1.8,,,26,40,94,97,76,,,24,26,19,983,4.5,3.3
4925,Francesco Esposito,ITA,FW,Spezia,Serie B,20,30.7,2767,ND,ND,2,18,573,25,68.2,,,38,0,19,16,,17,1,46,109,15.2,,,36,26,86,253,54,,,13,14,7,1105,4.3,16.8
4926,Edoardo Duca,ITA,DFMF,Modena,Serie B,28,6.4,575,ND,ND,1,10,226,15,78.2,,,8,0,1,0,,0,1,11,19,0.6,,,9,18,35,59,38,,,9,10,7,401,0.8,0.6
4927,Filippo Distefano,ITA,MFFW,Frosinone,Serie B,21,6.1,551,1.73,60.0,0,5,98,2,81.4,,,5,0,2,2,,2,1,7,16,2.3,,,5,9,10,53,17,,,8,9,7,178,0.6,2.3
4928,Alessandro Di Pardo,ITA,DF,Modena,Serie B,26,15.9,1435,1.82,74.0,2,21,345,50,75.2,,,5,1,4,2,,2,15,10,18,2.0,,,14,38,46,82,54,,,31,46,20,837,1.3,2.0
4929,Federico Di Francesco,ITA,MFFW,Palermo,Serie B,31,16.0,1444,1.78,71.0,6,10,429,16,70.8,,,11,0,7,1,,1,4,31,35,3.1,,,39,71,82,162,59,,,18,22,7,741,3.1,3.1
4930,Alessandro Dellavalle,ITA,DF,Modena,Serie B,21,22.2,1998,ND,ND,0,28,509,126,74.9,,,4,1,1,1,,1,26,6,20,0.7,,,9,26,57,34,91,,,60,86,38,1277,0.4,0.7
4931,Duccio Degl'Innocenti,ITA,MF,Spezia,Serie B,22,7.8,703,1.8,80.0,0,9,178,12,65.6,,,7,1,0,0,,0,4,8,19,1.6,,,8,26,27,45,35,,,18,22,10,368,0.6,1.6
4932,Grégoire Defrel,MTQ,FWMF,Modena,Serie B,34,13.1,1182,1.79,77.0,4,6,274,17,80.1,,,27,1,7,3,,3,1,16,33,4.4,,,10,14,37,83,28,,,13,14,9,507,1.9,4.4
4933,Manuel De Luca,ITA,FW,Cremonese,Serie B,27,18.4,1653,1.78,70.0,2,10,294,22,70.5,,,23,0,10,7,,8,3,19,55,7.6,,,6,13,18,124,31,,,8,11,5,541,2.6,8.4
4934,Ebrima Darboe,GAM,MF,Frosinone,Serie B,24,19.1,1715,1.78,70.0,1,15,516,21,84.9,,,14,1,3,2,,2,22,26,23,1.5,,,23,25,91,28,129,,,40,62,21,1075,1.6,1.5
4935,Marco D'Alessandro,ITA,DFFW,Catanzaro,Serie B,34,7.4,668,1.73,71.0,1,3,204,12,74.1,,,8,0,1,0,,0,6,11,14,0.4,,,12,22,15,56,29,,,9,15,6,304,1.2,0.4
4936,Matteo Cotali,ITA,DF,Modena,Serie B,28,21.4,1923,1.76,72.0,0,20,539,59,80.3,,,13,0,1,1,,1,27,8,24,0.5,,,17,15,80,60,77,,,53,80,39,1165,0.4,0.5
4937,Niccolò Corrado,ITA,DFMF,Brescia,Serie B,25,21.8,1963,ND,ND,2,32,589,76,67.2,,,12,0,3,1,,1,19,36,30,1.2,,,53,42,75,101,90,,,44,63,18,1228,3.7,1.2
4938,Mattia Compagnon,ITA,DFMF,Catanzaro,Serie B,23,13.2,1184,1.71,61.0,0,7,320,10,78.2,,,26,1,2,2,,2,8,12,35,2.2,,,6,43,21,110,43,,,4,12,3,474,0.6,2.2
4939,Michele Collocolo,ITA,MFDF,Cremonese,Serie B,25,25.3,2279,ND,ND,2,22,806,54,83.9,,,18,0,9,7,,7,22,29,36,3.1,,,28,78,107,157,128,,,40,62,29,1401,2.8,3.1
4940,Antonio Čolak,CRO,FW,Spezia,Serie B,31,7.7,690,1.88,73.0,2,8,124,8,72.3,,,11,0,3,1,,1,0,10,23,1.9,,,2,10,9,52,22,,,6,6,4,257,2.2,1.9
4941,Andrea Cistana,ITA,DF,Brescia,Serie B,28,19.0,1706,1.85,77.0,1,26,664,88,82.5,,,2,1,2,1,,1,19,6,15,1.0,,,3,22,80,7,61,,,34,53,21,1221,0.9,1.0
4942,Matteo Chichella,ITA,MF,Frosinone,Serie B,19,11.4,1025,ND,ND,0,8,257,11,89.3,,,4,0,1,1,,1,8,5,9,0.2,,,3,8,34,7,59,,,23,31,12,568,0.2,0.2
4943,Leonardo Cerri,ITA,FWMF,Carrarese,Serie B,22,12.1,1090,ND,ND,1,12,222,19,58.3,,,8,0,4,3,,3,0,13,37,1.7,,,8,10,31,47,31,,,7,7,4,436,1.2,1.7
4944,Raffaele Celia,ITA,DF,Cesena,Serie B,26,16.2,1457,ND,ND,1,8,399,41,81.1,,,10,0,1,0,,0,13,9,17,0.2,,,16,40,47,59,50,,,21,34,11,823,0.8,0.2
4945,Federico Ceccherini,ITA,DF,Cremonese,Serie B,33,13.2,1189,1.87,75.0,1,12,580,60,90.7,,,2,2,2,1,,1,21,1,11,0.6,,,5,7,57,9,52,,,22,43,16,969,0.3,0.6
4946,Cristian Cauz,ITA,DF,Modena,Serie B,28,18.6,1678,ND,ND,1,27,528,102,84.0,,,1,0,2,1,,1,20,5,10,1.2,,,2,10,57,16,44,,,29,49,20,1106,0.3,1.2
4947,Daniele Casiraghi,ITA,MF,Südtirol,Serie B,32,25.1,2257,ND,ND,3,21,720,27,64.6,,,38,1,8,2,,5,8,49,74,3.6,,,56,75,136,184,110,,,24,32,19,1375,4.2,6.0
4948,Pietro Candelari,ITA,MF,Spezia,Serie B,20,6.1,545,ND,ND,0,8,185,12,71.9,,,19,0,0,0,,0,3,11,26,1.4,,,8,23,18,38,33,,,23,26,12,331,0.6,1.4
4949,Fabrizio Caligara,ITA,MF,2 Teams,Serie B,25,6.1,547,1.8,71.0,0,8,149,12,68.5,,,4,0,0,0,,0,5,9,13,0.8,,,6,6,24,27,20,,,18,23,12,333,1.0,0.8
4950,Arturo Calabresi,ITA,DF,Pisa,Serie B,29,12.1,1090,1.86,75.0,1,15,310,68,72.8,,,4,0,1,0,,0,14,4,10,0.1,,,5,10,54,19,32,,,30,44,20,747,0.2,0.1
4951,Nicolò Buso,ITA,MFFW,Catanzaro,Serie B,25,4.7,423,ND,ND,0,3,121,5,85.8,,,8,0,1,1,,1,2,1,10,0.5,,,3,14,11,28,21,,,6,8,5,180,0.0,0.5
4952,Davide Buglio,ITA,MF,Juve Stabia,Serie B,27,24.9,2238,ND,ND,1,23,633,48,77.3,,,12,0,1,0,,0,15,24,15,0.9,,,19,13,90,25,100,,,28,43,17,1321,1.8,0.9
4953,Devid Bouah,ITA,DF,Carrarese,Serie B,23,15.0,1350,ND,ND,0,17,385,50,74.6,,,14,1,3,3,,3,8,13,22,2.3,,,14,45,20,88,38,,,28,36,18,738,0.7,2.3
4954,Giovanni Bonfanti,ITA,DF,Pisa,Serie B,22,19.0,1710,ND,ND,1,15,504,74,68.9,,,14,0,1,0,,0,21,9,27,1.3,,,22,29,65,36,70,,,38,59,23,1161,1.3,1.3
4955,Daniel Boloca,ROU,MF,Sassuolo,Serie B,26,29.9,2691,ND,ND,3,37,1150,52,90.5,,,29,0,7,4,,4,22,25,30,2.7,,,17,75,137,52,168,,,57,79,34,2047,1.3,2.7
4956,Emil Bohinen,NOR,MF,Frosinone,Serie B,26,11.2,1012,1.85,74.0,1,10,335,30,89.9,,,6,1,4,2,,3,11,13,13,0.5,,,3,15,37,5,57,,,23,34,14,684,1.2,1.3
4957,Alexis Blin,FRA,MFDF,Palermo,Serie B,28,15.2,1372,1.84,78.0,2,15,475,44,87.9,,,14,0,2,0,,0,9,16,18,0.4,,,1,3,41,19,53,,,29,38,14,868,1.3,0.4
4958,Dimitri Bisoli,ITA,MF,Brescia,Serie B,31,27.9,2512,1.8,75.0,6,53,690,75,71.8,,,7,1,7,1,,1,28,39,27,1.5,,,37,31,151,63,112,,,60,88,36,1548,4.7,1.5
4959,Gady Beyuku,FRA,DF,Modena,Serie B,19,6.7,601,ND,ND,0,6,209,24,83.0,,,6,0,2,2,,2,6,1,6,0.6,,,4,5,15,21,18,,,12,18,6,396,0.0,0.6
4960,Pietro Beruatto,ITA,DF,2 Teams,Serie B,26,20.6,1856,ND,ND,0,22,411,69,67.3,,,16,0,0,0,,0,17,24,27,0.3,,,33,34,69,87,76,,,38,55,23,997,1.7,0.3
4961,Bartosz Bereszyński,POL,DF,Sampdoria,Serie B,33,17.0,1530,1.82,78.0,0,21,599,52,81.9,,,10,1,0,0,,0,7,6,12,0.5,,,14,28,84,29,71,,,29,36,15,1119,0.8,0.5
4962,Ahmad Benali,LBY,MF,Bari,Serie B,33,31.2,2805,1.73,66.0,2,44,1270,59,85.9,,,19,1,3,1,,1,35,47,33,1.9,,,24,42,169,37,207,,,71,106,36,2211,3.4,1.9
4963,Niccolò Belloni,ITA,DFMF,Carrarese,Serie B,31,7.5,678,1.76,65.0,0,12,248,18,68.7,,,4,0,0,0,,0,4,9,15,0.5,,,12,20,33,39,44,,,19,23,11,482,0.4,0.5
4964,Nicola Bellomo,ITA,MFFW,Bari,Serie B,34,5.8,522,1.74,70.0,1,8,144,2,63.2,,,9,0,2,1,,1,2,15,12,1.2,,,15,12,19,31,20,,,4,6,2,261,1.4,1.2
4965,Alessandro Bellemo,ITA,MF,UC Sampdoria,Serie B,29,15.1,1361,ND,ND,1,21,262,33,76.7,,,10,0,2,1,,1,14,9,15,0.8,,,3,7,26,25,45,,,42,56,26,592,1.4,0.8
4966,Luca Belardinelli,ITA,MF,Südtirol,Serie B,24,5.4,487,ND,ND,0,5,93,9,52.2,,,2,0,0,0,,0,3,6,13,0.9,,,9,4,31,16,27,,,9,12,4,252,0.6,0.9
4967,Tjaš Begić,SVN,MFFW,Frosinone,Serie B,22,11.9,1069,ND,ND,0,8,354,14,76.6,,,14,0,1,1,,1,6,5,38,1.8,,,14,49,47,73,51,,,12,18,4,545,0.6,1.8
4968,Simone Bastoni,ITA,MF,Cesena,Serie B,28,24.0,2162,1.81,74.0,2,23,616,27,73.8,,,27,0,6,4,,4,29,35,30,3.5,,,18,30,95,64,115,,,44,73,25,1320,2.9,3.5
4969,Kevin Barcella,ITA,MF,Frosinone,Serie B,19,6.4,579,ND,ND,2,11,146,13,71.9,,,7,0,2,0,,0,3,7,12,0.2,,,6,6,14,29,33,,,16,19,13,276,0.3,0.2
4970,Gabriele Artistico,ITA,FW,2 Teams,Serie B,23,16.9,1522,1.88,68.0,1,8,216,16,55.9,,,24,0,8,7,,7,1,11,56,8.6,,,6,16,18,90,40,,,8,9,4,424,1.5,9.4
4971,Tommaso Arrigoni,ITA,MF,Südtirol,Serie B,31,17.8,1604,1.71,69.0,1,17,449,29,84.1,,,2,0,2,1,,1,23,20,12,0.6,,,8,12,86,27,65,,,18,41,13,1091,0.9,0.6
4972,Alessandro Arena,ITA,MF,Pisa,Serie B,24,8.3,749,ND,ND,1,9,266,7,73.0,,,14,0,3,1,,2,4,11,22,1.8,,,23,33,50,73,45,,,11,15,6,410,1.4,2.6
4973,Mirko Antonucci,ITA,MFFW,Cesena,Serie B,26,21.0,1891,ND,ND,2,14,462,19,76.3,,,18,0,6,4,,4,4,32,46,3.0,,,32,39,61,146,65,,,19,23,15,837,3.7,3.0
4974,Giuseppe Ambrosino,ITA,FWMF,Frosinone,Serie B,21,24.5,2209,ND,ND,3,15,452,34,73.6,,,25,1,8,5,,5,5,38,66,4.5,,,21,48,57,115,67,,,17,22,11,853,4.0,5.5
4975,Giacomo Poluzzi,ITA,GK,Südtirol,Serie B,37,18.0,1620,ND,ND,0,1,257,13,63.4,4.0,22.2,0,2,0,0,29.0,0,0,0,0,0.0,2.0,1.0,0,0,2,0,21,62.0,42.0,1,1,1,605,0.0,0.0
